#
# There is insufficient memory for the Java Runtime Environment to continue.
# Native memory allocation (malloc) failed to allocate 1706864 bytes. Error detail: Chunk::new
# Possible reasons:
#   The system is out of physical RAM or swap space
#   This process is running with CompressedOops enabled, and the Java Heap may be blocking the growth of the native heap
# Possible solutions:
#   Reduce memory load on the system
#   Increase physical memory or swap space
#   Check if swap backing store is full
#   Decrease Java heap size (-Xmx/-Xms)
#   Decrease number of Java threads
#   Decrease Java thread stack sizes (-Xss)
#   Set larger code cache with -XX:ReservedCodeCacheSize=
#   JVM is running with Zero Based Compressed Oops mode in which the Java heap is
#     placed in the first 32GB address space. The Java Heap base address is the
#     maximum limit for the native heap growth. Please use -XX:HeapBaseMinAddress
#     to set the Java Heap base and to place the Java Heap above 32GB virtual address.
# This output file may be truncated or incomplete.
#
#  Out of Memory Error (arena.cpp:168), pid=3140, tid=11776
#
# JRE version: OpenJDK Runtime Environment (21.0.7) (build 21.0.7+-13880790-b1038.58)
# Java VM: OpenJDK 64-Bit Server VM (21.0.7+-13880790-b1038.58, mixed mode, tiered, compressed oops, compressed class ptrs, g1 gc, windows-amd64)
# No core dump will be written. Minidumps are not enabled by default on client versions of Windows
#

---------------  S U M M A R Y ------------

Command Line: --add-opens=java.base/java.lang=ALL-UNNAMED --add-opens=java.base/java.lang.invoke=ALL-UNNAMED --add-opens=java.base/java.util=ALL-UNNAMED --add-opens=java.prefs/java.util.prefs=ALL-UNNAMED --add-exports=jdk.compiler/com.sun.tools.javac.api=ALL-UNNAMED --add-exports=jdk.compiler/com.sun.tools.javac.util=ALL-UNNAMED --add-opens=java.base/java.util=ALL-UNNAMED --add-opens=java.prefs/java.util.prefs=ALL-UNNAMED --add-opens=java.base/java.nio.charset=ALL-UNNAMED --add-opens=java.base/java.net=ALL-UNNAMED --add-opens=java.base/java.util.concurrent.atomic=ALL-UNNAMED --add-opens=java.xml/javax.xml.namespace=ALL-UNNAMED -XX:MaxMetaspaceSize=4G -XX:ReservedCodeCacheSize=512m -XX:+HeapDumpOnOutOfMemoryError -Xmx8G -Dfile.encoding=UTF-8 -Duser.country=US -Duser.language=en -Duser.variant -javaagent:C:\Users\athar\.gradle\wrapper\dists\gradle-8.12-all\ejduaidbjup3bmmkhw3rie4zb\gradle-8.12\lib\agents\gradle-instrumentation-agent-8.12.jar org.gradle.launcher.daemon.bootstrap.GradleDaemon 8.12

Host: AMD Ryzen 7 4800H with Radeon Graphics         , 16 cores, 15G,  Windows 11 , 64 bit Build 26100 (10.0.26100.6772)
Time: Tue Oct  7 16:51:02 2025 India Standard Time elapsed time: 4309.763315 seconds (0d 1h 11m 49s)

---------------  T H R E A D  ---------------

Current thread (0x000001d50fed4320):  JavaThread "C2 CompilerThread3" daemon [_thread_in_native, id=11776, stack(0x0000001bd7d00000,0x0000001bd7e00000) (1024K)]


Current CompileTask:
C2:4309763 145838       4       com.android.tools.r8.internal.av0::a (1252 bytes)

Stack: [0x0000001bd7d00000,0x0000001bd7e00000]
Native frames: (J=compiled Java code, j=interpreted, Vv=VM code, C=native code)
V  [jvm.dll+0x6d25c9]
V  [jvm.dll+0x860923]
V  [jvm.dll+0x862e7e]
V  [jvm.dll+0x863563]
V  [jvm.dll+0x27f156]
V  [jvm.dll+0xc002d]
V  [jvm.dll+0xc0563]
V  [jvm.dll+0x3b6d3b]
V  [jvm.dll+0x1de922]
V  [jvm.dll+0x247fc4]
V  [jvm.dll+0x247441]
V  [jvm.dll+0x1c5fb4]
V  [jvm.dll+0x256bac]
V  [jvm.dll+0x2550f6]
V  [jvm.dll+0x3f1d16]
V  [jvm.dll+0x808d08]
V  [jvm.dll+0x6d0e1d]
C  [ucrtbase.dll+0x37b0]
C  [KERNEL32.DLL+0x2e8d7]
C  [ntdll.dll+0x8c53c]


---------------  P R O C E S S  ---------------

Threads class SMR info:
_java_thread_list=0x000001d50f393100, length=293, elements={
0x000001d52f3035c0, 0x000001d5601ab390, 0x000001d5601b0490, 0x000001d5601b0b00,
0x000001d5601fe660, 0x000001d5601fecd0, 0x000001d5601ff340, 0x000001d5601e7df0,
0x000001d5601e8460, 0x000001d5601e8b10, 0x000001d5604c40a0, 0x000001d566334f10,
, , , ,
, , , |  0%| F|  |TAMS 0x000000064e000000| PB 0x000000064e000000| Untracked 
| 313|0x000000064e400000, 0x000000064e400000, 0x000000064e800000|  0%| F|  |TAMS 0x000000064e400000| PB 0x000000064e400000| Untracked 
| 314|0x000000064e800000, 0x000000064e800000, 0x000000064ec00000|  0%| F|  |TAMS 0x000000064e800000| PB 0x000000064e800000| Untracked 
| 315|0x000000064ec00000, 0x000000064ec00000, 0x000000064f000000|  0%| F|  |TAMS 0x000000064ec00000| PB 0x000000064ec00000| Untracked 
| 316|0x000000064f000000, 0x000000064f000000, 0x000000064f400000|  0%| F|  |TAMS 0x000000064f000000| PB 0x000000064f000000| Untracked 
| 317|0x000000064f400000, 0x000000064f400000, 0x000000064f800000|  0%| F|  |TAMS 0x000000064f400000| PB 0x000000064f400000| Untracked 
| 318|0x000000064f800000, 0x000000064f800000, 0x000000064fc00000|  0%| F|  |TAMS 0x000000064f800000| PB 0x000000064f800000| Untracked 
| 319|0x000000064fc00000, 0x000000064fc00000, 0x0000000650000000|  0%| F|  |TAMS 0x000000064fc00000| PB 0x000000064fc00000| Untracked 
| 320|0x0000000650000000, 0x0000000650000000, 0x0000000650400000|  0%| F|  |TAMS 0x0000000650000000| PB 0x0000000650000000| Untracked 
| 321|0x0000000650400000, 0x0000000650400000, 0x0000000650800000|  0%| F|  |TAMS 0x0000000650400000| PB 0x0000000650400000| Untracked 
| 322|0x0000000650800000, 0x0000000650800000, 0x0000000650c00000|  0%| F|  |TAMS 0x0000000650800000| PB 0x0000000650800000| Untracked 
| 323|0x0000000650c00000, 0x0000000650c00000, 0x0000000651000000|  0%| F|  |TAMS 0x0000000650c00000| PB 0x0000000650c00000| Untracked 
| 324|0x0000000651000000, 0x0000000651000000, 0x0000000651400000|  0%| F|  |TAMS 0x0000000651000000| PB 0x0000000651000000| Untracked 
| 325|0x0000000651400000, 0x0000000651400000, 0x0000000651800000|  0%| F|  |TAMS 0x0000000651400000| PB 0x0000000651400000| Untracked 
| 326|0x0000000651800000, 0x0000000651800000, 0x0000000651c00000|  0%| F|  |TAMS 0x0000000651800000| PB 0x0000000651800000| Untracked 
| 327|0x0000000651c00000, 0x0000000651c00000, 0x0000000652000000|  0%| F|  |TAMS 0x0000000651c00000| PB 0x0000000651c00000| Untracked 
| 328|0x0000000652000000, 0x0000000652000000, 0x0000000652400000|  0%| F|  |TAMS 0x0000000652000000| PB 0x0000000652000000| Untracked 
| 329|0x0000000652400000, 0x0000000652400000, 0x0000000652800000|  0%| F|  |TAMS 0x0000000652400000| PB 0x0000000652400000| Untracked 
| 330|0x0000000652800000, 0x0000000652800000, 0x0000000652c00000|  0%| F|  |TAMS 0x0000000652800000| PB 0x0000000652800000| Untracked 
| 331|0x0000000652c00000, 0x0000000652c00000, 0x0000000653000000|  0%| F|  |TAMS 0x0000000652c00000| PB 0x0000000652c00000| Untracked 
| 332|0x0000000653000000, 0x0000000653000000, 0x0000000653400000|  0%| F|  |TAMS 0x0000000653000000| PB 0x0000000653000000| Untracked 
| 333|0x0000000653400000, 0x0000000653400000, 0x0000000653800000|  0%| F|  |TAMS 0x0000000653400000| PB 0x0000000653400000| Untracked 
| 334|0x0000000653800000, 0x0000000653800000, 0x0000000653c00000|  0%| F|  |TAMS 0x0000000653800000| PB 0x0000000653800000| Untracked 
| 335|0x0000000653c00000, 0x0000000653c00000, 0x0000000654000000|  0%| F|  |TAMS 0x0000000653c00000| PB 0x0000000653c00000| Untracked 
| 336|0x0000000654000000, 0x0000000654000000, 0x0000000654400000|  0%| F|  |TAMS 0x0000000654000000| PB 0x0000000654000000| Untracked 
| 337|0x0000000654400000, 0x0000000654400000, 0x0000000654800000|  0%| F|  |TAMS 0x0000000654400000| PB 0x0000000654400000| Untracked 
| 338|0x0000000654800000, 0x0000000654800000, 0x0000000654c00000|  0%| F|  |TAMS 0x0000000654800000| PB 0x0000000654800000| Untracked 
| 339|0x0000000654c00000, 0x0000000654c00000, 0x0000000655000000|  0%| F|  |TAMS 0x0000000654c00000| PB 0x0000000654c00000| Untracked 
| 340|0x0000000655000000, 0x0000000655000000, 0x0000000655400000|  0%| F|  |TAMS 0x0000000655000000| PB 0x0000000655000000| Untracked 
| 341|0x0000000655400000, 0x0000000655400000, 0x0000000655800000|  0%| F|  |TAMS 0x0000000655400000| PB 0x0000000655400000| Untracked 
| 342|0x0000000655800000, 0x0000000655800000, 0x0000000655c00000|  0%| F|  |TAMS 0x0000000655800000| PB 0x0000000655800000| Untracked 
| 343|0x0000000655c00000, 0x0000000655c00000, 0x0000000656000000|  0%| F|  |TAMS 0x0000000655c00000| PB 0x0000000655c00000| Untracked 
| 344|0x0000000656000000, 0x0000000656000000, 0x0000000656400000|  0%| F|  |TAMS 0x0000000656000000| PB 0x0000000656000000| Untracked 
| 345|0x0000000656400000, 0x0000000656400000, 0x0000000656800000|  0%| F|  |TAMS 0x0000000656400000| PB 0x0000000656400000| Untracked 
| 346|0x0000000656800000, 0x0000000656800000, 0x0000000656c00000|  0%| F|  |TAMS 0x0000000656800000| PB 0x0000000656800000| Untracked 
| 347|0x0000000656c00000, 0x0000000656c00000, 0x0000000657000000|  0%| F|  |TAMS 0x0000000656c00000| PB 0x0000000656c00000| Untracked 
| 348|0x0000000657000000, 0x0000000657000000, 0x0000000657400000|  0%| F|  |TAMS 0x0000000657000000| PB 0x0000000657000000| Untracked 
| 349|0x0000000657400000, 0x0000000657400000, 0x0000000657800000|  0%| F|  |TAMS 0x0000000657400000| PB 0x0000000657400000| Untracked 
| 350|0x0000000657800000, 0x0000000657800000, 0x0000000657c00000|  0%| F|  |TAMS 0x0000000657800000| PB 0x0000000657800000| Untracked 
| 351|0x0000000657c00000, 0x0000000657c00000, 0x0000000658000000|  0%| F|  |TAMS 0x0000000657c00000| PB 0x0000000657c00000| Untracked 
| 352|0x0000000658000000, 0x0000000658000000, 0x0000000658400000|  0%| F|  |TAMS 0x0000000658000000| PB 0x0000000658000000| Untracked 
| 353|0x0000000658400000, 0x0000000658400000, 0x0000000658800000|  0%| F|  |TAMS 0x0000000658400000| PB 0x0000000658400000| Untracked 
| 354|0x0000000658800000, 0x0000000658800000, 0x0000000658c00000|  0%| F|  |TAMS 0x0000000658800000| PB 0x0000000658800000| Untracked 
| 355|0x0000000658c00000, 0x0000000658c00000, 0x0000000659000000|  0%| F|  |TAMS 0x0000000658c00000| PB 0x0000000658c00000| Untracked 
| 356|0x0000000659000000, 0x0000000659000000, 0x0000000659400000|  0%| F|  |TAMS 0x0000000659000000| PB 0x0000000659000000| Untracked 
| 357|0x0000000659400000, 0x0000000659400000, 0x0000000659800000|  0%| F|  |TAMS 0x0000000659400000| PB 0x0000000659400000| Untracked 
| 358|0x0000000659800000, 0x0000000659800000, 0x0000000659c00000|  0%| F|  |TAMS 0x0000000659800000| PB 0x0000000659800000| Untracked 
| 359|0x0000000659c00000, 0x0000000659c00000, 0x000000065a000000|  0%| F|  |TAMS 0x0000000659c00000| PB 0x0000000659c00000| Untracked 
| 360|0x000000065a000000, 0x000000065a000000, 0x000000065a400000|  0%| F|  |TAMS 0x000000065a000000| PB 0x000000065a000000| Untracked 
| 361|0x000000065a400000, 0x000000065a400000, 0x000000065a800000|  0%| F|  |TAMS 0x000000065a400000| PB 0x000000065a400000| Untracked 
| 362|0x000000065a800000, 0x000000065a800000, 0x000000065ac00000|  0%| F|  |TAMS 0x000000065a800000| PB 0x000000065a800000| Untracked 
| 363|0x000000065ac00000, 0x000000065ac00000, 0x000000065b000000|  0%| F|  |TAMS 0x000000065ac00000| PB 0x000000065ac00000| Untracked 
| 364|0x000000065b000000, 0x000000065b000000, 0x000000065b400000|  0%| F|  |TAMS 0x000000065b000000| PB 0x000000065b000000| Untracked 
| 365|0x000000065b400000, 0x000000065b400000, 0x000000065b800000|  0%| F|  |TAMS 0x000000065b400000| PB 0x000000065b400000| Untracked 
| 366|0x000000065b800000, 0x000000065b800000, 0x000000065bc00000|  0%| F|  |TAMS 0x000000065b800000| PB 0x000000065b800000| Untracked 
| 367|0x000000065bc00000, 0x000000065bc00000, 0x000000065c000000|  0%| F|  |TAMS 0x000000065bc00000| PB 0x000000065bc00000| Untracked 
| 368|0x000000065c000000, 0x000000065c000000, 0x000000065c400000|  0%| F|  |TAMS 0x000000065c000000| PB 0x000000065c000000| Untracked 
| 369|0x000000065c400000, 0x000000065c400000, 0x000000065c800000|  0%| F|  |TAMS 0x000000065c400000| PB 0x000000065c400000| Untracked 
| 370|0x000000065c800000, 0x000000065c800000, 0x000000065cc00000|  0%| F|  |TAMS 0x000000065c800000| PB 0x000000065c800000| Untracked 
| 371|0x000000065cc00000, 0x000000065cc00000, 0x000000065d000000|  0%| F|  |TAMS 0x000000065cc00000| PB 0x000000065cc00000| Untracked 
| 372|0x000000065d000000, 0x000000065d000000, 0x000000065d400000|  0%| F|  |TAMS 0x000000065d000000| PB 0x000000065d000000| Untracked 
| 373|0x000000065d400000, 0x000000065d400000, 0x000000065d800000|  0%| F|  |TAMS 0x000000065d400000| PB 0x000000065d400000| Untracked 
| 374|0x000000065d800000, 0x000000065d800000, 0x000000065dc00000|  0%| F|  |TAMS 0x000000065d800000| PB 0x000000065d800000| Untracked 
| 375|0x000000065dc00000, 0x000000065dc00000, 0x000000065e000000|  0%| F|  |TAMS 0x000000065dc00000| PB 0x000000065dc00000| Untracked 
| 376|0x000000065e000000, 0x000000065e000000, 0x000000065e400000|  0%| F|  |TAMS 0x000000065e000000| PB 0x000000065e000000| Untracked 
| 377|0x000000065e400000, 0x000000065e400000, 0x000000065e800000|  0%| F|  |TAMS 0x000000065e400000| PB 0x000000065e400000| Untracked 
| 378|0x000000065e800000, 0x000000065e800000, 0x000000065ec00000|  0%| F|  |TAMS 0x000000065e800000| PB 0x000000065e800000| Untracked 
| 379|0x000000065ec00000, 0x000000065ec00000, 0x000000065f000000|  0%| F|  |TAMS 0x000000065ec00000| PB 0x000000065ec00000| Untracked 
| 380|0x000000065f000000, 0x000000065f000000, 0x000000065f400000|  0%| F|  |TAMS 0x000000065f000000| PB 0x000000065f000000| Untracked 
| 381|0x000000065f400000, 0x000000065f400000, 0x000000065f800000|  0%| F|  |TAMS 0x000000065f400000| PB 0x000000065f400000| Untracked 
| 382|0x000000065f800000, 0x000000065f800000, 0x000000065fc00000|  0%| F|  |TAMS 0x000000065f800000| PB 0x000000065f800000| Untracked 
| 383|0x000000065fc00000, 0x000000065fc00000, 0x0000000660000000|  0%| F|  |TAMS 0x000000065fc00000| PB 0x000000065fc00000| Untracked 
| 384|0x0000000660000000, 0x0000000660000000, 0x0000000660400000|  0%| F|  |TAMS 0x0000000660000000| PB 0x0000000660000000| Untracked 
| 385|0x0000000660400000, 0x0000000660400000, 0x0000000660800000|  0%| F|  |TAMS 0x0000000660400000| PB 0x0000000660400000| Untracked 
| 386|0x0000000660800000, 0x0000000660800000, 0x0000000660c00000|  0%| F|  |TAMS 0x0000000660800000| PB 0x0000000660800000| Untracked 
| 387|0x0000000660c00000, 0x0000000660c00000, 0x0000000661000000|  0%| F|  |TAMS 0x0000000660c00000| PB 0x0000000660c00000| Untracked 
| 388|0x0000000661000000, 0x0000000661000000, 0x0000000661400000|  0%| F|  |TAMS 0x0000000661000000| PB 0x0000000661000000| Untracked 
| 389|0x0000000661400000, 0x0000000661400000, 0x0000000661800000|  0%| F|  |TAMS 0x0000000661400000| PB 0x0000000661400000| Untracked 
| 390|0x0000000661800000, 0x0000000661800000, 0x0000000661c00000|  0%| F|  |TAMS 0x0000000661800000| PB 0x0000000661800000| Untracked 
| 391|0x0000000661c00000, 0x0000000661c00000, 0x0000000662000000|  0%| F|  |TAMS 0x0000000661c00000| PB 0x0000000661c00000| Untracked 
| 392|0x0000000662000000, 0x0000000662000000, 0x0000000662400000|  0%| F|  |TAMS 0x0000000662000000| PB 0x0000000662000000| Untracked 
| 393|0x0000000662400000, 0x0000000662400000, 0x0000000662800000|  0%| F|  |TAMS 0x0000000662400000| PB 0x0000000662400000| Untracked 
| 394|0x0000000662800000, 0x0000000662800000, 0x0000000662c00000|  0%| F|  |TAMS 0x0000000662800000| PB 0x0000000662800000| Untracked 
| 395|0x0000000662c00000, 0x0000000662c00000, 0x0000000663000000|  0%| F|  |TAMS 0x0000000662c00000| PB 0x0000000662c00000| Untracked 
| 396|0x0000000663000000, 0x0000000663000000, 0x0000000663400000|  0%| F|  |TAMS 0x0000000663000000| PB 0x0000000663000000| Untracked 
| 397|0x0000000663400000, 0x0000000663400000, 0x0000000663800000|  0%| F|  |TAMS 0x0000000663400000| PB 0x0000000663400000| Untracked 
| 398|0x0000000663800000, 0x0000000663800000, 0x0000000663c00000|  0%| F|  |TAMS 0x0000000663800000| PB 0x0000000663800000| Untracked 
| 399|0x0000000663c00000, 0x0000000663c00000, 0x0000000664000000|  0%| F|  |TAMS 0x0000000663c00000| PB 0x0000000663c00000| Untracked 
| 400|0x0000000664000000, 0x0000000664000000, 0x0000000664400000|  0%| F|  |TAMS 0x0000000664000000| PB 0x0000000664000000| Untracked 
| 401|0x0000000664400000, 0x0000000664400000, 0x0000000664800000|  0%| F|  |TAMS 0x0000000664400000| PB 0x0000000664400000| Untracked 
| 402|0x0000000664800000, 0x0000000664800000, 0x0000000664c00000|  0%| F|  |TAMS 0x0000000664800000| PB 0x0000000664800000| Untracked 
| 403|0x0000000664c00000, 0x0000000664c00000, 0x0000000665000000|  0%| F|  |TAMS 0x0000000664c00000| PB 0x0000000664c00000| Untracked 
| 404|0x0000000665000000, 0x0000000665000000, 0x0000000665400000|  0%| F|  |TAMS 0x0000000665000000| PB 0x0000000665000000| Untracked 
| 405|0x0000000665400000, 0x0000000665400000, 0x0000000665800000|  0%| F|  |TAMS 0x0000000665400000| PB 0x0000000665400000| Untracked 
| 406|0x0000000665800000, 0x0000000665800000, 0x0000000665c00000|  0%| F|  |TAMS 0x0000000665800000| PB 0x0000000665800000| Untracked 
| 407|0x0000000665c00000, 0x0000000665c00000, 0x0000000666000000|  0%| F|  |TAMS 0x0000000665c00000| PB 0x0000000665c00000| Untracked 
| 408|0x0000000666000000, 0x0000000666000000, 0x0000000666400000|  0%| F|  |TAMS 0x0000000666000000| PB 0x0000000666000000| Untracked 
| 409|0x0000000666400000, 0x0000000666400000, 0x0000000666800000|  0%| F|  |TAMS 0x0000000666400000| PB 0x0000000666400000| Untracked 
| 410|0x0000000666800000, 0x0000000666800000, 0x0000000666c00000|  0%| F|  |TAMS 0x0000000666800000| PB 0x0000000666800000| Untracked 
| 411|0x0000000666c00000, 0x0000000666c00000, 0x0000000667000000|  0%| F|  |TAMS 0x0000000666c00000| PB 0x0000000666c00000| Untracked 
| 412|0x0000000667000000, 0x0000000667000000, 0x0000000667400000|  0%| F|  |TAMS 0x0000000667000000| PB 0x0000000667000000| Untracked 
| 413|0x0000000667400000, 0x0000000667400000, 0x0000000667800000|  0%| F|  |TAMS 0x0000000667400000| PB 0x0000000667400000| Untracked 
| 414|0x0000000667800000, 0x0000000667800000, 0x0000000667c00000|  0%| F|  |TAMS 0x0000000667800000| PB 0x0000000667800000| Untracked 
| 415|0x0000000667c00000, 0x0000000667c00000, 0x0000000668000000|  0%| F|  |TAMS 0x0000000667c00000| PB 0x0000000667c00000| Untracked 
| 416|0x0000000668000000, 0x0000000668000000, 0x0000000668400000|  0%| F|  |TAMS 0x0000000668000000| PB 0x0000000668000000| Untracked 
| 417|0x0000000668400000, 0x0000000668400000, 0x0000000668800000|  0%| F|  |TAMS 0x0000000668400000| PB 0x0000000668400000| Untracked 
| 418|0x0000000668800000, 0x0000000668800000, 0x0000000668c00000|  0%| F|  |TAMS 0x0000000668800000| PB 0x0000000668800000| Untracked 
| 419|0x0000000668c00000, 0x0000000668c00000, 0x0000000669000000|  0%| F|  |TAMS 0x0000000668c00000| PB 0x0000000668c00000| Untracked 
| 420|0x0000000669000000, 0x0000000669000000, 0x0000000669400000|  0%| F|  |TAMS 0x0000000669000000| PB 0x0000000669000000| Untracked 
| 421|0x0000000669400000, 0x0000000669400000, 0x0000000669800000|  0%| F|  |TAMS 0x0000000669400000| PB 0x0000000669400000| Untracked 
| 422|0x0000000669800000, 0x0000000669800000, 0x0000000669c00000|  0%| F|  |TAMS 0x0000000669800000| PB 0x0000000669800000| Untracked 
| 423|0x0000000669c00000, 0x0000000669c00000, 0x000000066a000000|  0%| F|  |TAMS 0x0000000669c00000| PB 0x0000000669c00000| Untracked 
| 424|0x000000066a000000, 0x000000066a000000, 0x000000066a400000|  0%| F|  |TAMS 0x000000066a000000| PB 0x000000066a000000| Untracked 
| 425|0x000000066a400000, 0x000000066a400000, 0x000000066a800000|  0%| F|  |TAMS 0x000000066a400000| PB 0x000000066a400000| Untracked 
| 426|0x000000066a800000, 0x000000066a800000, 0x000000066ac00000|  0%| F|  |TAMS 0x000000066a800000| PB 0x000000066a800000| Untracked 
| 427|0x000000066ac00000, 0x000000066ac00000, 0x000000066b000000|  0%| F|  |TAMS 0x000000066ac00000| PB 0x000000066ac00000| Untracked 
| 428|0x000000066b000000, 0x000000066b000000, 0x000000066b400000|  0%| F|  |TAMS 0x000000066b000000| PB 0x000000066b000000| Untracked 
| 429|0x000000066b400000, 0x000000066b400000, 0x000000066b800000|  0%| F|  |TAMS 0x000000066b400000| PB 0x000000066b400000| Untracked 
| 430|0x000000066b800000, 0x000000066b800000, 0x000000066bc00000|  0%| F|  |TAMS 0x000000066b800000| PB 0x000000066b800000| Untracked 
| 431|0x000000066bc00000, 0x000000066bc00000, 0x000000066c000000|  0%| F|  |TAMS 0x000000066bc00000| PB 0x000000066bc00000| Untracked 
| 432|0x000000066c000000, 0x000000066c000000, 0x000000066c400000|  0%| F|  |TAMS 0x000000066c000000| PB 0x000000066c000000| Untracked 
| 433|0x000000066c400000, 0x000000066c400000, 0x000000066c800000|  0%| F|  |TAMS 0x000000066c400000| PB 0x000000066c400000| Untracked 
| 434|0x000000066c800000, 0x000000066c800000, 0x000000066cc00000|  0%| F|  |TAMS 0x000000066c800000| PB 0x000000066c800000| Untracked 
| 435|0x000000066cc00000, 0x000000066cc00000, 0x000000066d000000|  0%| F|  |TAMS 0x000000066cc00000| PB 0x000000066cc00000| Untracked 
| 436|0x000000066d000000, 0x000000066d000000, 0x000000066d400000|  0%| F|  |TAMS 0x000000066d000000| PB 0x000000066d000000| Untracked 
| 437|0x000000066d400000, 0x000000066d400000, 0x000000066d800000|  0%| F|  |TAMS 0x000000066d400000| PB 0x000000066d400000| Untracked 
| 438|0x000000066d800000, 0x000000066d800000, 0x000000066dc00000|  0%| F|  |TAMS 0x000000066d800000| PB 0x000000066d800000| Untracked 
| 439|0x000000066dc00000, 0x000000066dc00000, 0x000000066e000000|  0%| F|  |TAMS 0x000000066dc00000| PB 0x000000066dc00000| Untracked 
| 440|0x000000066e000000, 0x000000066e000000, 0x000000066e400000|  0%| F|  |TAMS 0x000000066e000000| PB 0x000000066e000000| Untracked 
| 441|0x000000066e400000, 0x000000066e400000, 0x000000066e800000|  0%| F|  |TAMS 0x000000066e400000| PB 0x000000066e400000| Untracked 
| 442|0x000000066e800000, 0x000000066e800000, 0x000000066ec00000|  0%| F|  |TAMS 0x000000066e800000| PB 0x000000066e800000| Untracked 
| 443|0x000000066ec00000, 0x000000066ec00000, 0x000000066f000000|  0%| F|  |TAMS 0x000000066ec00000| PB 0x000000066ec00000| Untracked 
| 444|0x000000066f000000, 0x000000066f000000, 0x000000066f400000|  0%| F|  |TAMS 0x000000066f000000| PB 0x000000066f000000| Untracked 
| 445|0x000000066f400000, 0x000000066f400000, 0x000000066f800000|  0%| F|  |TAMS 0x000000066f400000| PB 0x000000066f400000| Untracked 
| 446|0x000000066f800000, 0x000000066f800000, 0x000000066fc00000|  0%| F|  |TAMS 0x000000066f800000| PB 0x000000066f800000| Untracked 
| 447|0x000000066fc00000, 0x000000066fc00000, 0x0000000670000000|  0%| F|  |TAMS 0x000000066fc00000| PB 0x000000066fc00000| Untracked 
| 448|0x0000000670000000, 0x0000000670000000, 0x0000000670400000|  0%| F|  |TAMS 0x0000000670000000| PB 0x0000000670000000| Untracked 
| 449|0x0000000670400000, 0x0000000670400000, 0x0000000670800000|  0%| F|  |TAMS 0x0000000670400000| PB 0x0000000670400000| Untracked 
| 450|0x0000000670800000, 0x0000000670800000, 0x0000000670c00000|  0%| F|  |TAMS 0x0000000670800000| PB 0x0000000670800000| Untracked 
| 451|0x0000000670c00000, 0x0000000670c00000, 0x0000000671000000|  0%| F|  |TAMS 0x0000000670c00000| PB 0x0000000670c00000| Untracked 
| 452|0x0000000671000000, 0x0000000671000000, 0x0000000671400000|  0%| F|  |TAMS 0x0000000671000000| PB 0x0000000671000000| Untracked 
| 453|0x0000000671400000, 0x0000000671400000, 0x0000000671800000|  0%| F|  |TAMS 0x0000000671400000| PB 0x0000000671400000| Untracked 
| 454|0x0000000671800000, 0x0000000671800000, 0x0000000671c00000|  0%| F|  |TAMS 0x0000000671800000| PB 0x0000000671800000| Untracked 
| 455|0x0000000671c00000, 0x0000000671c00000, 0x0000000672000000|  0%| F|  |TAMS 0x0000000671c00000| PB 0x0000000671c00000| Untracked 
| 456|0x0000000672000000, 0x0000000672000000, 0x0000000672400000|  0%| F|  |TAMS 0x0000000672000000| PB 0x0000000672000000| Untracked 
| 457|0x0000000672400000, 0x0000000672400000, 0x0000000672800000|  0%| F|  |TAMS 0x0000000672400000| PB 0x0000000672400000| Untracked 
| 458|0x0000000672800000, 0x0000000672800000, 0x0000000672c00000|  0%| F|  |TAMS 0x0000000672800000| PB 0x0000000672800000| Untracked 
| 459|0x0000000672c00000, 0x0000000672c00000, 0x0000000673000000|  0%| F|  |TAMS 0x0000000672c00000| PB 0x0000000672c00000| Untracked 
| 460|0x0000000673000000, 0x0000000673000000, 0x0000000673400000|  0%| F|  |TAMS 0x0000000673000000| PB 0x0000000673000000| Untracked 
| 461|0x0000000673400000, 0x0000000673400000, 0x0000000673800000|  0%| F|  |TAMS 0x0000000673400000| PB 0x0000000673400000| Untracked 
| 462|0x0000000673800000, 0x0000000673800000, 0x0000000673c00000|  0%| F|  |TAMS 0x0000000673800000| PB 0x0000000673800000| Untracked 
| 463|0x0000000673c00000, 0x0000000673c00000, 0x0000000674000000|  0%| F|  |TAMS 0x0000000673c00000| PB 0x0000000673c00000| Untracked 
| 464|0x0000000674000000, 0x0000000674000000, 0x0000000674400000|  0%| F|  |TAMS 0x0000000674000000| PB 0x0000000674000000| Untracked 
| 465|0x0000000674400000, 0x0000000674400000, 0x0000000674800000|  0%| F|  |TAMS 0x0000000674400000| PB 0x0000000674400000| Untracked 
| 466|0x0000000674800000, 0x0000000674800000, 0x0000000674c00000|  0%| F|  |TAMS 0x0000000674800000| PB 0x0000000674800000| Untracked 
| 467|0x0000000674c00000, 0x0000000674c00000, 0x0000000675000000|  0%| F|  |TAMS 0x0000000674c00000| PB 0x0000000674c00000| Untracked 
| 468|0x0000000675000000, 0x0000000675000000, 0x0000000675400000|  0%| F|  |TAMS 0x0000000675000000| PB 0x0000000675000000| Untracked 
| 469|0x0000000675400000, 0x0000000675400000, 0x0000000675800000|  0%| F|  |TAMS 0x0000000675400000| PB 0x0000000675400000| Untracked 
| 470|0x0000000675800000, 0x0000000675800000, 0x0000000675c00000|  0%| F|  |TAMS 0x0000000675800000| PB 0x0000000675800000| Untracked 
| 471|0x0000000675c00000, 0x0000000675c00000, 0x0000000676000000|  0%| F|  |TAMS 0x0000000675c00000| PB 0x0000000675c00000| Untracked 
| 472|0x0000000676000000, 0x0000000676000000, 0x0000000676400000|  0%| F|  |TAMS 0x0000000676000000| PB 0x0000000676000000| Untracked 
| 473|0x0000000676400000, 0x0000000676400000, 0x0000000676800000|  0%| F|  |TAMS 0x0000000676400000| PB 0x0000000676400000| Untracked 
| 474|0x0000000676800000, 0x0000000676800000, 0x0000000676c00000|  0%| F|  |TAMS 0x0000000676800000| PB 0x0000000676800000| Untracked 
| 475|0x0000000676c00000, 0x0000000676c00000, 0x0000000677000000|  0%| F|  |TAMS 0x0000000676c00000| PB 0x0000000676c00000| Untracked 
| 476|0x0000000677000000, 0x0000000677000000, 0x0000000677400000|  0%| F|  |TAMS 0x0000000677000000| PB 0x0000000677000000| Untracked 
| 477|0x0000000677400000, 0x0000000677400000, 0x0000000677800000|  0%| F|  |TAMS 0x0000000677400000| PB 0x0000000677400000| Untracked 
| 478|0x0000000677800000, 0x0000000677800000, 0x0000000677c00000|  0%| F|  |TAMS 0x0000000677800000| PB 0x0000000677800000| Untracked 
| 479|0x0000000677c00000, 0x0000000677c00000, 0x0000000678000000|  0%| F|  |TAMS 0x0000000677c00000| PB 0x0000000677c00000| Untracked 
| 480|0x0000000678000000, 0x0000000678000000, 0x0000000678400000|  0%| F|  |TAMS 0x0000000678000000| PB 0x0000000678000000| Untracked 
| 481|0x0000000678400000, 0x0000000678400000, 0x0000000678800000|  0%| F|  |TAMS 0x0000000678400000| PB 0x0000000678400000| Untracked 
| 482|0x0000000678800000, 0x0000000678800000, 0x0000000678c00000|  0%| F|  |TAMS 0x0000000678800000| PB 0x0000000678800000| Untracked 
| 483|0x0000000678c00000, 0x0000000678c00000, 0x0000000679000000|  0%| F|  |TAMS 0x0000000678c00000| PB 0x0000000678c00000| Untracked 
| 484|0x0000000679000000, 0x0000000679000000, 0x0000000679400000|  0%| F|  |TAMS 0x0000000679000000| PB 0x0000000679000000| Untracked 
| 485|0x0000000679400000, 0x0000000679400000, 0x0000000679800000|  0%| F|  |TAMS 0x0000000679400000| PB 0x0000000679400000| Untracked 
| 486|0x0000000679800000, 0x0000000679800000, 0x0000000679c00000|  0%| F|  |TAMS 0x0000000679800000| PB 0x0000000679800000| Untracked 
| 487|0x0000000679c00000, 0x0000000679c00000, 0x000000067a000000|  0%| F|  |TAMS 0x0000000679c00000| PB 0x0000000679c00000| Untracked 
| 488|0x000000067a000000, 0x000000067a000000, 0x000000067a400000|  0%| F|  |TAMS 0x000000067a000000| PB 0x000000067a000000| Untracked 
| 489|0x000000067a400000, 0x000000067a400000, 0x000000067a800000|  0%| F|  |TAMS 0x000000067a400000| PB 0x000000067a400000| Untracked 
| 490|0x000000067a800000, 0x000000067a800000, 0x000000067ac00000|  0%| F|  |TAMS 0x000000067a800000| PB 0x000000067a800000| Untracked 
| 491|0x000000067ac00000, 0x000000067ac00000, 0x000000067b000000|  0%| F|  |TAMS 0x000000067ac00000| PB 0x000000067ac00000| Untracked 
| 492|0x000000067b000000, 0x000000067b000000, 0x000000067b400000|  0%| F|  |TAMS 0x000000067b000000| PB 0x000000067b000000| Untracked 
| 493|0x000000067b400000, 0x000000067b400000, 0x000000067b800000|  0%| F|  |TAMS 0x000000067b400000| PB 0x000000067b400000| Untracked 
| 494|0x000000067b800000, 0x000000067b800000, 0x000000067bc00000|  0%| F|  |TAMS 0x000000067b800000| PB 0x000000067b800000| Untracked 
| 495|0x000000067bc00000, 0x000000067bc00000, 0x000000067c000000|  0%| F|  |TAMS 0x000000067bc00000| PB 0x000000067bc00000| Untracked 
| 496|0x000000067c000000, 0x000000067c000000, 0x000000067c400000|  0%| F|  |TAMS 0x000000067c000000| PB 0x000000067c000000| Untracked 
| 497|0x000000067c400000, 0x000000067c400000, 0x000000067c800000|  0%| F|  |TAMS 0x000000067c400000| PB 0x000000067c400000| Untracked 
| 498|0x000000067c800000, 0x000000067c800000, 0x000000067cc00000|  0%| F|  |TAMS 0x000000067c800000| PB 0x000000067c800000| Untracked 
| 499|0x000000067cc00000, 0x000000067cc00000, 0x000000067d000000|  0%| F|  |TAMS 0x000000067cc00000| PB 0x000000067cc00000| Untracked 
| 500|0x000000067d000000, 0x000000067d000000, 0x000000067d400000|  0%| F|  |TAMS 0x000000067d000000| PB 0x000000067d000000| Untracked 
| 501|0x000000067d400000, 0x000000067d400000, 0x000000067d800000|  0%| F|  |TAMS 0x000000067d400000| PB 0x000000067d400000| Untracked 
| 502|0x000000067d800000, 0x000000067d800000, 0x000000067dc00000|  0%| F|  |TAMS 0x000000067d800000| PB 0x000000067d800000| Untracked 
| 503|0x000000067dc00000, 0x000000067dc00000, 0x000000067e000000|  0%| F|  |TAMS 0x000000067dc00000| PB 0x000000067dc00000| Untracked 
| 504|0x000000067e000000, 0x000000067e000000, 0x000000067e400000|  0%| F|  |TAMS 0x000000067e000000| PB 0x000000067e000000| Untracked 
| 505|0x000000067e400000, 0x000000067e400000, 0x000000067e800000|  0%| F|  |TAMS 0x000000067e400000| PB 0x000000067e400000| Untracked 
| 506|0x000000067e800000, 0x000000067e800000, 0x000000067ec00000|  0%| F|  |TAMS 0x000000067e800000| PB 0x000000067e800000| Untracked 
| 507|0x000000067ec00000, 0x000000067ec00000, 0x000000067f000000|  0%| F|  |TAMS 0x000000067ec00000| PB 0x000000067ec00000| Untracked 
| 508|0x000000067f000000, 0x000000067f000000, 0x000000067f400000|  0%| F|  |TAMS 0x000000067f000000| PB 0x000000067f000000| Untracked 
| 509|0x000000067f400000, 0x000000067f400000, 0x000000067f800000|  0%| F|  |TAMS 0x000000067f400000| PB 0x000000067f400000| Untracked 
| 510|0x000000067f800000, 0x000000067f800000, 0x000000067fc00000|  0%| F|  |TAMS 0x000000067f800000| PB 0x000000067f800000| Untracked 
| 511|0x000000067fc00000, 0x000000067fc00000, 0x0000000680000000|  0%| F|  |TAMS 0x000000067fc00000| PB 0x000000067fc00000| Untracked 
| 512|0x0000000680000000, 0x0000000680000000, 0x0000000680400000|  0%| F|  |TAMS 0x0000000680000000| PB 0x0000000680000000| Untracked 
| 513|0x0000000680400000, 0x0000000680400000, 0x0000000680800000|  0%| F|  |TAMS 0x0000000680400000| PB 0x0000000680400000| Untracked 
| 514|0x0000000680800000, 0x0000000680800000, 0x0000000680c00000|  0%| F|  |TAMS 0x0000000680800000| PB 0x0000000680800000| Untracked 
| 515|0x0000000680c00000, 0x0000000680c00000, 0x0000000681000000|  0%| F|  |TAMS 0x0000000680c00000| PB 0x0000000680c00000| Untracked 
| 516|0x0000000681000000, 0x0000000681000000, 0x0000000681400000|  0%| F|  |TAMS 0x0000000681000000| PB 0x0000000681000000| Untracked 
| 517|0x0000000681400000, 0x0000000681400000, 0x0000000681800000|  0%| F|  |TAMS 0x0000000681400000| PB 0x0000000681400000| Untracked 
| 518|0x0000000681800000, 0x0000000681800000, 0x0000000681c00000|  0%| F|  |TAMS 0x0000000681800000| PB 0x0000000681800000| Untracked 
| 519|0x0000000681c00000, 0x0000000681c00000, 0x0000000682000000|  0%| F|  |TAMS 0x0000000681c00000| PB 0x0000000681c00000| Untracked 
| 520|0x0000000682000000, 0x0000000682000000, 0x0000000682400000|  0%| F|  |TAMS 0x0000000682000000| PB 0x0000000682000000| Untracked 
| 521|0x0000000682400000, 0x0000000682400000, 0x0000000682800000|  0%| F|  |TAMS 0x0000000682400000| PB 0x0000000682400000| Untracked 
| 522|0x0000000682800000, 0x0000000682800000, 0x0000000682c00000|  0%| F|  |TAMS 0x0000000682800000| PB 0x0000000682800000| Untracked 
| 523|0x0000000682c00000, 0x0000000682c00000, 0x0000000683000000|  0%| F|  |TAMS 0x0000000682c00000| PB 0x0000000682c00000| Untracked 
| 524|0x0000000683000000, 0x0000000683000000, 0x0000000683400000|  0%| F|  |TAMS 0x0000000683000000| PB 0x0000000683000000| Untracked 
| 525|0x0000000683400000, 0x0000000683400000, 0x0000000683800000|  0%| F|  |TAMS 0x0000000683400000| PB 0x0000000683400000| Untracked 
| 526|0x0000000683800000, 0x0000000683800000, 0x0000000683c00000|  0%| F|  |TAMS 0x0000000683800000| PB 0x0000000683800000| Untracked 
| 527|0x0000000683c00000, 0x0000000683c00000, 0x0000000684000000|  0%| F|  |TAMS 0x0000000683c00000| PB 0x0000000683c00000| Untracked 
| 528|0x0000000684000000, 0x0000000684000000, 0x0000000684400000|  0%| F|  |TAMS 0x0000000684000000| PB 0x0000000684000000| Untracked 
| 529|0x0000000684400000, 0x0000000684400000, 0x0000000684800000|  0%| F|  |TAMS 0x0000000684400000| PB 0x0000000684400000| Untracked 
| 530|0x0000000684800000, 0x0000000684800000, 0x0000000684c00000|  0%| F|  |TAMS 0x0000000684800000| PB 0x0000000684800000| Untracked 
| 531|0x0000000684c00000, 0x0000000684c00000, 0x0000000685000000|  0%| F|  |TAMS 0x0000000684c00000| PB 0x0000000684c00000| Untracked 
| 532|0x0000000685000000, 0x0000000685000000, 0x0000000685400000|  0%| F|  |TAMS 0x0000000685000000| PB 0x0000000685000000| Untracked 
| 533|0x0000000685400000, 0x0000000685400000, 0x0000000685800000|  0%| F|  |TAMS 0x0000000685400000| PB 0x0000000685400000| Untracked 
| 534|0x0000000685800000, 0x0000000685800000, 0x0000000685c00000|  0%| F|  |TAMS 0x0000000685800000| PB 0x0000000685800000| Untracked 
| 535|0x0000000685c00000, 0x0000000685c00000, 0x0000000686000000|  0%| F|  |TAMS 0x0000000685c00000| PB 0x0000000685c00000| Untracked 
| 536|0x0000000686000000, 0x0000000686000000, 0x0000000686400000|  0%| F|  |TAMS 0x0000000686000000| PB 0x0000000686000000| Untracked 
| 537|0x0000000686400000, 0x0000000686400000, 0x0000000686800000|  0%| F|  |TAMS 0x0000000686400000| PB 0x0000000686400000| Untracked 
| 538|0x0000000686800000, 0x0000000686800000, 0x0000000686c00000|  0%| F|  |TAMS 0x0000000686800000| PB 0x0000000686800000| Untracked 
| 539|0x0000000686c00000, 0x0000000686c00000, 0x0000000687000000|  0%| F|  |TAMS 0x0000000686c00000| PB 0x0000000686c00000| Untracked 
| 540|0x0000000687000000, 0x0000000687000000, 0x0000000687400000|  0%| F|  |TAMS 0x0000000687000000| PB 0x0000000687000000| Untracked 
| 541|0x0000000687400000, 0x0000000687400000, 0x0000000687800000|  0%| F|  |TAMS 0x0000000687400000| PB 0x0000000687400000| Untracked 
| 542|0x0000000687800000, 0x0000000687800000, 0x0000000687c00000|  0%| F|  |TAMS 0x0000000687800000| PB 0x0000000687800000| Untracked 
| 543|0x0000000687c00000, 0x0000000687c00000, 0x0000000688000000|  0%| F|  |TAMS 0x0000000687c00000| PB 0x0000000687c00000| Untracked 
| 544|0x0000000688000000, 0x0000000688000000, 0x0000000688400000|  0%| F|  |TAMS 0x0000000688000000| PB 0x0000000688000000| Untracked 
| 545|0x0000000688400000, 0x0000000688400000, 0x0000000688800000|  0%| F|  |TAMS 0x0000000688400000| PB 0x0000000688400000| Untracked 
| 546|0x0000000688800000, 0x0000000688800000, 0x0000000688c00000|  0%| F|  |TAMS 0x0000000688800000| PB 0x0000000688800000| Untracked 
| 547|0x0000000688c00000, 0x0000000688c00000, 0x0000000689000000|  0%| F|  |TAMS 0x0000000688c00000| PB 0x0000000688c00000| Untracked 
| 548|0x0000000689000000, 0x0000000689000000, 0x0000000689400000|  0%| F|  |TAMS 0x0000000689000000| PB 0x0000000689000000| Untracked 
| 549|0x0000000689400000, 0x0000000689400000, 0x0000000689800000|  0%| F|  |TAMS 0x0000000689400000| PB 0x0000000689400000| Untracked 
| 550|0x0000000689800000, 0x0000000689800000, 0x0000000689c00000|  0%| F|  |TAMS 0x0000000689800000| PB 0x0000000689800000| Untracked 
| 551|0x0000000689c00000, 0x0000000689c00000, 0x000000068a000000|  0%| F|  |TAMS 0x0000000689c00000| PB 0x0000000689c00000| Untracked 
| 552|0x000000068a000000, 0x000000068a000000, 0x000000068a400000|  0%| F|  |TAMS 0x000000068a000000| PB 0x000000068a000000| Untracked 
| 553|0x000000068a400000, 0x000000068a400000, 0x000000068a800000|  0%| F|  |TAMS 0x000000068a400000| PB 0x000000068a400000| Untracked 
| 554|0x000000068a800000, 0x000000068a800000, 0x000000068ac00000|  0%| F|  |TAMS 0x000000068a800000| PB 0x000000068a800000| Untracked 
| 555|0x000000068ac00000, 0x000000068ac00000, 0x000000068b000000|  0%| F|  |TAMS 0x000000068ac00000| PB 0x000000068ac00000| Untracked 
| 556|0x000000068b000000, 0x000000068b000000, 0x000000068b400000|  0%| F|  |TAMS 0x000000068b000000| PB 0x000000068b000000| Untracked 
| 557|0x000000068b400000, 0x000000068b400000, 0x000000068b800000|  0%| F|  |TAMS 0x000000068b400000| PB 0x000000068b400000| Untracked 
| 558|0x000000068b800000, 0x000000068b800000, 0x000000068bc00000|  0%| F|  |TAMS 0x000000068b800000| PB 0x000000068b800000| Untracked 
| 559|0x000000068bc00000, 0x000000068bc00000, 0x000000068c000000|  0%| F|  |TAMS 0x000000068bc00000| PB 0x000000068bc00000| Untracked 
| 560|0x000000068c000000, 0x000000068c000000, 0x000000068c400000|  0%| F|  |TAMS 0x000000068c000000| PB 0x000000068c000000| Untracked 
| 561|0x000000068c400000, 0x000000068c400000, 0x000000068c800000|  0%| F|  |TAMS 0x000000068c400000| PB 0x000000068c400000| Untracked 
| 562|0x000000068c800000, 0x000000068c800000, 0x000000068cc00000|  0%| F|  |TAMS 0x000000068c800000| PB 0x000000068c800000| Untracked 
| 563|0x000000068cc00000, 0x000000068cc00000, 0x000000068d000000|  0%| F|  |TAMS 0x000000068cc00000| PB 0x000000068cc00000| Untracked 
| 564|0x000000068d000000, 0x000000068d000000, 0x000000068d400000|  0%| F|  |TAMS 0x000000068d000000| PB 0x000000068d000000| Untracked 
| 565|0x000000068d400000, 0x000000068d400000, 0x000000068d800000|  0%| F|  |TAMS 0x000000068d400000| PB 0x000000068d400000| Untracked 
| 566|0x000000068d800000, 0x000000068d800000, 0x000000068dc00000|  0%| F|  |TAMS 0x000000068d800000| PB 0x000000068d800000| Untracked 
| 567|0x000000068dc00000, 0x000000068dc00000, 0x000000068e000000|  0%| F|  |TAMS 0x000000068dc00000| PB 0x000000068dc00000| Untracked 
| 568|0x000000068e000000, 0x000000068e000000, 0x000000068e400000|  0%| F|  |TAMS 0x000000068e000000| PB 0x000000068e000000| Untracked 
| 569|0x000000068e400000, 0x000000068e400000, 0x000000068e800000|  0%| F|  |TAMS 0x000000068e400000| PB 0x000000068e400000| Untracked 
| 570|0x000000068e800000, 0x000000068e800000, 0x000000068ec00000|  0%| F|  |TAMS 0x000000068e800000| PB 0x000000068e800000| Untracked 
| 571|0x000000068ec00000, 0x000000068ec00000, 0x000000068f000000|  0%| F|  |TAMS 0x000000068ec00000| PB 0x000000068ec00000| Untracked 
| 572|0x000000068f000000, 0x000000068f000000, 0x000000068f400000|  0%| F|  |TAMS 0x000000068f000000| PB 0x000000068f000000| Untracked 
| 573|0x000000068f400000, 0x000000068f400000, 0x000000068f800000|  0%| F|  |TAMS 0x000000068f400000| PB 0x000000068f400000| Untracked 
| 574|0x000000068f800000, 0x000000068f800000, 0x000000068fc00000|  0%| F|  |TAMS 0x000000068f800000| PB 0x000000068f800000| Untracked 
| 575|0x000000068fc00000, 0x000000068fc00000, 0x0000000690000000|  0%| F|  |TAMS 0x000000068fc00000| PB 0x000000068fc00000| Untracked 
| 576|0x0000000690000000, 0x0000000690000000, 0x0000000690400000|  0%| F|  |TAMS 0x0000000690000000| PB 0x0000000690000000| Untracked 
| 577|0x0000000690400000, 0x0000000690400000, 0x0000000690800000|  0%| F|  |TAMS 0x0000000690400000| PB 0x0000000690400000| Untracked 
| 578|0x0000000690800000, 0x0000000690800000, 0x0000000690c00000|  0%| F|  |TAMS 0x0000000690800000| PB 0x0000000690800000| Untracked 
| 579|0x0000000690c00000, 0x0000000690c00000, 0x0000000691000000|  0%| F|  |TAMS 0x0000000690c00000| PB 0x0000000690c00000| Untracked 
| 580|0x0000000691000000, 0x0000000691000000, 0x0000000691400000|  0%| F|  |TAMS 0x0000000691000000| PB 0x0000000691000000| Untracked 
| 581|0x0000000691400000, 0x0000000691400000, 0x0000000691800000|  0%| F|  |TAMS 0x0000000691400000| PB 0x0000000691400000| Untracked 
| 582|0x0000000691800000, 0x0000000691800000, 0x0000000691c00000|  0%| F|  |TAMS 0x0000000691800000| PB 0x0000000691800000| Untracked 
| 583|0x0000000691c00000, 0x0000000691c00000, 0x0000000692000000|  0%| F|  |TAMS 0x0000000691c00000| PB 0x0000000691c00000| Untracked 
| 584|0x0000000692000000, 0x0000000692000000, 0x0000000692400000|  0%| F|  |TAMS 0x0000000692000000| PB 0x0000000692000000| Untracked 
| 585|0x0000000692400000, 0x0000000692400000, 0x0000000692800000|  0%| F|  |TAMS 0x0000000692400000| PB 0x0000000692400000| Untracked 
| 586|0x0000000692800000, 0x0000000692800000, 0x0000000692c00000|  0%| F|  |TAMS 0x0000000692800000| PB 0x0000000692800000| Untracked 
| 587|0x0000000692c00000, 0x0000000692c00000, 0x0000000693000000|  0%| F|  |TAMS 0x0000000692c00000| PB 0x0000000692c00000| Untracked 
| 588|0x0000000693000000, 0x0000000693000000, 0x0000000693400000|  0%| F|  |TAMS 0x0000000693000000| PB 0x0000000693000000| Untracked 
| 589|0x0000000693400000, 0x0000000693400000, 0x0000000693800000|  0%| F|  |TAMS 0x0000000693400000| PB 0x0000000693400000| Untracked 
| 590|0x0000000693800000, 0x0000000693800000, 0x0000000693c00000|  0%| F|  |TAMS 0x0000000693800000| PB 0x0000000693800000| Untracked 
| 591|0x0000000693c00000, 0x0000000693c00000, 0x0000000694000000|  0%| F|  |TAMS 0x0000000693c00000| PB 0x0000000693c00000| Untracked 
| 592|0x0000000694000000, 0x0000000694000000, 0x0000000694400000|  0%| F|  |TAMS 0x0000000694000000| PB 0x0000000694000000| Untracked 
| 593|0x0000000694400000, 0x0000000694400000, 0x0000000694800000|  0%| F|  |TAMS 0x0000000694400000| PB 0x0000000694400000| Untracked 
| 594|0x0000000694800000, 0x0000000694800000, 0x0000000694c00000|  0%| F|  |TAMS 0x0000000694800000| PB 0x0000000694800000| Untracked 
| 595|0x0000000694c00000, 0x0000000694c00000, 0x0000000695000000|  0%| F|  |TAMS 0x0000000694c00000| PB 0x0000000694c00000| Untracked 
| 596|0x0000000695000000, 0x0000000695000000, 0x0000000695400000|  0%| F|  |TAMS 0x0000000695000000| PB 0x0000000695000000| Untracked 
| 597|0x0000000695400000, 0x0000000695400000, 0x0000000695800000|  0%| F|  |TAMS 0x0000000695400000| PB 0x0000000695400000| Untracked 
| 598|0x0000000695800000, 0x0000000695800000, 0x0000000695c00000|  0%| F|  |TAMS 0x0000000695800000| PB 0x0000000695800000| Untracked 
| 599|0x0000000695c00000, 0x0000000695c00000, 0x0000000696000000|  0%| F|  |TAMS 0x0000000695c00000| PB 0x0000000695c00000| Untracked 
| 600|0x0000000696000000, 0x0000000696000000, 0x0000000696400000|  0%| F|  |TAMS 0x0000000696000000| PB 0x0000000696000000| Untracked 
| 601|0x0000000696400000, 0x0000000696400000, 0x0000000696800000|  0%| F|  |TAMS 0x0000000696400000| PB 0x0000000696400000| Untracked 
| 602|0x0000000696800000, 0x0000000696800000, 0x0000000696c00000|  0%| F|  |TAMS 0x0000000696800000| PB 0x0000000696800000| Untracked 
| 603|0x0000000696c00000, 0x0000000696c00000, 0x0000000697000000|  0%| F|  |TAMS 0x0000000696c00000| PB 0x0000000696c00000| Untracked 
| 604|0x0000000697000000, 0x0000000697000000, 0x0000000697400000|  0%| F|  |TAMS 0x0000000697000000| PB 0x0000000697000000| Untracked 
| 605|0x0000000697400000, 0x0000000697400000, 0x0000000697800000|  0%| F|  |TAMS 0x0000000697400000| PB 0x0000000697400000| Untracked 
| 606|0x0000000697800000, 0x0000000697800000, 0x0000000697c00000|  0%| F|  |TAMS 0x0000000697800000| PB 0x0000000697800000| Untracked 
| 607|0x0000000697c00000, 0x0000000697c00000, 0x0000000698000000|  0%| F|  |TAMS 0x0000000697c00000| PB 0x0000000697c00000| Untracked 
| 608|0x0000000698000000, 0x0000000698000000, 0x0000000698400000|  0%| F|  |TAMS 0x0000000698000000| PB 0x0000000698000000| Untracked 
| 609|0x0000000698400000, 0x0000000698400000, 0x0000000698800000|  0%| F|  |TAMS 0x0000000698400000| PB 0x0000000698400000| Untracked 
| 610|0x0000000698800000, 0x0000000698800000, 0x0000000698c00000|  0%| F|  |TAMS 0x0000000698800000| PB 0x0000000698800000| Untracked 
| 611|0x0000000698c00000, 0x0000000698c00000, 0x0000000699000000|  0%| F|  |TAMS 0x0000000698c00000| PB 0x0000000698c00000| Untracked 
| 612|0x0000000699000000, 0x0000000699000000, 0x0000000699400000|  0%| F|  |TAMS 0x0000000699000000| PB 0x0000000699000000| Untracked 
| 613|0x0000000699400000, 0x0000000699400000, 0x0000000699800000|  0%| F|  |TAMS 0x0000000699400000| PB 0x0000000699400000| Untracked 
| 614|0x0000000699800000, 0x0000000699800000, 0x0000000699c00000|  0%| F|  |TAMS 0x0000000699800000| PB 0x0000000699800000| Untracked 
| 615|0x0000000699c00000, 0x0000000699c00000, 0x000000069a000000|  0%| F|  |TAMS 0x0000000699c00000| PB 0x0000000699c00000| Untracked 
| 616|0x000000069a000000, 0x000000069a000000, 0x000000069a400000|  0%| F|  |TAMS 0x000000069a000000| PB 0x000000069a000000| Untracked 
| 617|0x000000069a400000, 0x000000069a400000, 0x000000069a800000|  0%| F|  |TAMS 0x000000069a400000| PB 0x000000069a400000| Untracked 
| 618|0x000000069a800000, 0x000000069a800000, 0x000000069ac00000|  0%| F|  |TAMS 0x000000069a800000| PB 0x000000069a800000| Untracked 
| 619|0x000000069ac00000, 0x000000069ac00000, 0x000000069b000000|  0%| F|  |TAMS 0x000000069ac00000| PB 0x000000069ac00000| Untracked 
| 620|0x000000069b000000, 0x000000069b000000, 0x000000069b400000|  0%| F|  |TAMS 0x000000069b000000| PB 0x000000069b000000| Untracked 
| 621|0x000000069b400000, 0x000000069b400000, 0x000000069b800000|  0%| F|  |TAMS 0x000000069b400000| PB 0x000000069b400000| Untracked 
| 622|0x000000069b800000, 0x000000069b800000, 0x000000069bc00000|  0%| F|  |TAMS 0x000000069b800000| PB 0x000000069b800000| Untracked 
| 623|0x000000069bc00000, 0x000000069bc00000, 0x000000069c000000|  0%| F|  |TAMS 0x000000069bc00000| PB 0x000000069bc00000| Untracked 
| 624|0x000000069c000000, 0x000000069c000000, 0x000000069c400000|  0%| F|  |TAMS 0x000000069c000000| PB 0x000000069c000000| Untracked 
| 625|0x000000069c400000, 0x000000069c400000, 0x000000069c800000|  0%| F|  |TAMS 0x000000069c400000| PB 0x000000069c400000| Untracked 
| 626|0x000000069c800000, 0x000000069c800000, 0x000000069cc00000|  0%| F|  |TAMS 0x000000069c800000| PB 0x000000069c800000| Untracked 
| 627|0x000000069cc00000, 0x000000069cc00000, 0x000000069d000000|  0%| F|  |TAMS 0x000000069cc00000| PB 0x000000069cc00000| Untracked 
| 628|0x000000069d000000, 0x000000069d000000, 0x000000069d400000|  0%| F|  |TAMS 0x000000069d000000| PB 0x000000069d000000| Untracked 
| 629|0x000000069d400000, 0x000000069d400000, 0x000000069d800000|  0%| F|  |TAMS 0x000000069d400000| PB 0x000000069d400000| Untracked 
| 630|0x000000069d800000, 0x000000069d800000, 0x000000069dc00000|  0%| F|  |TAMS 0x000000069d800000| PB 0x000000069d800000| Untracked 
| 631|0x000000069dc00000, 0x000000069dc00000, 0x000000069e000000|  0%| F|  |TAMS 0x000000069dc00000| PB 0x000000069dc00000| Untracked 
| 632|0x000000069e000000, 0x000000069e000000, 0x000000069e400000|  0%| F|  |TAMS 0x000000069e000000| PB 0x000000069e000000| Untracked 
| 633|0x000000069e400000, 0x000000069e400000, 0x000000069e800000|  0%| F|  |TAMS 0x000000069e400000| PB 0x000000069e400000| Untracked 
| 634|0x000000069e800000, 0x000000069e800000, 0x000000069ec00000|  0%| F|  |TAMS 0x000000069e800000| PB 0x000000069e800000| Untracked 
| 635|0x000000069ec00000, 0x000000069ec00000, 0x000000069f000000|  0%| F|  |TAMS 0x000000069ec00000| PB 0x000000069ec00000| Untracked 
| 636|0x000000069f000000, 0x000000069f000000, 0x000000069f400000|  0%| F|  |TAMS 0x000000069f000000| PB 0x000000069f000000| Untracked 
| 637|0x000000069f400000, 0x000000069f400000, 0x000000069f800000|  0%| F|  |TAMS 0x000000069f400000| PB 0x000000069f400000| Untracked 
| 638|0x000000069f800000, 0x000000069f800000, 0x000000069fc00000|  0%| F|  |TAMS 0x000000069f800000| PB 0x000000069f800000| Untracked 
| 639|0x000000069fc00000, 0x000000069fc00000, 0x00000006a0000000|  0%| F|  |TAMS 0x000000069fc00000| PB 0x000000069fc00000| Untracked 
| 640|0x00000006a0000000, 0x00000006a0000000, 0x00000006a0400000|  0%| F|  |TAMS 0x00000006a0000000| PB 0x00000006a0000000| Untracked 
| 641|0x00000006a0400000, 0x00000006a0400000, 0x00000006a0800000|  0%| F|  |TAMS 0x00000006a0400000| PB 0x00000006a0400000| Untracked 
| 642|0x00000006a0800000, 0x00000006a0800000, 0x00000006a0c00000|  0%| F|  |TAMS 0x00000006a0800000| PB 0x00000006a0800000| Untracked 
| 643|0x00000006a0c00000, 0x00000006a0c00000, 0x00000006a1000000|  0%| F|  |TAMS 0x00000006a0c00000| PB 0x00000006a0c00000| Untracked 
| 644|0x00000006a1000000, 0x00000006a1000000, 0x00000006a1400000|  0%| F|  |TAMS 0x00000006a1000000| PB 0x00000006a1000000| Untracked 
| 645|0x00000006a1400000, 0x00000006a1400000, 0x00000006a1800000|  0%| F|  |TAMS 0x00000006a1400000| PB 0x00000006a1400000| Untracked 
| 646|0x00000006a1800000, 0x00000006a1800000, 0x00000006a1c00000|  0%| F|  |TAMS 0x00000006a1800000| PB 0x00000006a1800000| Untracked 
| 647|0x00000006a1c00000, 0x00000006a1c00000, 0x00000006a2000000|  0%| F|  |TAMS 0x00000006a1c00000| PB 0x00000006a1c00000| Untracked 
| 648|0x00000006a2000000, 0x00000006a2000000, 0x00000006a2400000|  0%| F|  |TAMS 0x00000006a2000000| PB 0x00000006a2000000| Untracked 
| 649|0x00000006a2400000, 0x00000006a2400000, 0x00000006a2800000|  0%| F|  |TAMS 0x00000006a2400000| PB 0x00000006a2400000| Untracked 
| 650|0x00000006a2800000, 0x00000006a2800000, 0x00000006a2c00000|  0%| F|  |TAMS 0x00000006a2800000| PB 0x00000006a2800000| Untracked 
| 651|0x00000006a2c00000, 0x00000006a2c00000, 0x00000006a3000000|  0%| F|  |TAMS 0x00000006a2c00000| PB 0x00000006a2c00000| Untracked 
| 652|0x00000006a3000000, 0x00000006a3000000, 0x00000006a3400000|  0%| F|  |TAMS 0x00000006a3000000| PB 0x00000006a3000000| Untracked 
| 653|0x00000006a3400000, 0x00000006a3400000, 0x00000006a3800000|  0%| F|  |TAMS 0x00000006a3400000| PB 0x00000006a3400000| Untracked 
| 654|0x00000006a3800000, 0x00000006a3800000, 0x00000006a3c00000|  0%| F|  |TAMS 0x00000006a3800000| PB 0x00000006a3800000| Untracked 
| 655|0x00000006a3c00000, 0x00000006a3c00000, 0x00000006a4000000|  0%| F|  |TAMS 0x00000006a3c00000| PB 0x00000006a3c00000| Untracked 
| 656|0x00000006a4000000, 0x00000006a4000000, 0x00000006a4400000|  0%| F|  |TAMS 0x00000006a4000000| PB 0x00000006a4000000| Untracked 
| 657|0x00000006a4400000, 0x00000006a4400000, 0x00000006a4800000|  0%| F|  |TAMS 0x00000006a4400000| PB 0x00000006a4400000| Untracked 
| 658|0x00000006a4800000, 0x00000006a4800000, 0x00000006a4c00000|  0%| F|  |TAMS 0x00000006a4800000| PB 0x00000006a4800000| Untracked 
| 659|0x00000006a4c00000, 0x00000006a4c00000, 0x00000006a5000000|  0%| F|  |TAMS 0x00000006a4c00000| PB 0x00000006a4c00000| Untracked 
| 660|0x00000006a5000000, 0x00000006a5000000, 0x00000006a5400000|  0%| F|  |TAMS 0x00000006a5000000| PB 0x00000006a5000000| Untracked 
| 661|0x00000006a5400000, 0x00000006a5400000, 0x00000006a5800000|  0%| F|  |TAMS 0x00000006a5400000| PB 0x00000006a5400000| Untracked 
| 662|0x00000006a5800000, 0x00000006a5800000, 0x00000006a5c00000|  0%| F|  |TAMS 0x00000006a5800000| PB 0x00000006a5800000| Untracked 
| 663|0x00000006a5c00000, 0x00000006a5c00000, 0x00000006a6000000|  0%| F|  |TAMS 0x00000006a5c00000| PB 0x00000006a5c00000| Untracked 
| 664|0x00000006a6000000, 0x00000006a6000000, 0x00000006a6400000|  0%| F|  |TAMS 0x00000006a6000000| PB 0x00000006a6000000| Untracked 
| 665|0x00000006a6400000, 0x00000006a6400000, 0x00000006a6800000|  0%| F|  |TAMS 0x00000006a6400000| PB 0x00000006a6400000| Untracked 
| 666|0x00000006a6800000, 0x00000006a6800000, 0x00000006a6c00000|  0%| F|  |TAMS 0x00000006a6800000| PB 0x00000006a6800000| Untracked 
| 667|0x00000006a6c00000, 0x00000006a6c00000, 0x00000006a7000000|  0%| F|  |TAMS 0x00000006a6c00000| PB 0x00000006a6c00000| Untracked 
| 668|0x00000006a7000000, 0x00000006a7000000, 0x00000006a7400000|  0%| F|  |TAMS 0x00000006a7000000| PB 0x00000006a7000000| Untracked 
| 669|0x00000006a7400000, 0x00000006a7400000, 0x00000006a7800000|  0%| F|  |TAMS 0x00000006a7400000| PB 0x00000006a7400000| Untracked 
| 670|0x00000006a7800000, 0x00000006a7800000, 0x00000006a7c00000|  0%| F|  |TAMS 0x00000006a7800000| PB 0x00000006a7800000| Untracked 
| 671|0x00000006a7c00000, 0x00000006a7c00000, 0x00000006a8000000|  0%| F|  |TAMS 0x00000006a7c00000| PB 0x00000006a7c00000| Untracked 
| 672|0x00000006a8000000, 0x00000006a8000000, 0x00000006a8400000|  0%| F|  |TAMS 0x00000006a8000000| PB 0x00000006a8000000| Untracked 
| 673|0x00000006a8400000, 0x00000006a8400000, 0x00000006a8800000|  0%| F|  |TAMS 0x00000006a8400000| PB 0x00000006a8400000| Untracked 
| 674|0x00000006a8800000, 0x00000006a8800000, 0x00000006a8c00000|  0%| F|  |TAMS 0x00000006a8800000| PB 0x00000006a8800000| Untracked 
| 675|0x00000006a8c00000, 0x00000006a8c00000, 0x00000006a9000000|  0%| F|  |TAMS 0x00000006a8c00000| PB 0x00000006a8c00000| Untracked 
| 676|0x00000006a9000000, 0x00000006a9000000, 0x00000006a9400000|  0%| F|  |TAMS 0x00000006a9000000| PB 0x00000006a9000000| Untracked 
| 677|0x00000006a9400000, 0x00000006a9400000, 0x00000006a9800000|  0%| F|  |TAMS 0x00000006a9400000| PB 0x00000006a9400000| Untracked 
| 678|0x00000006a9800000, 0x00000006a9800000, 0x00000006a9c00000|  0%| F|  |TAMS 0x00000006a9800000| PB 0x00000006a9800000| Untracked 
| 679|0x00000006a9c00000, 0x00000006a9c00000, 0x00000006aa000000|  0%| F|  |TAMS 0x00000006a9c00000| PB 0x00000006a9c00000| Untracked 
| 680|0x00000006aa000000, 0x00000006aa000000, 0x00000006aa400000|  0%| F|  |TAMS 0x00000006aa000000| PB 0x00000006aa000000| Untracked 
| 681|0x00000006aa400000, 0x00000006aa400000, 0x00000006aa800000|  0%| F|  |TAMS 0x00000006aa400000| PB 0x00000006aa400000| Untracked 
| 682|0x00000006aa800000, 0x00000006aa800000, 0x00000006aac00000|  0%| F|  |TAMS 0x00000006aa800000| PB 0x00000006aa800000| Untracked 
| 683|0x00000006aac00000, 0x00000006aac00000, 0x00000006ab000000|  0%| F|  |TAMS 0x00000006aac00000| PB 0x00000006aac00000| Untracked 
| 684|0x00000006ab000000, 0x00000006ab000000, 0x00000006ab400000|  0%| F|  |TAMS 0x00000006ab000000| PB 0x00000006ab000000| Untracked 
| 685|0x00000006ab400000, 0x00000006ab400000, 0x00000006ab800000|  0%| F|  |TAMS 0x00000006ab400000| PB 0x00000006ab400000| Untracked 
| 686|0x00000006ab800000, 0x00000006ab800000, 0x00000006abc00000|  0%| F|  |TAMS 0x00000006ab800000| PB 0x00000006ab800000| Untracked 
| 687|0x00000006abc00000, 0x00000006abc00000, 0x00000006ac000000|  0%| F|  |TAMS 0x00000006abc00000| PB 0x00000006abc00000| Untracked 
| 688|0x00000006ac000000, 0x00000006ac000000, 0x00000006ac400000|  0%| F|  |TAMS 0x00000006ac000000| PB 0x00000006ac000000| Untracked 
| 689|0x00000006ac400000, 0x00000006ac400000, 0x00000006ac800000|  0%| F|  |TAMS 0x00000006ac400000| PB 0x00000006ac400000| Untracked 
| 690|0x00000006ac800000, 0x00000006ac800000, 0x00000006acc00000|  0%| F|  |TAMS 0x00000006ac800000| PB 0x00000006ac800000| Untracked 
| 691|0x00000006acc00000, 0x00000006acc00000, 0x00000006ad000000|  0%| F|  |TAMS 0x00000006acc00000| PB 0x00000006acc00000| Untracked 
| 692|0x00000006ad000000, 0x00000006ad000000, 0x00000006ad400000|  0%| F|  |TAMS 0x00000006ad000000| PB 0x00000006ad000000| Untracked 
| 693|0x00000006ad400000, 0x00000006ad400000, 0x00000006ad800000|  0%| F|  |TAMS 0x00000006ad400000| PB 0x00000006ad400000| Untracked 
| 694|0x00000006ad800000, 0x00000006ad800000, 0x00000006adc00000|  0%| F|  |TAMS 0x00000006ad800000| PB 0x00000006ad800000| Untracked 
| 695|0x00000006adc00000, 0x00000006adc00000, 0x00000006ae000000|  0%| F|  |TAMS 0x00000006adc00000| PB 0x00000006adc00000| Untracked 
| 696|0x00000006ae000000, 0x00000006ae000000, 0x00000006ae400000|  0%| F|  |TAMS 0x00000006ae000000| PB 0x00000006ae000000| Untracked 
| 697|0x00000006ae400000, 0x00000006ae400000, 0x00000006ae800000|  0%| F|  |TAMS 0x00000006ae400000| PB 0x00000006ae400000| Untracked 
| 698|0x00000006ae800000, 0x00000006ae800000, 0x00000006aec00000|  0%| F|  |TAMS 0x00000006ae800000| PB 0x00000006ae800000| Untracked 
| 699|0x00000006aec00000, 0x00000006aec00000, 0x00000006af000000|  0%| F|  |TAMS 0x00000006aec00000| PB 0x00000006aec00000| Untracked 
| 700|0x00000006af000000, 0x00000006af000000, 0x00000006af400000|  0%| F|  |TAMS 0x00000006af000000| PB 0x00000006af000000| Untracked 
| 701|0x00000006af400000, 0x00000006af400000, 0x00000006af800000|  0%| F|  |TAMS 0x00000006af400000| PB 0x00000006af400000| Untracked 
| 702|0x00000006af800000, 0x00000006af800000, 0x00000006afc00000|  0%| F|  |TAMS 0x00000006af800000| PB 0x00000006af800000| Untracked 
| 703|0x00000006afc00000, 0x00000006afc00000, 0x00000006b0000000|  0%| F|  |TAMS 0x00000006afc00000| PB 0x00000006afc00000| Untracked 
| 704|0x00000006b0000000, 0x00000006b0000000, 0x00000006b0400000|  0%| F|  |TAMS 0x00000006b0000000| PB 0x00000006b0000000| Untracked 
| 705|0x00000006b0400000, 0x00000006b0400000, 0x00000006b0800000|  0%| F|  |TAMS 0x00000006b0400000| PB 0x00000006b0400000| Untracked 
| 706|0x00000006b0800000, 0x00000006b0800000, 0x00000006b0c00000|  0%| F|  |TAMS 0x00000006b0800000| PB 0x00000006b0800000| Untracked 
| 707|0x00000006b0c00000, 0x00000006b0c00000, 0x00000006b1000000|  0%| F|  |TAMS 0x00000006b0c00000| PB 0x00000006b0c00000| Untracked 
| 708|0x00000006b1000000, 0x00000006b1000000, 0x00000006b1400000|  0%| F|  |TAMS 0x00000006b1000000| PB 0x00000006b1000000| Untracked 
| 709|0x00000006b1400000, 0x00000006b1400000, 0x00000006b1800000|  0%| F|  |TAMS 0x00000006b1400000| PB 0x00000006b1400000| Untracked 
| 710|0x00000006b1800000, 0x00000006b1800000, 0x00000006b1c00000|  0%| F|  |TAMS 0x00000006b1800000| PB 0x00000006b1800000| Untracked 
| 711|0x00000006b1c00000, 0x00000006b1c00000, 0x00000006b2000000|  0%| F|  |TAMS 0x00000006b1c00000| PB 0x00000006b1c00000| Untracked 
| 712|0x00000006b2000000, 0x00000006b2000000, 0x00000006b2400000|  0%| F|  |TAMS 0x00000006b2000000| PB 0x00000006b2000000| Untracked 
| 713|0x00000006b2400000, 0x00000006b2400000, 0x00000006b2800000|  0%| F|  |TAMS 0x00000006b2400000| PB 0x00000006b2400000| Untracked 
| 714|0x00000006b2800000, 0x00000006b2800000, 0x00000006b2c00000|  0%| F|  |TAMS 0x00000006b2800000| PB 0x00000006b2800000| Untracked 
| 715|0x00000006b2c00000, 0x00000006b2c00000, 0x00000006b3000000|  0%| F|  |TAMS 0x00000006b2c00000| PB 0x00000006b2c00000| Untracked 
| 716|0x00000006b3000000, 0x00000006b3000000, 0x00000006b3400000|  0%| F|  |TAMS 0x00000006b3000000| PB 0x00000006b3000000| Untracked 
| 717|0x00000006b3400000, 0x00000006b3400000, 0x00000006b3800000|  0%| F|  |TAMS 0x00000006b3400000| PB 0x00000006b3400000| Untracked 
| 718|0x00000006b3800000, 0x00000006b3800000, 0x00000006b3c00000|  0%| F|  |TAMS 0x00000006b3800000| PB 0x00000006b3800000| Untracked 
| 719|0x00000006b3c00000, 0x00000006b3c00000, 0x00000006b4000000|  0%| F|  |TAMS 0x00000006b3c00000| PB 0x00000006b3c00000| Untracked 
| 720|0x00000006b4000000, 0x00000006b4000000, 0x00000006b4400000|  0%| F|  |TAMS 0x00000006b4000000| PB 0x00000006b4000000| Untracked 
| 721|0x00000006b4400000, 0x00000006b4400000, 0x00000006b4800000|  0%| F|  |TAMS 0x00000006b4400000| PB 0x00000006b4400000| Untracked 
| 722|0x00000006b4800000, 0x00000006b4800000, 0x00000006b4c00000|  0%| F|  |TAMS 0x00000006b4800000| PB 0x00000006b4800000| Untracked 
| 723|0x00000006b4c00000, 0x00000006b4c00000, 0x00000006b5000000|  0%| F|  |TAMS 0x00000006b4c00000| PB 0x00000006b4c00000| Untracked 
| 724|0x00000006b5000000, 0x00000006b5000000, 0x00000006b5400000|  0%| F|  |TAMS 0x00000006b5000000| PB 0x00000006b5000000| Untracked 
| 725|0x00000006b5400000, 0x00000006b5400000, 0x00000006b5800000|  0%| F|  |TAMS 0x00000006b5400000| PB 0x00000006b5400000| Untracked 
| 726|0x00000006b5800000, 0x00000006b5800000, 0x00000006b5c00000|  0%| F|  |TAMS 0x00000006b5800000| PB 0x00000006b5800000| Untracked 
| 727|0x00000006b5c00000, 0x00000006b5c00000, 0x00000006b6000000|  0%| F|  |TAMS 0x00000006b5c00000| PB 0x00000006b5c00000| Untracked 
| 728|0x00000006b6000000, 0x00000006b6000000, 0x00000006b6400000|  0%| F|  |TAMS 0x00000006b6000000| PB 0x00000006b6000000| Untracked 
| 729|0x00000006b6400000, 0x00000006b6400000, 0x00000006b6800000|  0%| F|  |TAMS 0x00000006b6400000| PB 0x00000006b6400000| Untracked 
| 730|0x00000006b6800000, 0x00000006b6800000, 0x00000006b6c00000|  0%| F|  |TAMS 0x00000006b6800000| PB 0x00000006b6800000| Untracked 
| 731|0x00000006b6c00000, 0x00000006b6c00000, 0x00000006b7000000|  0%| F|  |TAMS 0x00000006b6c00000| PB 0x00000006b6c00000| Untracked 
| 732|0x00000006b7000000, 0x00000006b7000000, 0x00000006b7400000|  0%| F|  |TAMS 0x00000006b7000000| PB 0x00000006b7000000| Untracked 
| 733|0x00000006b7400000, 0x00000006b7400000, 0x00000006b7800000|  0%| F|  |TAMS 0x00000006b7400000| PB 0x00000006b7400000| Untracked 
| 734|0x00000006b7800000, 0x00000006b7800000, 0x00000006b7c00000|  0%| F|  |TAMS 0x00000006b7800000| PB 0x00000006b7800000| Untracked 
| 735|0x00000006b7c00000, 0x00000006b7c00000, 0x00000006b8000000|  0%| F|  |TAMS 0x00000006b7c00000| PB 0x00000006b7c00000| Untracked 
| 736|0x00000006b8000000, 0x00000006b8000000, 0x00000006b8400000|  0%| F|  |TAMS 0x00000006b8000000| PB 0x00000006b8000000| Untracked 
| 737|0x00000006b8400000, 0x00000006b8400000, 0x00000006b8800000|  0%| F|  |TAMS 0x00000006b8400000| PB 0x00000006b8400000| Untracked 
| 738|0x00000006b8800000, 0x00000006b8800000, 0x00000006b8c00000|  0%| F|  |TAMS 0x00000006b8800000| PB 0x00000006b8800000| Untracked 
| 739|0x00000006b8c00000, 0x00000006b8c00000, 0x00000006b9000000|  0%| F|  |TAMS 0x00000006b8c00000| PB 0x00000006b8c00000| Untracked 
| 740|0x00000006b9000000, 0x00000006b9000000, 0x00000006b9400000|  0%| F|  |TAMS 0x00000006b9000000| PB 0x00000006b9000000| Untracked 
| 741|0x00000006b9400000, 0x00000006b9400000, 0x00000006b9800000|  0%| F|  |TAMS 0x00000006b9400000| PB 0x00000006b9400000| Untracked 
| 742|0x00000006b9800000, 0x00000006b9800000, 0x00000006b9c00000|  0%| F|  |TAMS 0x00000006b9800000| PB 0x00000006b9800000| Untracked 
| 743|0x00000006b9c00000, 0x00000006b9c00000, 0x00000006ba000000|  0%| F|  |TAMS 0x00000006b9c00000| PB 0x00000006b9c00000| Untracked 
| 744|0x00000006ba000000, 0x00000006ba000000, 0x00000006ba400000|  0%| F|  |TAMS 0x00000006ba000000| PB 0x00000006ba000000| Untracked 
| 745|0x00000006ba400000, 0x00000006ba400000, 0x00000006ba800000|  0%| F|  |TAMS 0x00000006ba400000| PB 0x00000006ba400000| Untracked 
| 746|0x00000006ba800000, 0x00000006ba800000, 0x00000006bac00000|  0%| F|  |TAMS 0x00000006ba800000| PB 0x00000006ba800000| Untracked 
| 747|0x00000006bac00000, 0x00000006bac00000, 0x00000006bb000000|  0%| F|  |TAMS 0x00000006bac00000| PB 0x00000006bac00000| Untracked 
| 748|0x00000006bb000000, 0x00000006bb000000, 0x00000006bb400000|  0%| F|  |TAMS 0x00000006bb000000| PB 0x00000006bb000000| Untracked 
| 749|0x00000006bb400000, 0x00000006bb400000, 0x00000006bb800000|  0%| F|  |TAMS 0x00000006bb400000| PB 0x00000006bb400000| Untracked 
| 750|0x00000006bb800000, 0x00000006bb800000, 0x00000006bbc00000|  0%| F|  |TAMS 0x00000006bb800000| PB 0x00000006bb800000| Untracked 
| 751|0x00000006bbc00000, 0x00000006bbc00000, 0x00000006bc000000|  0%| F|  |TAMS 0x00000006bbc00000| PB 0x00000006bbc00000| Untracked 
| 752|0x00000006bc000000, 0x00000006bc000000, 0x00000006bc400000|  0%| F|  |TAMS 0x00000006bc000000| PB 0x00000006bc000000| Untracked 
| 753|0x00000006bc400000, 0x00000006bc400000, 0x00000006bc800000|  0%| F|  |TAMS 0x00000006bc400000| PB 0x00000006bc400000| Untracked 
| 754|0x00000006bc800000, 0x00000006bc800000, 0x00000006bcc00000|  0%| F|  |TAMS 0x00000006bc800000| PB 0x00000006bc800000| Untracked 
| 755|0x00000006bcc00000, 0x00000006bcc00000, 0x00000006bd000000|  0%| F|  |TAMS 0x00000006bcc00000| PB 0x00000006bcc00000| Untracked 
| 756|0x00000006bd000000, 0x00000006bd000000, 0x00000006bd400000|  0%| F|  |TAMS 0x00000006bd000000| PB 0x00000006bd000000| Untracked 
| 757|0x00000006bd400000, 0x00000006bd400000, 0x00000006bd800000|  0%| F|  |TAMS 0x00000006bd400000| PB 0x00000006bd400000| Untracked 
| 758|0x00000006bd800000, 0x00000006bd800000, 0x00000006bdc00000|  0%| F|  |TAMS 0x00000006bd800000| PB 0x00000006bd800000| Untracked 
| 759|0x00000006bdc00000, 0x00000006bdc00000, 0x00000006be000000|  0%| F|  |TAMS 0x00000006bdc00000| PB 0x00000006bdc00000| Untracked 
| 760|0x00000006be000000, 0x00000006be000000, 0x00000006be400000|  0%| F|  |TAMS 0x00000006be000000| PB 0x00000006be000000| Untracked 
| 761|0x00000006be400000, 0x00000006be400000, 0x00000006be800000|  0%| F|  |TAMS 0x00000006be400000| PB 0x00000006be400000| Untracked 
| 762|0x00000006be800000, 0x00000006be800000, 0x00000006bec00000|  0%| F|  |TAMS 0x00000006be800000| PB 0x00000006be800000| Untracked 
| 763|0x00000006bec00000, 0x00000006bec00000, 0x00000006bf000000|  0%| F|  |TAMS 0x00000006bec00000| PB 0x00000006bec00000| Untracked 
| 764|0x00000006bf000000, 0x00000006bf000000, 0x00000006bf400000|  0%| F|  |TAMS 0x00000006bf000000| PB 0x00000006bf000000| Untracked 
| 765|0x00000006bf400000, 0x00000006bf400000, 0x00000006bf800000|  0%| F|  |TAMS 0x00000006bf400000| PB 0x00000006bf400000| Untracked 
| 766|0x00000006bf800000, 0x00000006bf800000, 0x00000006bfc00000|  0%| F|  |TAMS 0x00000006bf800000| PB 0x00000006bf800000| Untracked 
| 767|0x00000006bfc00000, 0x00000006bfc00000, 0x00000006c0000000|  0%| F|  |TAMS 0x00000006bfc00000| PB 0x00000006bfc00000| Untracked 
| 768|0x00000006c0000000, 0x00000006c0000000, 0x00000006c0400000|  0%| F|  |TAMS 0x00000006c0000000| PB 0x00000006c0000000| Untracked 
| 769|0x00000006c0400000, 0x00000006c0400000, 0x00000006c0800000|  0%| F|  |TAMS 0x00000006c0400000| PB 0x00000006c0400000| Untracked 
| 770|0x00000006c0800000, 0x00000006c0800000, 0x00000006c0c00000|  0%| F|  |TAMS 0x00000006c0800000| PB 0x00000006c0800000| Untracked 
| 771|0x00000006c0c00000, 0x00000006c0c00000, 0x00000006c1000000|  0%| F|  |TAMS 0x00000006c0c00000| PB 0x00000006c0c00000| Untracked 
| 772|0x00000006c1000000, 0x00000006c1000000, 0x00000006c1400000|  0%| F|  |TAMS 0x00000006c1000000| PB 0x00000006c1000000| Untracked 
| 773|0x00000006c1400000, 0x00000006c1400000, 0x00000006c1800000|  0%| F|  |TAMS 0x00000006c1400000| PB 0x00000006c1400000| Untracked 
| 774|0x00000006c1800000, 0x00000006c1a00000, 0x00000006c1c00000| 50%| E|  |TAMS 0x00000006c1800000| PB 0x00000006c1800000| Complete 
| 775|0x00000006c1c00000, 0x00000006c2000000, 0x00000006c2000000|100%| E|CS|TAMS 0x00000006c1c00000| PB 0x00000006c1c00000| Complete 
| 776|0x00000006c2000000, 0x00000006c2400000, 0x00000006c2400000|100%| E|CS|TAMS 0x00000006c2000000| PB 0x00000006c2000000| Complete 
| 777|0x00000006c2400000, 0x00000006c2800000, 0x00000006c2800000|100%| E|CS|TAMS 0x00000006c2400000| PB 0x00000006c2400000| Complete 
| 778|0x00000006c2800000, 0x00000006c2c00000, 0x00000006c2c00000|100%| E|CS|TAMS 0x00000006c2800000| PB 0x00000006c2800000| Complete 
| 779|0x00000006c2c00000, 0x00000006c3000000, 0x00000006c3000000|100%| E|CS|TAMS 0x00000006c2c00000| PB 0x00000006c2c00000| Complete 
| 780|0x00000006c3000000, 0x00000006c3400000, 0x00000006c3400000|100%| E|CS|TAMS 0x00000006c3000000| PB 0x00000006c3000000| Complete 
| 781|0x00000006c3400000, 0x00000006c3800000, 0x00000006c3800000|100%| E|CS|TAMS 0x00000006c3400000| PB 0x00000006c3400000| Complete 
| 782|0x00000006c3800000, 0x00000006c3c00000, 0x00000006c3c00000|100%| E|CS|TAMS 0x00000006c3800000| PB 0x00000006c3800000| Complete 
| 783|0x00000006c3c00000, 0x00000006c4000000, 0x00000006c4000000|100%| E|CS|TAMS 0x00000006c3c00000| PB 0x00000006c3c00000| Complete 
| 784|0x00000006c4000000, 0x00000006c4400000, 0x00000006c4400000|100%| E|CS|TAMS 0x00000006c4000000| PB 0x00000006c4000000| Complete 
| 785|0x00000006c4400000, 0x00000006c4800000, 0x00000006c4800000|100%| E|CS|TAMS 0x00000006c4400000| PB 0x00000006c4400000| Complete 
| 786|0x00000006c4800000, 0x00000006c4c00000, 0x00000006c4c00000|100%| E|CS|TAMS 0x00000006c4800000| PB 0x00000006c4800000| Complete 
| 787|0x00000006c4c00000, 0x00000006c5000000, 0x00000006c5000000|100%| E|CS|TAMS 0x00000006c4c00000| PB 0x00000006c4c00000| Complete 
| 788|0x00000006c5000000, 0x00000006c5400000, 0x00000006c5400000|100%| E|CS|TAMS 0x00000006c5000000| PB 0x00000006c5000000| Complete 
| 789|0x00000006c5400000, 0x00000006c5800000, 0x00000006c5800000|100%| E|CS|TAMS 0x00000006c5400000| PB 0x00000006c5400000| Complete 
| 790|0x00000006c5800000, 0x00000006c5c00000, 0x00000006c5c00000|100%| E|CS|TAMS 0x00000006c5800000| PB 0x00000006c5800000| Complete 
| 791|0x00000006c5c00000, 0x00000006c6000000, 0x00000006c6000000|100%| E|CS|TAMS 0x00000006c5c00000| PB 0x00000006c5c00000| Complete 
| 792|0x00000006c6000000, 0x00000006c6400000, 0x00000006c6400000|100%| E|CS|TAMS 0x00000006c6000000| PB 0x00000006c6000000| Complete 
| 793|0x00000006c6400000, 0x00000006c6800000, 0x00000006c6800000|100%| E|CS|TAMS 0x00000006c6400000| PB 0x00000006c6400000| Complete 
| 794|0x00000006c6800000, 0x00000006c6c00000, 0x00000006c6c00000|100%| E|CS|TAMS 0x00000006c6800000| PB 0x00000006c6800000| Complete 
| 795|0x00000006c6c00000, 0x00000006c7000000, 0x00000006c7000000|100%| E|CS|TAMS 0x00000006c6c00000| PB 0x00000006c6c00000| Complete 
| 796|0x00000006c7000000, 0x00000006c7400000, 0x00000006c7400000|100%| E|CS|TAMS 0x00000006c7000000| PB 0x00000006c7000000| Complete 
| 797|0x00000006c7400000, 0x00000006c7800000, 0x00000006c7800000|100%| E|CS|TAMS 0x00000006c7400000| PB 0x00000006c7400000| Complete 
| 798|0x00000006c7800000, 0x00000006c7c00000, 0x00000006c7c00000|100%| E|CS|TAMS 0x00000006c7800000| PB 0x00000006c7800000| Complete 
| 799|0x00000006c7c00000, 0x00000006c8000000, 0x00000006c8000000|100%| E|CS|TAMS 0x00000006c7c00000| PB 0x00000006c7c00000| Complete 
| 800|0x00000006c8000000, 0x00000006c8400000, 0x00000006c8400000|100%| E|CS|TAMS 0x00000006c8000000| PB 0x00000006c8000000| Complete 
| 801|0x00000006c8400000, 0x00000006c8800000, 0x00000006c8800000|100%| E|CS|TAMS 0x00000006c8400000| PB 0x00000006c8400000| Complete 
| 802|0x00000006c8800000, 0x00000006c8c00000, 0x00000006c8c00000|100%| E|CS|TAMS 0x00000006c8800000| PB 0x00000006c8800000| Complete 
| 803|0x00000006c8c00000, 0x00000006c9000000, 0x00000006c9000000|100%| E|CS|TAMS 0x00000006c8c00000| PB 0x00000006c8c00000| Complete 
| 804|0x00000006c9000000, 0x00000006c9400000, 0x00000006c9400000|100%| E|CS|TAMS 0x00000006c9000000| PB 0x00000006c9000000| Complete 
| 805|0x00000006c9400000, 0x00000006c9800000, 0x00000006c9800000|100%| E|CS|TAMS 0x00000006c9400000| PB 0x00000006c9400000| Complete 
| 806|0x00000006c9800000, 0x00000006c9c00000, 0x00000006c9c00000|100%| E|CS|TAMS 0x00000006c9800000| PB 0x00000006c9800000| Complete 
| 807|0x00000006c9c00000, 0x00000006ca000000, 0x00000006ca000000|100%| E|CS|TAMS 0x00000006c9c00000| PB 0x00000006c9c00000| Complete 
| 808|0x00000006ca000000, 0x00000006ca400000, 0x00000006ca400000|100%| E|CS|TAMS 0x00000006ca000000| PB 0x00000006ca000000| Complete 
| 809|0x00000006ca400000, 0x00000006ca800000, 0x00000006ca800000|100%| E|CS|TAMS 0x00000006ca400000| PB 0x00000006ca400000| Complete 
| 810|0x00000006ca800000, 0x00000006cac00000, 0x00000006cac00000|100%| E|CS|TAMS 0x00000006ca800000| PB 0x00000006ca800000| Complete 
| 811|0x00000006cac00000, 0x00000006cb000000, 0x00000006cb000000|100%| E|CS|TAMS 0x00000006cac00000| PB 0x00000006cac00000| Complete 
| 812|0x00000006cb000000, 0x00000006cb400000, 0x00000006cb400000|100%| E|CS|TAMS 0x00000006cb000000| PB 0x00000006cb000000| Complete 
| 813|0x00000006cb400000, 0x00000006cb800000, 0x00000006cb800000|100%| E|CS|TAMS 0x00000006cb400000| PB 0x00000006cb400000| Complete 
| 814|0x00000006cb800000, 0x00000006cbc00000, 0x00000006cbc00000|100%| E|CS|TAMS 0x00000006cb800000| PB 0x00000006cb800000| Complete 
| 815|0x00000006cbc00000, 0x00000006cc000000, 0x00000006cc000000|100%| E|CS|TAMS 0x00000006cbc00000| PB 0x00000006cbc00000| Complete 
| 816|0x00000006cc000000, 0x00000006cc400000, 0x00000006cc400000|100%| E|CS|TAMS 0x00000006cc000000| PB 0x00000006cc000000| Complete 
| 817|0x00000006cc400000, 0x00000006cc800000, 0x00000006cc800000|100%| E|CS|TAMS 0x00000006cc400000| PB 0x00000006cc400000| Complete 
| 818|0x00000006cc800000, 0x00000006ccc00000, 0x00000006ccc00000|100%| E|CS|TAMS 0x00000006cc800000| PB 0x00000006cc800000| Complete 
| 819|0x00000006ccc00000, 0x00000006cd000000, 0x00000006cd000000|100%| E|CS|TAMS 0x00000006ccc00000| PB 0x00000006ccc00000| Complete 
| 820|0x00000006cd000000, 0x00000006cd400000, 0x00000006cd400000|100%| E|CS|TAMS 0x00000006cd000000| PB 0x00000006cd000000| Complete 
| 821|0x00000006cd400000, 0x00000006cd800000, 0x00000006cd800000|100%| E|CS|TAMS 0x00000006cd400000| PB 0x00000006cd400000| Complete 
| 822|0x00000006cd800000, 0x00000006cdc00000, 0x00000006cdc00000|100%| E|CS|TAMS 0x00000006cd800000| PB 0x00000006cd800000| Complete 
| 823|0x00000006cdc00000, 0x00000006ce000000, 0x00000006ce000000|100%| E|CS|TAMS 0x00000006cdc00000| PB 0x00000006cdc00000| Complete 
| 824|0x00000006ce000000, 0x00000006ce400000, 0x00000006ce400000|100%| E|CS|TAMS 0x00000006ce000000| PB 0x00000006ce000000| Complete 
| 825|0x00000006ce400000, 0x00000006ce800000, 0x00000006ce800000|100%| E|CS|TAMS 0x00000006ce400000| PB 0x00000006ce400000| Complete 
| 826|0x00000006ce800000, 0x00000006cec00000, 0x00000006cec00000|100%| E|CS|TAMS 0x00000006ce800000| PB 0x00000006ce800000| Complete 
| 827|0x00000006cec00000, 0x00000006cf000000, 0x00000006cf000000|100%| E|CS|TAMS 0x00000006cec00000| PB 0x00000006cec00000| Complete 
| 828|0x00000006cf000000, 0x00000006cf400000, 0x00000006cf400000|100%| E|CS|TAMS 0x00000006cf000000| PB 0x00000006cf000000| Complete 
| 829|0x00000006cf400000, 0x00000006cf800000, 0x00000006cf800000|100%| E|CS|TAMS 0x00000006cf400000| PB 0x00000006cf400000| Complete 
| 830|0x00000006cf800000, 0x00000006cfc00000, 0x00000006cfc00000|100%| E|CS|TAMS 0x00000006cf800000| PB 0x00000006cf800000| Complete 
| 831|0x00000006cfc00000, 0x00000006d0000000, 0x00000006d0000000|100%| E|CS|TAMS 0x00000006cfc00000| PB 0x00000006cfc00000| Complete 
| 832|0x00000006d0000000, 0x00000006d0400000, 0x00000006d0400000|100%| E|CS|TAMS 0x00000006d0000000| PB 0x00000006d0000000| Complete 
| 833|0x00000006d0400000, 0x00000006d0800000, 0x00000006d0800000|100%| E|CS|TAMS 0x00000006d0400000| PB 0x00000006d0400000| Complete 
| 834|0x00000006d0800000, 0x00000006d0c00000, 0x00000006d0c00000|100%| E|CS|TAMS 0x00000006d0800000| PB 0x00000006d0800000| Complete 
| 835|0x00000006d0c00000, 0x00000006d1000000, 0x00000006d1000000|100%| E|CS|TAMS 0x00000006d0c00000| PB 0x00000006d0c00000| Complete 
| 836|0x00000006d1000000, 0x00000006d1400000, 0x00000006d1400000|100%| E|CS|TAMS 0x00000006d1000000| PB 0x00000006d1000000| Complete 
| 837|0x00000006d1400000, 0x00000006d1800000, 0x00000006d1800000|100%| E|CS|TAMS 0x00000006d1400000| PB 0x00000006d1400000| Complete 
| 838|0x00000006d1800000, 0x00000006d1c00000, 0x00000006d1c00000|100%| E|CS|TAMS 0x00000006d1800000| PB 0x00000006d1800000| Complete 
| 839|0x00000006d1c00000, 0x00000006d2000000, 0x00000006d2000000|100%| E|CS|TAMS 0x00000006d1c00000| PB 0x00000006d1c00000| Complete 
| 840|0x00000006d2000000, 0x00000006d2400000, 0x00000006d2400000|100%| E|CS|TAMS 0x00000006d2000000| PB 0x00000006d2000000| Complete 
| 841|0x00000006d2400000, 0x00000006d2800000, 0x00000006d2800000|100%| E|CS|TAMS 0x00000006d2400000| PB 0x00000006d2400000| Complete 
| 842|0x00000006d2800000, 0x00000006d2c00000, 0x00000006d2c00000|100%| E|CS|TAMS 0x00000006d2800000| PB 0x00000006d2800000| Complete 
| 843|0x00000006d2c00000, 0x00000006d3000000, 0x00000006d3000000|100%| E|CS|TAMS 0x00000006d2c00000| PB 0x00000006d2c00000| Complete 
| 844|0x00000006d3000000, 0x00000006d3400000, 0x00000006d3400000|100%| E|CS|TAMS 0x00000006d3000000| PB 0x00000006d3000000| Complete 
| 845|0x00000006d3400000, 0x00000006d3800000, 0x00000006d3800000|100%| E|CS|TAMS 0x00000006d3400000| PB 0x00000006d3400000| Complete 
| 846|0x00000006d3800000, 0x00000006d3c00000, 0x00000006d3c00000|100%| E|CS|TAMS 0x00000006d3800000| PB 0x00000006d3800000| Complete 
| 847|0x00000006d3c00000, 0x00000006d4000000, 0x00000006d4000000|100%| E|CS|TAMS 0x00000006d3c00000| PB 0x00000006d3c00000| Complete 
| 848|0x00000006d4000000, 0x00000006d4400000, 0x00000006d4400000|100%| E|CS|TAMS 0x00000006d4000000| PB 0x00000006d4000000| Complete 
| 849|0x00000006d4400000, 0x00000006d4800000, 0x00000006d4800000|100%| E|CS|TAMS 0x00000006d4400000| PB 0x00000006d4400000| Complete 
| 850|0x00000006d4800000, 0x00000006d4c00000, 0x00000006d4c00000|100%| E|CS|TAMS 0x00000006d4800000| PB 0x00000006d4800000| Complete 
| 851|0x00000006d4c00000, 0x00000006d5000000, 0x00000006d5000000|100%| E|CS|TAMS 0x00000006d4c00000| PB 0x00000006d4c00000| Complete 
| 852|0x00000006d5000000, 0x00000006d5400000, 0x00000006d5400000|100%| E|CS|TAMS 0x00000006d5000000| PB 0x00000006d5000000| Complete 
| 853|0x00000006d5400000, 0x00000006d5800000, 0x00000006d5800000|100%| E|CS|TAMS 0x00000006d5400000| PB 0x00000006d5400000| Complete 
| 854|0x00000006d5800000, 0x00000006d5c00000, 0x00000006d5c00000|100%| E|CS|TAMS 0x00000006d5800000| PB 0x00000006d5800000| Complete 
| 855|0x00000006d5c00000, 0x00000006d6000000, 0x00000006d6000000|100%| E|CS|TAMS 0x00000006d5c00000| PB 0x00000006d5c00000| Complete 
| 856|0x00000006d6000000, 0x00000006d6400000, 0x00000006d6400000|100%| E|CS|TAMS 0x00000006d6000000| PB 0x00000006d6000000| Complete 
| 857|0x00000006d6400000, 0x00000006d6800000, 0x00000006d6800000|100%| E|CS|TAMS 0x00000006d6400000| PB 0x00000006d6400000| Complete 
| 858|0x00000006d6800000, 0x00000006d6c00000, 0x00000006d6c00000|100%| E|CS|TAMS 0x00000006d6800000| PB 0x00000006d6800000| Complete 
| 859|0x00000006d6c00000, 0x00000006d6f87ec0, 0x00000006d7000000| 88%| S|CS|TAMS 0x00000006d6c00000| PB 0x00000006d6c00000| Complete 
| 860|0x00000006d7000000, 0x00000006d7400000, 0x00000006d7400000|100%| S|CS|TAMS 0x00000006d7000000| PB 0x00000006d7000000| Complete 
| 861|0x00000006d7400000, 0x00000006d7800000, 0x00000006d7800000|100%| S|CS|TAMS 0x00000006d7400000| PB 0x00000006d7400000| Complete 
| 862|0x00000006d7800000, 0x00000006d7c00000, 0x00000006d7c00000|100%| S|CS|TAMS 0x00000006d7800000| PB 0x00000006d7800000| Complete 
| 863|0x00000006d7c00000, 0x00000006d8000000, 0x00000006d8000000|100%| S|CS|TAMS 0x00000006d7c00000| PB 0x00000006d7c00000| Complete 
| 864|0x00000006d8000000, 0x00000006d8400000, 0x00000006d8400000|100%| S|CS|TAMS 0x00000006d8000000| PB 0x00000006d8000000| Complete 
| 865|0x00000006d8400000, 0x00000006d8800000, 0x00000006d8800000|100%| S|CS|TAMS 0x00000006d8400000| PB 0x00000006d8400000| Complete 
| 866|0x00000006d8800000, 0x00000006d8c00000, 0x00000006d8c00000|100%| S|CS|TAMS 0x00000006d8800000| PB 0x00000006d8800000| Complete 
| 867|0x00000006d8c00000, 0x00000006d9000000, 0x00000006d9000000|100%| S|CS|TAMS 0x00000006d8c00000| PB 0x00000006d8c00000| Complete 
| 868|0x00000006d9000000, 0x00000006d9400000, 0x00000006d9400000|100%| E|CS|TAMS 0x00000006d9000000| PB 0x00000006d9000000| Complete 
| 869|0x00000006d9400000, 0x00000006d9800000, 0x00000006d9800000|100%| E|CS|TAMS 0x00000006d9400000| PB 0x00000006d9400000| Complete 
| 870|0x00000006d9800000, 0x00000006d9c00000, 0x00000006d9c00000|100%| E|CS|TAMS 0x00000006d9800000| PB 0x00000006d9800000| Complete 
| 871|0x00000006d9c00000, 0x00000006da000000, 0x00000006da000000|100%| E|CS|TAMS 0x00000006d9c00000| PB 0x00000006d9c00000| Complete 
| 872|0x00000006da000000, 0x00000006da400000, 0x00000006da400000|100%| E|CS|TAMS 0x00000006da000000| PB 0x00000006da000000| Complete 
| 873|0x00000006da400000, 0x00000006da800000, 0x00000006da800000|100%| E|CS|TAMS 0x00000006da400000| PB 0x00000006da400000| Complete 
| 874|0x00000006da800000, 0x00000006dac00000, 0x00000006dac00000|100%| E|CS|TAMS 0x00000006da800000| PB 0x00000006da800000| Complete 
| 875|0x00000006dac00000, 0x00000006db000000, 0x00000006db000000|100%| E|CS|TAMS 0x00000006dac00000| PB 0x00000006dac00000| Complete 
| 876|0x00000006db000000, 0x00000006db400000, 0x00000006db400000|100%| E|CS|TAMS 0x00000006db000000| PB 0x00000006db000000| Complete 
| 877|0x00000006db400000, 0x00000006db800000, 0x00000006db800000|100%| E|CS|TAMS 0x00000006db400000| PB 0x00000006db400000| Complete 
| 878|0x00000006db800000, 0x00000006dbc00000, 0x00000006dbc00000|100%| E|CS|TAMS 0x00000006db800000| PB 0x00000006db800000| Complete 
| 879|0x00000006dbc00000, 0x00000006dc000000, 0x00000006dc000000|100%| E|CS|TAMS 0x00000006dbc00000| PB 0x00000006dbc00000| Complete 
| 880|0x00000006dc000000, 0x00000006dc400000, 0x00000006dc400000|100%| E|CS|TAMS 0x00000006dc000000| PB 0x00000006dc000000| Complete 
| 881|0x00000006dc400000, 0x00000006dc800000, 0x00000006dc800000|100%| E|CS|TAMS 0x00000006dc400000| PB 0x00000006dc400000| Complete 
| 882|0x00000006dc800000, 0x00000006dcc00000, 0x00000006dcc00000|100%| E|CS|TAMS 0x00000006dc800000| PB 0x00000006dc800000| Complete 
| 883|0x00000006dcc00000, 0x00000006dd000000, 0x00000006dd000000|100%| E|CS|TAMS 0x00000006dcc00000| PB 0x00000006dcc00000| Complete 
| 884|0x00000006dd000000, 0x00000006dd400000, 0x00000006dd400000|100%| E|CS|TAMS 0x00000006dd000000| PB 0x00000006dd000000| Complete 
| 885|0x00000006dd400000, 0x00000006dd800000, 0x00000006dd800000|100%| E|CS|TAMS 0x00000006dd400000| PB 0x00000006dd400000| Complete 
| 886|0x00000006dd800000, 0x00000006ddc00000, 0x00000006ddc00000|100%| E|CS|TAMS 0x00000006dd800000| PB 0x00000006dd800000| Complete 
| 887|0x00000006ddc00000, 0x00000006de000000, 0x00000006de000000|100%| E|CS|TAMS 0x00000006ddc00000| PB 0x00000006ddc00000| Complete 
| 888|0x00000006de000000, 0x00000006de400000, 0x00000006de400000|100%| E|CS|TAMS 0x00000006de000000| PB 0x00000006de000000| Complete 
| 889|0x00000006de400000, 0x00000006de800000, 0x00000006de800000|100%| E|CS|TAMS 0x00000006de400000| PB 0x00000006de400000| Complete 
| 890|0x00000006de800000, 0x00000006dec00000, 0x00000006dec00000|100%| E|CS|TAMS 0x00000006de800000| PB 0x00000006de800000| Complete 
| 891|0x00000006dec00000, 0x00000006df000000, 0x00000006df000000|100%| E|CS|TAMS 0x00000006dec00000| PB 0x00000006dec00000| Complete 
| 892|0x00000006df000000, 0x00000006df400000, 0x00000006df400000|100%| E|CS|TAMS 0x00000006df000000| PB 0x00000006df000000| Complete 
| 893|0x00000006df400000, 0x00000006df800000, 0x00000006df800000|100%| E|CS|TAMS 0x00000006df400000| PB 0x00000006df400000| Complete 
| 894|0x00000006df800000, 0x00000006dfc00000, 0x00000006dfc00000|100%| E|CS|TAMS 0x00000006df800000| PB 0x00000006df800000| Complete 
| 895|0x00000006dfc00000, 0x00000006e0000000, 0x00000006e0000000|100%| E|CS|TAMS 0x00000006dfc00000| PB 0x00000006dfc00000| Complete 
| 896|0x00000006e0000000, 0x00000006e0400000, 0x00000006e0400000|100%| E|CS|TAMS 0x00000006e0000000| PB 0x00000006e0000000| Complete 
| 897|0x00000006e0400000, 0x00000006e0800000, 0x00000006e0800000|100%| E|CS|TAMS 0x00000006e0400000| PB 0x00000006e0400000| Complete 
| 898|0x00000006e0800000, 0x00000006e0c00000, 0x00000006e0c00000|100%| E|CS|TAMS 0x00000006e0800000| PB 0x00000006e0800000| Complete 
| 899|0x00000006e0c00000, 0x00000006e1000000, 0x00000006e1000000|100%| E|CS|TAMS 0x00000006e0c00000| PB 0x00000006e0c00000| Complete 
| 900|0x00000006e1000000, 0x00000006e1400000, 0x00000006e1400000|100%| E|CS|TAMS 0x00000006e1000000| PB 0x00000006e1000000| Complete 
| 901|0x00000006e1400000, 0x00000006e1800000, 0x00000006e1800000|100%| E|CS|TAMS 0x00000006e1400000| PB 0x00000006e1400000| Complete 
| 902|0x00000006e1800000, 0x00000006e1c00000, 0x00000006e1c00000|100%| E|CS|TAMS 0x00000006e1800000| PB 0x00000006e1800000| Complete 
| 903|0x00000006e1c00000, 0x00000006e2000000, 0x00000006e2000000|100%| E|CS|TAMS 0x00000006e1c00000| PB 0x00000006e1c00000| Complete 
| 904|0x00000006e2000000, 0x00000006e2400000, 0x00000006e2400000|100%| E|CS|TAMS 0x00000006e2000000| PB 0x00000006e2000000| Complete 
| 905|0x00000006e2400000, 0x00000006e2800000, 0x00000006e2800000|100%| E|CS|TAMS 0x00000006e2400000| PB 0x00000006e2400000| Complete 
| 906|0x00000006e2800000, 0x00000006e2c00000, 0x00000006e2c00000|100%| E|CS|TAMS 0x00000006e2800000| PB 0x00000006e2800000| Complete 
| 907|0x00000006e2c00000, 0x00000006e3000000, 0x00000006e3000000|100%| E|CS|TAMS 0x00000006e2c00000| PB 0x00000006e2c00000| Complete 
| 908|0x00000006e3000000, 0x00000006e3400000, 0x00000006e3400000|100%| E|CS|TAMS 0x00000006e3000000| PB 0x00000006e3000000| Complete 
| 909|0x00000006e3400000, 0x00000006e3800000, 0x00000006e3800000|100%| E|CS|TAMS 0x00000006e3400000| PB 0x00000006e3400000| Complete 
| 910|0x00000006e3800000, 0x00000006e3c00000, 0x00000006e3c00000|100%| E|CS|TAMS 0x00000006e3800000| PB 0x00000006e3800000| Complete 
| 911|0x00000006e3c00000, 0x00000006e4000000, 0x00000006e4000000|100%| E|CS|TAMS 0x00000006e3c00000| PB 0x00000006e3c00000| Complete 
| 912|0x00000006e4000000, 0x00000006e4400000, 0x00000006e4400000|100%| E|CS|TAMS 0x00000006e4000000| PB 0x00000006e4000000| Complete 
| 913|0x00000006e4400000, 0x00000006e4800000, 0x00000006e4800000|100%| E|CS|TAMS 0x00000006e4400000| PB 0x00000006e4400000| Complete 
| 914|0x00000006e4800000, 0x00000006e4c00000, 0x00000006e4c00000|100%| E|CS|TAMS 0x00000006e4800000| PB 0x00000006e4800000| Complete 
| 915|0x00000006e4c00000, 0x00000006e5000000, 0x00000006e5000000|100%| E|CS|TAMS 0x00000006e4c00000| PB 0x00000006e4c00000| Complete 
| 916|0x00000006e5000000, 0x00000006e5400000, 0x00000006e5400000|100%| E|CS|TAMS 0x00000006e5000000| PB 0x00000006e5000000| Complete 
| 917|0x00000006e5400000, 0x00000006e5800000, 0x00000006e5800000|100%| E|CS|TAMS 0x00000006e5400000| PB 0x00000006e5400000| Complete 
| 918|0x00000006e5800000, 0x00000006e5c00000, 0x00000006e5c00000|100%| E|CS|TAMS 0x00000006e5800000| PB 0x00000006e5800000| Complete 
| 919|0x00000006e5c00000, 0x00000006e6000000, 0x00000006e6000000|100%| E|CS|TAMS 0x00000006e5c00000| PB 0x00000006e5c00000| Complete 
| 920|0x00000006e6000000, 0x00000006e6400000, 0x00000006e6400000|100%| E|CS|TAMS 0x00000006e6000000| PB 0x00000006e6000000| Complete 
| 921|0x00000006e6400000, 0x00000006e6800000, 0x00000006e6800000|100%| E|CS|TAMS 0x00000006e6400000| PB 0x00000006e6400000| Complete 
| 922|0x00000006e6800000, 0x00000006e6c00000, 0x00000006e6c00000|100%| E|CS|TAMS 0x00000006e6800000| PB 0x00000006e6800000| Complete 
| 923|0x00000006e6c00000, 0x00000006e7000000, 0x00000006e7000000|100%| E|CS|TAMS 0x00000006e6c00000| PB 0x00000006e6c00000| Complete 
| 924|0x00000006e7000000, 0x00000006e7400000, 0x00000006e7400000|100%| E|CS|TAMS 0x00000006e7000000| PB 0x00000006e7000000| Complete 
| 925|0x00000006e7400000, 0x00000006e7800000, 0x00000006e7800000|100%| E|CS|TAMS 0x00000006e7400000| PB 0x00000006e7400000| Complete 
| 926|0x00000006e7800000, 0x00000006e7c00000, 0x00000006e7c00000|100%| E|CS|TAMS 0x00000006e7800000| PB 0x00000006e7800000| Complete 
| 927|0x00000006e7c00000, 0x00000006e8000000, 0x00000006e8000000|100%| E|CS|TAMS 0x00000006e7c00000| PB 0x00000006e7c00000| Complete 
| 928|0x00000006e8000000, 0x00000006e8400000, 0x00000006e8400000|100%| E|CS|TAMS 0x00000006e8000000| PB 0x00000006e8000000| Complete 
| 929|0x00000006e8400000, 0x00000006e8800000, 0x00000006e8800000|100%| E|CS|TAMS 0x00000006e8400000| PB 0x00000006e8400000| Complete 
| 930|0x00000006e8800000, 0x00000006e8c00000, 0x00000006e8c00000|100%| E|CS|TAMS 0x00000006e8800000| PB 0x00000006e8800000| Complete 
| 931|0x00000006e8c00000, 0x00000006e9000000, 0x00000006e9000000|100%| E|CS|TAMS 0x00000006e8c00000| PB 0x00000006e8c00000| Complete 
| 932|0x00000006e9000000, 0x00000006e9400000, 0x00000006e9400000|100%| E|CS|TAMS 0x00000006e9000000| PB 0x00000006e9000000| Complete 
| 933|0x00000006e9400000, 0x00000006e9800000, 0x00000006e9800000|100%| E|CS|TAMS 0x00000006e9400000| PB 0x00000006e9400000| Complete 
| 934|0x00000006e9800000, 0x00000006e9c00000, 0x00000006e9c00000|100%| E|CS|TAMS 0x00000006e9800000| PB 0x00000006e9800000| Complete 
| 935|0x00000006e9c00000, 0x00000006ea000000, 0x00000006ea000000|100%| E|CS|TAMS 0x00000006e9c00000| PB 0x00000006e9c00000| Complete 
| 936|0x00000006ea000000, 0x00000006ea400000, 0x00000006ea400000|100%| E|CS|TAMS 0x00000006ea000000| PB 0x00000006ea000000| Complete 
| 937|0x00000006ea400000, 0x00000006ea800000, 0x00000006ea800000|100%| E|CS|TAMS 0x00000006ea400000| PB 0x00000006ea400000| Complete 
| 938|0x00000006ea800000, 0x00000006eac00000, 0x00000006eac00000|100%| E|CS|TAMS 0x00000006ea800000| PB 0x00000006ea800000| Complete 
| 939|0x00000006eac00000, 0x00000006eb000000, 0x00000006eb000000|100%| E|CS|TAMS 0x00000006eac00000| PB 0x00000006eac00000| Complete 
| 940|0x00000006eb000000, 0x00000006eb400000, 0x00000006eb400000|100%| E|CS|TAMS 0x00000006eb000000| PB 0x00000006eb000000| Complete 
| 941|0x00000006eb400000, 0x00000006eb800000, 0x00000006eb800000|100%| E|CS|TAMS 0x00000006eb400000| PB 0x00000006eb400000| Complete 
| 942|0x00000006eb800000, 0x00000006ebc00000, 0x00000006ebc00000|100%| E|CS|TAMS 0x00000006eb800000| PB 0x00000006eb800000| Complete 
| 943|0x00000006ebc00000, 0x00000006ec000000, 0x00000006ec000000|100%| E|CS|TAMS 0x00000006ebc00000| PB 0x00000006ebc00000| Complete 
| 944|0x00000006ec000000, 0x00000006ec400000, 0x00000006ec400000|100%| E|CS|TAMS 0x00000006ec000000| PB 0x00000006ec000000| Complete 
| 945|0x00000006ec400000, 0x00000006ec800000, 0x00000006ec800000|100%| E|CS|TAMS 0x00000006ec400000| PB 0x00000006ec400000| Complete 
| 946|0x00000006ec800000, 0x00000006ecc00000, 0x00000006ecc00000|100%| E|CS|TAMS 0x00000006ec800000| PB 0x00000006ec800000| Complete 
| 947|0x00000006ecc00000, 0x00000006ed000000, 0x00000006ed000000|100%| E|CS|TAMS 0x00000006ecc00000| PB 0x00000006ecc00000| Complete 
| 948|0x00000006ed000000, 0x00000006ed400000, 0x00000006ed400000|100%| E|CS|TAMS 0x00000006ed000000| PB 0x00000006ed000000| Complete 
| 949|0x00000006ed400000, 0x00000006ed800000, 0x00000006ed800000|100%| E|CS|TAMS 0x00000006ed400000| PB 0x00000006ed400000| Complete 
| 950|0x00000006ed800000, 0x00000006edc00000, 0x00000006edc00000|100%| E|CS|TAMS 0x00000006ed800000| PB 0x00000006ed800000| Complete 
| 951|0x00000006edc00000, 0x00000006ee000000, 0x00000006ee000000|100%| E|CS|TAMS 0x00000006edc00000| PB 0x00000006edc00000| Complete 
| 952|0x00000006ee000000, 0x00000006ee400000, 0x00000006ee400000|100%| E|CS|TAMS 0x00000006ee000000| PB 0x00000006ee000000| Complete 
| 953|0x00000006ee400000, 0x00000006ee800000, 0x00000006ee800000|100%| E|CS|TAMS 0x00000006ee400000| PB 0x00000006ee400000| Complete 
| 954|0x00000006ee800000, 0x00000006eec00000, 0x00000006eec00000|100%| E|CS|TAMS 0x00000006ee800000| PB 0x00000006ee800000| Complete 
| 955|0x00000006eec00000, 0x00000006ef000000, 0x00000006ef000000|100%| E|CS|TAMS 0x00000006eec00000| PB 0x00000006eec00000| Complete 
| 956|0x00000006ef000000, 0x00000006ef400000, 0x00000006ef400000|100%| E|CS|TAMS 0x00000006ef000000| PB 0x00000006ef000000| Complete 
| 957|0x00000006ef400000, 0x00000006ef800000, 0x00000006ef800000|100%| E|CS|TAMS 0x00000006ef400000| PB 0x00000006ef400000| Complete 
| 958|0x00000006ef800000, 0x00000006efc00000, 0x00000006efc00000|100%| E|CS|TAMS 0x00000006ef800000| PB 0x00000006ef800000| Complete 
| 959|0x00000006efc00000, 0x00000006f0000000, 0x00000006f0000000|100%| E|CS|TAMS 0x00000006efc00000| PB 0x00000006efc00000| Complete 
| 960|0x00000006f0000000, 0x00000006f0400000, 0x00000006f0400000|100%| E|CS|TAMS 0x00000006f0000000| PB 0x00000006f0000000| Complete 
| 961|0x00000006f0400000, 0x00000006f0800000, 0x00000006f0800000|100%| E|CS|TAMS 0x00000006f0400000| PB 0x00000006f0400000| Complete 
| 962|0x00000006f0800000, 0x00000006f0c00000, 0x00000006f0c00000|100%| E|CS|TAMS 0x00000006f0800000| PB 0x00000006f0800000| Complete 
| 963|0x00000006f0c00000, 0x00000006f1000000, 0x00000006f1000000|100%| E|CS|TAMS 0x00000006f0c00000| PB 0x00000006f0c00000| Complete 
| 964|0x00000006f1000000, 0x00000006f1400000, 0x00000006f1400000|100%| E|CS|TAMS 0x00000006f1000000| PB 0x00000006f1000000| Complete 
| 965|0x00000006f1400000, 0x00000006f1800000, 0x00000006f1800000|100%| E|CS|TAMS 0x00000006f1400000| PB 0x00000006f1400000| Complete 
| 966|0x00000006f1800000, 0x00000006f1c00000, 0x00000006f1c00000|100%| E|CS|TAMS 0x00000006f1800000| PB 0x00000006f1800000| Complete 
| 967|0x00000006f1c00000, 0x00000006f2000000, 0x00000006f2000000|100%| E|CS|TAMS 0x00000006f1c00000| PB 0x00000006f1c00000| Complete 
| 968|0x00000006f2000000, 0x00000006f2400000, 0x00000006f2400000|100%| E|CS|TAMS 0x00000006f2000000| PB 0x00000006f2000000| Complete 
| 969|0x00000006f2400000, 0x00000006f2800000, 0x00000006f2800000|100%| E|CS|TAMS 0x00000006f2400000| PB 0x00000006f2400000| Complete 
| 970|0x00000006f2800000, 0x00000006f2c00000, 0x00000006f2c00000|100%| E|CS|TAMS 0x00000006f2800000| PB 0x00000006f2800000| Complete 
| 971|0x00000006f2c00000, 0x00000006f3000000, 0x00000006f3000000|100%| E|CS|TAMS 0x00000006f2c00000| PB 0x00000006f2c00000| Complete 
| 972|0x00000006f3000000, 0x00000006f3400000, 0x00000006f3400000|100%| E|CS|TAMS 0x00000006f3000000| PB 0x00000006f3000000| Complete 
| 973|0x00000006f3400000, 0x00000006f3800000, 0x00000006f3800000|100%| E|CS|TAMS 0x00000006f3400000| PB 0x00000006f3400000| Complete 
| 974|0x00000006f3800000, 0x00000006f3c00000, 0x00000006f3c00000|100%| E|CS|TAMS 0x00000006f3800000| PB 0x00000006f3800000| Complete 
| 975|0x00000006f3c00000, 0x00000006f4000000, 0x00000006f4000000|100%| E|CS|TAMS 0x00000006f3c00000| PB 0x00000006f3c00000| Complete 
| 976|0x00000006f4000000, 0x00000006f4400000, 0x00000006f4400000|100%| E|CS|TAMS 0x00000006f4000000| PB 0x00000006f4000000| Complete 
| 977|0x00000006f4400000, 0x00000006f4800000, 0x00000006f4800000|100%| E|CS|TAMS 0x00000006f4400000| PB 0x00000006f4400000| Complete 
| 978|0x00000006f4800000, 0x00000006f4c00000, 0x00000006f4c00000|100%| E|CS|TAMS 0x00000006f4800000| PB 0x00000006f4800000| Complete 
| 979|0x00000006f4c00000, 0x00000006f5000000, 0x00000006f5000000|100%| E|CS|TAMS 0x00000006f4c00000| PB 0x00000006f4c00000| Complete 
| 980|0x00000006f5000000, 0x00000006f5400000, 0x00000006f5400000|100%| E|CS|TAMS 0x00000006f5000000| PB 0x00000006f5000000| Complete 
| 981|0x00000006f5400000, 0x00000006f5800000, 0x00000006f5800000|100%| E|CS|TAMS 0x00000006f5400000| PB 0x00000006f5400000| Complete 
| 982|0x00000006f5800000, 0x00000006f5c00000, 0x00000006f5c00000|100%| E|CS|TAMS 0x00000006f5800000| PB 0x00000006f5800000| Complete 
| 983|0x00000006f5c00000, 0x00000006f6000000, 0x00000006f6000000|100%| E|CS|TAMS 0x00000006f5c00000| PB 0x00000006f5c00000| Complete 
| 984|0x00000006f6000000, 0x00000006f6400000, 0x00000006f6400000|100%| E|CS|TAMS 0x00000006f6000000| PB 0x00000006f6000000| Complete 
| 985|0x00000006f6400000, 0x00000006f6800000, 0x00000006f6800000|100%| E|CS|TAMS 0x00000006f6400000| PB 0x00000006f6400000| Complete 
| 986|0x00000006f6800000, 0x00000006f6c00000, 0x00000006f6c00000|100%| E|CS|TAMS 0x00000006f6800000| PB 0x00000006f6800000| Complete 
| 987|0x00000006f6c00000, 0x00000006f7000000, 0x00000006f7000000|100%| E|CS|TAMS 0x00000006f6c00000| PB 0x00000006f6c00000| Complete 
| 988|0x00000006f7000000, 0x00000006f7400000, 0x00000006f7400000|100%| E|CS|TAMS 0x00000006f7000000| PB 0x00000006f7000000| Complete 
| 989|0x00000006f7400000, 0x00000006f7800000, 0x00000006f7800000|100%| E|CS|TAMS 0x00000006f7400000| PB 0x00000006f7400000| Complete 
| 990|0x00000006f7800000, 0x00000006f7c00000, 0x00000006f7c00000|100%| E|CS|TAMS 0x00000006f7800000| PB 0x00000006f7800000| Complete 
| 991|0x00000006f7c00000, 0x00000006f8000000, 0x00000006f8000000|100%| E|CS|TAMS 0x00000006f7c00000| PB 0x00000006f7c00000| Complete 
| 992|0x00000006f8000000, 0x00000006f8400000, 0x00000006f8400000|100%| E|CS|TAMS 0x00000006f8000000| PB 0x00000006f8000000| Complete 
| 993|0x00000006f8400000, 0x00000006f8800000, 0x00000006f8800000|100%| E|CS|TAMS 0x00000006f8400000| PB 0x00000006f8400000| Complete 
| 994|0x00000006f8800000, 0x00000006f8c00000, 0x00000006f8c00000|100%| E|CS|TAMS 0x00000006f8800000| PB 0x00000006f8800000| Complete 
| 995|0x00000006f8c00000, 0x00000006f9000000, 0x00000006f9000000|100%| E|CS|TAMS 0x00000006f8c00000| PB 0x00000006f8c00000| Complete 
| 996|0x00000006f9000000, 0x00000006f9400000, 0x00000006f9400000|100%| E|CS|TAMS 0x00000006f9000000| PB 0x00000006f9000000| Complete 
| 997|0x00000006f9400000, 0x00000006f9800000, 0x00000006f9800000|100%| E|CS|TAMS 0x00000006f9400000| PB 0x00000006f9400000| Complete 
| 998|0x00000006f9800000, 0x00000006f9c00000, 0x00000006f9c00000|100%| E|CS|TAMS 0x00000006f9800000| PB 0x00000006f9800000| Complete 
| 999|0x00000006f9c00000, 0x00000006fa000000, 0x00000006fa000000|100%| E|CS|TAMS 0x00000006f9c00000| PB 0x00000006f9c00000| Complete 
|1000|0x00000006fa000000, 0x00000006fa400000, 0x00000006fa400000|100%| E|CS|TAMS 0x00000006fa000000| PB 0x00000006fa000000| Complete 
|1001|0x00000006fa400000, 0x00000006fa800000, 0x00000006fa800000|100%| E|CS|TAMS 0x00000006fa400000| PB 0x00000006fa400000| Complete 
|1002|0x00000006fa800000, 0x00000006fac00000, 0x00000006fac00000|100%| E|CS|TAMS 0x00000006fa800000| PB 0x00000006fa800000| Complete 
|1003|0x00000006fac00000, 0x00000006fb000000, 0x00000006fb000000|100%| E|CS|TAMS 0x00000006fac00000| PB 0x00000006fac00000| Complete 
|1004|0x00000006fb000000, 0x00000006fb400000, 0x00000006fb400000|100%| E|CS|TAMS 0x00000006fb000000| PB 0x00000006fb000000| Complete 
|1005|0x00000006fb400000, 0x00000006fb800000, 0x00000006fb800000|100%| E|CS|TAMS 0x00000006fb400000| PB 0x00000006fb400000| Complete 
|1006|0x00000006fb800000, 0x00000006fbc00000, 0x00000006fbc00000|100%| E|CS|TAMS 0x00000006fb800000| PB 0x00000006fb800000| Complete 
|1007|0x00000006fbc00000, 0x00000006fc000000, 0x00000006fc000000|100%| E|CS|TAMS 0x00000006fbc00000| PB 0x00000006fbc00000| Complete 
|1008|0x00000006fc000000, 0x00000006fc400000, 0x00000006fc400000|100%| E|CS|TAMS 0x00000006fc000000| PB 0x00000006fc000000| Complete 
|1009|0x00000006fc400000, 0x00000006fc800000, 0x00000006fc800000|100%| E|CS|TAMS 0x00000006fc400000| PB 0x00000006fc400000| Complete 
|1010|0x00000006fc800000, 0x00000006fcc00000, 0x00000006fcc00000|100%| E|CS|TAMS 0x00000006fc800000| PB 0x00000006fc800000| Complete 
|1011|0x00000006fcc00000, 0x00000006fd000000, 0x00000006fd000000|100%| E|CS|TAMS 0x00000006fcc00000| PB 0x00000006fcc00000| Complete 
|1012|0x00000006fd000000, 0x00000006fd400000, 0x00000006fd400000|100%| E|CS|TAMS 0x00000006fd000000| PB 0x00000006fd000000| Complete 
|1013|0x00000006fd400000, 0x00000006fd800000, 0x00000006fd800000|100%| E|CS|TAMS 0x00000006fd400000| PB 0x00000006fd400000| Complete 
|1014|0x00000006fd800000, 0x00000006fdc00000, 0x00000006fdc00000|100%| E|CS|TAMS 0x00000006fd800000| PB 0x00000006fd800000| Complete 
|1015|0x00000006fdc00000, 0x00000006fe000000, 0x00000006fe000000|100%| E|CS|TAMS 0x00000006fdc00000| PB 0x00000006fdc00000| Complete 
|1016|0x00000006fe000000, 0x00000006fe400000, 0x00000006fe400000|100%| E|CS|TAMS 0x00000006fe000000| PB 0x00000006fe000000| Complete 
|1017|0x00000006fe400000, 0x00000006fe800000, 0x00000006fe800000|100%| E|CS|TAMS 0x00000006fe400000| PB 0x00000006fe400000| Complete 
|1018|0x00000006fe800000, 0x00000006fec00000, 0x00000006fec00000|100%| E|CS|TAMS 0x00000006fe800000| PB 0x00000006fe800000| Complete 
|1019|0x00000006fec00000, 0x00000006ff000000, 0x00000006ff000000|100%| E|CS|TAMS 0x00000006fec00000| PB 0x00000006fec00000| Complete 
|1020|0x00000006ff000000, 0x00000006ff400000, 0x00000006ff400000|100%| E|CS|TAMS 0x00000006ff000000| PB 0x00000006ff000000| Complete 
|1021|0x00000006ff400000, 0x00000006ff800000, 0x00000006ff800000|100%| E|CS|TAMS 0x00000006ff400000| PB 0x00000006ff400000| Complete 
|1022|0x00000006ff800000, 0x00000006ffc00000, 0x00000006ffc00000|100%| E|CS|TAMS 0x00000006ff800000| PB 0x00000006ff800000| Complete 
|1023|0x00000006ffc00000, 0x0000000700000000, 0x0000000700000000|100%| E|CS|TAMS 0x00000006ffc00000| PB 0x00000006ffc00000| Complete 
|1024|0x0000000700000000, 0x0000000700400000, 0x0000000700400000|100%| E|CS|TAMS 0x0000000700000000| PB 0x0000000700000000| Complete 
|1025|0x0000000700400000, 0x0000000700800000, 0x0000000700800000|100%| E|CS|TAMS 0x0000000700400000| PB 0x0000000700400000| Complete 
|1026|0x0000000700800000, 0x0000000700c00000, 0x0000000700c00000|100%| E|CS|TAMS 0x0000000700800000| PB 0x0000000700800000| Complete 
|1027|0x0000000700c00000, 0x0000000701000000, 0x0000000701000000|100%| E|CS|TAMS 0x0000000700c00000| PB 0x0000000700c00000| Complete 
|1028|0x0000000701000000, 0x0000000701400000, 0x0000000701400000|100%| E|CS|TAMS 0x0000000701000000| PB 0x0000000701000000| Complete 
|1029|0x0000000701400000, 0x0000000701800000, 0x0000000701800000|100%| E|CS|TAMS 0x0000000701400000| PB 0x0000000701400000| Complete 
|1030|0x0000000701800000, 0x0000000701c00000, 0x0000000701c00000|100%| E|CS|TAMS 0x0000000701800000| PB 0x0000000701800000| Complete 
|1031|0x0000000701c00000, 0x0000000702000000, 0x0000000702000000|100%| E|CS|TAMS 0x0000000701c00000| PB 0x0000000701c00000| Complete 
|1032|0x0000000702000000, 0x0000000702400000, 0x0000000702400000|100%| E|CS|TAMS 0x0000000702000000| PB 0x0000000702000000| Complete 
|1033|0x0000000702400000, 0x0000000702800000, 0x0000000702800000|100%| E|CS|TAMS 0x0000000702400000| PB 0x0000000702400000| Complete 
|1034|0x0000000702800000, 0x0000000702c00000, 0x0000000702c00000|100%| E|CS|TAMS 0x0000000702800000| PB 0x0000000702800000| Complete 
|1035|0x0000000702c00000, 0x0000000703000000, 0x0000000703000000|100%| E|CS|TAMS 0x0000000702c00000| PB 0x0000000702c00000| Complete 
|1036|0x0000000703000000, 0x0000000703400000, 0x0000000703400000|100%| E|CS|TAMS 0x0000000703000000| PB 0x0000000703000000| Complete 
|1037|0x0000000703400000, 0x0000000703800000, 0x0000000703800000|100%| E|CS|TAMS 0x0000000703400000| PB 0x0000000703400000| Complete 
|1038|0x0000000703800000, 0x0000000703c00000, 0x0000000703c00000|100%| E|CS|TAMS 0x0000000703800000| PB 0x0000000703800000| Complete 
|1039|0x0000000703c00000, 0x0000000704000000, 0x0000000704000000|100%| E|CS|TAMS 0x0000000703c00000| PB 0x0000000703c00000| Complete 
|1040|0x0000000704000000, 0x0000000704400000, 0x0000000704400000|100%| E|CS|TAMS 0x0000000704000000| PB 0x0000000704000000| Complete 
|1041|0x0000000704400000, 0x0000000704800000, 0x0000000704800000|100%| E|CS|TAMS 0x0000000704400000| PB 0x0000000704400000| Complete 
|1042|0x0000000704800000, 0x0000000704c00000, 0x0000000704c00000|100%| E|CS|TAMS 0x0000000704800000| PB 0x0000000704800000| Complete 
|1043|0x0000000704c00000, 0x0000000705000000, 0x0000000705000000|100%| E|CS|TAMS 0x0000000704c00000| PB 0x0000000704c00000| Complete 
|1044|0x0000000705000000, 0x0000000705400000, 0x0000000705400000|100%| E|CS|TAMS 0x0000000705000000| PB 0x0000000705000000| Complete 
|1045|0x0000000705400000, 0x0000000705800000, 0x0000000705800000|100%| E|CS|TAMS 0x0000000705400000| PB 0x0000000705400000| Complete 
|1046|0x0000000705800000, 0x0000000705c00000, 0x0000000705c00000|100%| E|CS|TAMS 0x0000000705800000| PB 0x0000000705800000| Complete 
|1047|0x0000000705c00000, 0x0000000706000000, 0x0000000706000000|100%| E|CS|TAMS 0x0000000705c00000| PB 0x0000000705c00000| Complete 
|1048|0x0000000706000000, 0x0000000706400000, 0x0000000706400000|100%| E|CS|TAMS 0x0000000706000000| PB 0x0000000706000000| Complete 
|1049|0x0000000706400000, 0x0000000706800000, 0x0000000706800000|100%| E|CS|TAMS 0x0000000706400000| PB 0x0000000706400000| Complete 
|1050|0x0000000706800000, 0x0000000706c00000, 0x0000000706c00000|100%| E|CS|TAMS 0x0000000706800000| PB 0x0000000706800000| Complete 
|1051|0x0000000706c00000, 0x0000000707000000, 0x0000000707000000|100%| E|CS|TAMS 0x0000000706c00000| PB 0x0000000706c00000| Complete 
|1052|0x0000000707000000, 0x0000000707400000, 0x0000000707400000|100%| E|CS|TAMS 0x0000000707000000| PB 0x0000000707000000| Complete 
|1053|0x0000000707400000, 0x0000000707800000, 0x0000000707800000|100%| E|CS|TAMS 0x0000000707400000| PB 0x0000000707400000| Complete 
|1054|0x0000000707800000, 0x0000000707c00000, 0x0000000707c00000|100%| E|CS|TAMS 0x0000000707800000| PB 0x0000000707800000| Complete 
|1055|0x0000000707c00000, 0x0000000708000000, 0x0000000708000000|100%| E|CS|TAMS 0x0000000707c00000| PB 0x0000000707c00000| Complete 
|1056|0x0000000708000000, 0x0000000708400000, 0x0000000708400000|100%| E|CS|TAMS 0x0000000708000000| PB 0x0000000708000000| Complete 
|1057|0x0000000708400000, 0x0000000708800000, 0x0000000708800000|100%| E|CS|TAMS 0x0000000708400000| PB 0x0000000708400000| Complete 
|1058|0x0000000708800000, 0x0000000708c00000, 0x0000000708c00000|100%| E|CS|TAMS 0x0000000708800000| PB 0x0000000708800000| Complete 
|1059|0x0000000708c00000, 0x0000000709000000, 0x0000000709000000|100%| E|CS|TAMS 0x0000000708c00000| PB 0x0000000708c00000| Complete 
|1060|0x0000000709000000, 0x0000000709400000, 0x0000000709400000|100%| E|CS|TAMS 0x0000000709000000| PB 0x0000000709000000| Complete 
|1061|0x0000000709400000, 0x0000000709800000, 0x0000000709800000|100%| E|CS|TAMS 0x0000000709400000| PB 0x0000000709400000| Complete 
|1062|0x0000000709800000, 0x0000000709c00000, 0x0000000709c00000|100%| E|CS|TAMS 0x0000000709800000| PB 0x0000000709800000| Complete 
|1063|0x0000000709c00000, 0x000000070a000000, 0x000000070a000000|100%| E|CS|TAMS 0x0000000709c00000| PB 0x0000000709c00000| Complete 
|1064|0x000000070a000000, 0x000000070a400000, 0x000000070a400000|100%| E|CS|TAMS 0x000000070a000000| PB 0x000000070a000000| Complete 
|1065|0x000000070a400000, 0x000000070a800000, 0x000000070a800000|100%| E|CS|TAMS 0x000000070a400000| PB 0x000000070a400000| Complete 
|1066|0x000000070a800000, 0x000000070ac00000, 0x000000070ac00000|100%| E|CS|TAMS 0x000000070a800000| PB 0x000000070a800000| Complete 
|1067|0x000000070ac00000, 0x000000070b000000, 0x000000070b000000|100%| E|CS|TAMS 0x000000070ac00000| PB 0x000000070ac00000| Complete 
|1068|0x000000070b000000, 0x000000070b400000, 0x000000070b400000|100%| E|CS|TAMS 0x000000070b000000| PB 0x000000070b000000| Complete 
|1069|0x000000070b400000, 0x000000070b800000, 0x000000070b800000|100%| E|CS|TAMS 0x000000070b400000| PB 0x000000070b400000| Complete 
|1714|0x00000007ac800000, 0x00000007acc00000, 0x00000007acc00000|100%| E|CS|TAMS 0x00000007ac800000| PB 0x00000007ac800000| Complete 
|1715|0x00000007acc00000, 0x00000007ad000000, 0x00000007ad000000|100%| E|CS|TAMS 0x00000007acc00000| PB 0x00000007acc00000| Complete 
|1716|0x00000007ad000000, 0x00000007ad400000, 0x00000007ad400000|100%| E|CS|TAMS 0x00000007ad000000| PB 0x00000007ad000000| Complete 
|1717|0x00000007ad400000, 0x00000007ad800000, 0x00000007ad800000|100%| E|CS|TAMS 0x00000007ad400000| PB 0x00000007ad400000| Complete 
|1718|0x00000007ad800000, 0x00000007adc00000, 0x00000007adc00000|100%| E|CS|TAMS 0x00000007ad800000| PB 0x00000007ad800000| Complete 
|1719|0x00000007adc00000, 0x00000007ae000000, 0x00000007ae000000|100%| E|CS|TAMS 0x00000007adc00000| PB 0x00000007adc00000| Complete 
|1720|0x00000007ae000000, 0x00000007ae400000, 0x00000007ae400000|100%| E|CS|TAMS 0x00000007ae000000| PB 0x00000007ae000000| Complete 
|1721|0x00000007ae400000, 0x00000007ae800000, 0x00000007ae800000|100%| E|CS|TAMS 0x00000007ae400000| PB 0x00000007ae400000| Complete 
|1722|0x00000007ae800000, 0x00000007aec00000, 0x00000007aec00000|100%| E|CS|TAMS 0x00000007ae800000| PB 0x00000007ae800000| Complete 
|1723|0x00000007aec00000, 0x00000007af000000, 0x00000007af000000|100%| E|CS|TAMS 0x00000007aec00000| PB 0x00000007aec00000| Complete 
|1724|0x00000007af000000, 0x00000007af400000, 0x00000007af400000|100%| E|CS|TAMS 0x00000007af000000| PB 0x00000007af000000| Complete 
|1725|0x00000007af400000, 0x00000007af800000, 0x00000007af800000|100%| E|CS|TAMS 0x00000007af400000| PB 0x00000007af400000| Complete 
|1726|0x00000007af800000, 0x00000007afc00000, 0x00000007afc00000|100%| E|CS|TAMS 0x00000007af800000| PB 0x00000007af800000| Complete 
|1727|0x00000007afc00000, 0x00000007b0000000, 0x00000007b0000000|100%| E|CS|TAMS 0x00000007afc00000| PB 0x00000007afc00000| Complete 
|1728|0x00000007b0000000, 0x00000007b0400000, 0x00000007b0400000|100%| E|CS|TAMS 0x00000007b0000000| PB 0x00000007b0000000| Complete 
|1729|0x00000007b0400000, 0x00000007b0800000, 0x00000007b0800000|100%| E|CS|TAMS 0x00000007b0400000| PB 0x00000007b0400000| Complete 
|1730|0x00000007b0800000, 0x00000007b0c00000, 0x00000007b0c00000|100%| E|CS|TAMS 0x00000007b0800000| PB 0x00000007b0800000| Complete 
|1731|0x00000007b0c00000, 0x00000007b1000000, 0x00000007b1000000|100%| E|CS|TAMS 0x00000007b0c00000| PB 0x00000007b0c00000| Complete 
|1732|0x00000007b1000000, 0x00000007b1400000, 0x00000007b1400000|100%| E|CS|TAMS 0x00000007b1000000| PB 0x00000007b1000000| Complete 
|1733|0x00000007b1400000, 0x00000007b1800000, 0x00000007b1800000|100%| E|CS|TAMS 0x00000007b1400000| PB 0x00000007b1400000| Complete 
|1734|0x00000007b1800000, 0x00000007b1c00000, 0x00000007b1c00000|100%| E|CS|TAMS 0x00000007b1800000| PB 0x00000007b1800000| Complete 
|1735|0x00000007b1c00000, 0x00000007b2000000, 0x00000007b2000000|100%| E|CS|TAMS 0x00000007b1c00000| PB 0x00000007b1c00000| Complete 
|1736|0x00000007b2000000, 0x00000007b2400000, 0x00000007b2400000|100%| E|CS|TAMS 0x00000007b2000000| PB 0x00000007b2000000| Complete 
|1737|0x00000007b2400000, 0x00000007b2800000, 0x00000007b2800000|100%| E|CS|TAMS 0x00000007b2400000| PB 0x00000007b2400000| Complete 
|1738|0x00000007b2800000, 0x00000007b2c00000, 0x00000007b2c00000|100%| E|CS|TAMS 0x00000007b2800000| PB 0x00000007b2800000| Complete 
|1739|0x00000007b2c00000, 0x00000007b3000000, 0x00000007b3000000|100%| E|CS|TAMS 0x00000007b2c00000| PB 0x00000007b2c00000| Complete 
|1740|0x00000007b3000000, 0x00000007b3400000, 0x00000007b3400000|100%| E|CS|TAMS 0x00000007b3000000| PB 0x00000007b3000000| Complete 
|1741|0x00000007b3400000, 0x00000007b3800000, 0x00000007b3800000|100%| E|CS|TAMS 0x00000007b3400000| PB 0x00000007b3400000| Complete 
|1742|0x00000007b3800000, 0x00000007b3c00000, 0x00000007b3c00000|100%| E|CS|TAMS 0x00000007b3800000| PB 0x00000007b3800000| Complete 
|1743|0x00000007b3c00000, 0x00000007b4000000, 0x00000007b4000000|100%| E|CS|TAMS 0x00000007b3c00000| PB 0x00000007b3c00000| Complete 
|1744|0x00000007b4000000, 0x00000007b4400000, 0x00000007b4400000|100%| E|CS|TAMS 0x00000007b4000000| PB 0x00000007b4000000| Complete 
|1745|0x00000007b4400000, 0x00000007b4800000, 0x00000007b4800000|100%| E|CS|TAMS 0x00000007b4400000| PB 0x00000007b4400000| Complete 
|1746|0x00000007b4800000, 0x00000007b4c00000, 0x00000007b4c00000|100%| E|CS|TAMS 0x00000007b4800000| PB 0x00000007b4800000| Complete 
|1747|0x00000007b4c00000, 0x00000007b5000000, 0x00000007b5000000|100%| E|CS|TAMS 0x00000007b4c00000| PB 0x00000007b4c00000| Complete 
|1748|0x00000007b5000000, 0x00000007b5400000, 0x00000007b5400000|100%| E|CS|TAMS 0x00000007b5000000| PB 0x00000007b5000000| Complete 
|1749|0x00000007b5400000, 0x00000007b5800000, 0x00000007b5800000|100%| E|CS|TAMS 0x00000007b5400000| PB 0x00000007b5400000| Complete 
|1750|0x00000007b5800000, 0x00000007b5c00000, 0x00000007b5c00000|100%| E|CS|TAMS 0x00000007b5800000| PB 0x00000007b5800000| Complete 
|1751|0x00000007b5c00000, 0x00000007b6000000, 0x00000007b6000000|100%| E|CS|TAMS 0x00000007b5c00000| PB 0x00000007b5c00000| Complete 
|1752|0x00000007b6000000, 0x00000007b6400000, 0x00000007b6400000|100%| E|CS|TAMS 0x00000007b6000000| PB 0x00000007b6000000| Complete 
|1753|0x00000007b6400000, 0x00000007b6800000, 0x00000007b6800000|100%| E|CS|TAMS 0x00000007b6400000| PB 0x00000007b6400000| Complete 
|1754|0x00000007b6800000, 0x00000007b6c00000, 0x00000007b6c00000|100%| E|CS|TAMS 0x00000007b6800000| PB 0x00000007b6800000| Complete 
|1755|0x00000007b6c00000, 0x00000007b7000000, 0x00000007b7000000|100%| E|CS|TAMS 0x00000007b6c00000| PB 0x00000007b6c00000| Complete 
|1756|0x00000007b7000000, 0x00000007b7400000, 0x00000007b7400000|100%| E|CS|TAMS 0x00000007b7000000| PB 0x00000007b7000000| Complete 
|1757|0x00000007b7400000, 0x00000007b7800000, 0x00000007b7800000|100%| E|CS|TAMS 0x00000007b7400000| PB 0x00000007b7400000| Complete 
|1758|0x00000007b7800000, 0x00000007b7c00000, 0x00000007b7c00000|100%| E|CS|TAMS 0x00000007b7800000| PB 0x00000007b7800000| Complete 
|1759|0x00000007b7c00000, 0x00000007b8000000, 0x00000007b8000000|100%| E|CS|TAMS 0x00000007b7c00000| PB 0x00000007b7c00000| Complete 
|1760|0x00000007b8000000, 0x00000007b8400000, 0x00000007b8400000|100%| E|CS|TAMS 0x00000007b8000000| PB 0x00000007b8000000| Complete 
|1761|0x00000007b8400000, 0x00000007b8800000, 0x00000007b8800000|100%| E|CS|TAMS 0x00000007b8400000| PB 0x00000007b8400000| Complete 
|1762|0x00000007b8800000, 0x00000007b8c00000, 0x00000007b8c00000|100%| E|CS|TAMS 0x00000007b8800000| PB 0x00000007b8800000| Complete 
|1763|0x00000007b8c00000, 0x00000007b9000000, 0x00000007b9000000|100%| E|CS|TAMS 0x00000007b8c00000| PB 0x00000007b8c00000| Complete 
|1764|0x00000007b9000000, 0x00000007b9400000, 0x00000007b9400000|100%| E|CS|TAMS 0x00000007b9000000| PB 0x00000007b9000000| Complete 
|1765|0x00000007b9400000, 0x00000007b9800000, 0x00000007b9800000|100%| E|CS|TAMS 0x00000007b9400000| PB 0x00000007b9400000| Complete 
|1766|0x00000007b9800000, 0x00000007b9c00000, 0x00000007b9c00000|100%| E|CS|TAMS 0x00000007b9800000| PB 0x00000007b9800000| Complete 
|1767|0x00000007b9c00000, 0x00000007ba000000, 0x00000007ba000000|100%| E|CS|TAMS 0x00000007b9c00000| PB 0x00000007b9c00000| Complete 
|1768|0x00000007ba000000, 0x00000007ba400000, 0x00000007ba400000|100%| E|CS|TAMS 0x00000007ba000000| PB 0x00000007ba000000| Complete 
|1769|0x00000007ba400000, 0x00000007ba800000, 0x00000007ba800000|100%| E|CS|TAMS 0x00000007ba400000| PB 0x00000007ba400000| Complete 
|1770|0x00000007ba800000, 0x00000007bac00000, 0x00000007bac00000|100%| E|CS|TAMS 0x00000007ba800000| PB 0x00000007ba800000| Complete 
|1771|0x00000007bac00000, 0x00000007bb000000, 0x00000007bb000000|100%| E|CS|TAMS 0x00000007bac00000| PB 0x00000007bac00000| Complete 
|1772|0x00000007bb000000, 0x00000007bb400000, 0x00000007bb400000|100%| E|CS|TAMS 0x00000007bb000000| PB 0x00000007bb000000| Complete 
|1773|0x00000007bb400000, 0x00000007bb800000, 0x00000007bb800000|100%| E|CS|TAMS 0x00000007bb400000| PB 0x00000007bb400000| Complete 
|1774|0x00000007bb800000, 0x00000007bbc00000, 0x00000007bbc00000|100%| E|CS|TAMS 0x00000007bb800000| PB 0x00000007bb800000| Complete 
|1775|0x00000007bbc00000, 0x00000007bc000000, 0x00000007bc000000|100%| E|CS|TAMS 0x00000007bbc00000| PB 0x00000007bbc00000| Complete 
|1776|0x00000007bc000000, 0x00000007bc400000, 0x00000007bc400000|100%| E|CS|TAMS 0x00000007bc000000| PB 0x00000007bc000000| Complete 
|1777|0x00000007bc400000, 0x00000007bc800000, 0x00000007bc800000|100%| E|CS|TAMS 0x00000007bc400000| PB 0x00000007bc400000| Complete 
|1778|0x00000007bc800000, 0x00000007bcc00000, 0x00000007bcc00000|100%| E|CS|TAMS 0x00000007bc800000| PB 0x00000007bc800000| Complete 
|1779|0x00000007bcc00000, 0x00000007bd000000, 0x00000007bd000000|100%| E|CS|TAMS 0x00000007bcc00000| PB 0x00000007bcc00000| Complete 
|1780|0x00000007bd000000, 0x00000007bd400000, 0x00000007bd400000|100%| E|CS|TAMS 0x00000007bd000000| PB 0x00000007bd000000| Complete 
|1781|0x00000007bd400000, 0x00000007bd800000, 0x00000007bd800000|100%| E|CS|TAMS 0x00000007bd400000| PB 0x00000007bd400000| Complete 
|1782|0x00000007bd800000, 0x00000007bdc00000, 0x00000007bdc00000|100%| E|CS|TAMS 0x00000007bd800000| PB 0x00000007bd800000| Complete 
|1783|0x00000007bdc00000, 0x00000007be000000, 0x00000007be000000|100%| E|CS|TAMS 0x00000007bdc00000| PB 0x00000007bdc00000| Complete 
|1784|0x00000007be000000, 0x00000007be400000, 0x00000007be400000|100%| E|CS|TAMS 0x00000007be000000| PB 0x00000007be000000| Complete 
|1785|0x00000007be400000, 0x00000007be800000, 0x00000007be800000|100%| E|CS|TAMS 0x00000007be400000| PB 0x00000007be400000| Complete 
|1786|0x00000007be800000, 0x00000007bec00000, 0x00000007bec00000|100%| E|CS|TAMS 0x00000007be800000| PB 0x00000007be800000| Complete 
|1787|0x00000007bec00000, 0x00000007bf000000, 0x00000007bf000000|100%| E|CS|TAMS 0x00000007bec00000| PB 0x00000007bec00000| Complete 
|1788|0x00000007bf000000, 0x00000007bf400000, 0x00000007bf400000|100%| E|CS|TAMS 0x00000007bf000000| PB 0x00000007bf000000| Complete 
|1789|0x00000007bf400000, 0x00000007bf800000, 0x00000007bf800000|100%| E|CS|TAMS 0x00000007bf400000| PB 0x00000007bf400000| Complete 
|1790|0x00000007bf800000, 0x00000007bfc00000, 0x00000007bfc00000|100%| E|CS|TAMS 0x00000007bf800000| PB 0x00000007bf800000| Complete 
|1791|0x00000007bfc00000, 0x00000007c0000000, 0x00000007c0000000|100%| E|CS|TAMS 0x00000007bfc00000| PB 0x00000007bfc00000| Complete 
|1792|0x00000007c0000000, 0x00000007c0400000, 0x00000007c0400000|100%| E|CS|TAMS 0x00000007c0000000| PB 0x00000007c0000000| Complete 
|1793|0x00000007c0400000, 0x00000007c0800000, 0x00000007c0800000|100%| E|CS|TAMS 0x00000007c0400000| PB 0x00000007c0400000| Complete 
|1794|0x00000007c0800000, 0x00000007c0c00000, 0x00000007c0c00000|100%| E|CS|TAMS 0x00000007c0800000| PB 0x00000007c0800000| Complete 
|1795|0x00000007c0c00000, 0x00000007c1000000, 0x00000007c1000000|100%| E|CS|TAMS 0x00000007c0c00000| PB 0x00000007c0c00000| Complete 
|1796|0x00000007c1000000, 0x00000007c1400000, 0x00000007c1400000|100%| E|CS|TAMS 0x00000007c1000000| PB 0x00000007c1000000| Complete 
|1797|0x00000007c1400000, 0x00000007c1800000, 0x00000007c1800000|100%| E|CS|TAMS 0x00000007c1400000| PB 0x00000007c1400000| Complete 
|1798|0x00000007c1800000, 0x00000007c1c00000, 0x00000007c1c00000|100%| E|CS|TAMS 0x00000007c1800000| PB 0x00000007c1800000| Complete 
|1799|0x00000007c1c00000, 0x00000007c2000000, 0x00000007c2000000|100%| E|CS|TAMS 0x00000007c1c00000| PB 0x00000007c1c00000| Complete 
|1800|0x00000007c2000000, 0x00000007c2400000, 0x00000007c2400000|100%| E|CS|TAMS 0x00000007c2000000| PB 0x00000007c2000000| Complete 
|1801|0x00000007c2400000, 0x00000007c2800000, 0x00000007c2800000|100%| E|CS|TAMS 0x00000007c2400000| PB 0x00000007c2400000| Complete 
|1802|0x00000007c2800000, 0x00000007c2c00000, 0x00000007c2c00000|100%| E|CS|TAMS 0x00000007c2800000| PB 0x00000007c2800000| Complete 
|1803|0x00000007c2c00000, 0x00000007c3000000, 0x00000007c3000000|100%| E|CS|TAMS 0x00000007c2c00000| PB 0x00000007c2c00000| Complete 
|1804|0x00000007c3000000, 0x00000007c3400000, 0x00000007c3400000|100%| E|CS|TAMS 0x00000007c3000000| PB 0x00000007c3000000| Complete 
|1805|0x00000007c3400000, 0x00000007c3800000, 0x00000007c3800000|100%| E|CS|TAMS 0x00000007c3400000| PB 0x00000007c3400000| Complete 
|1806|0x00000007c3800000, 0x00000007c3c00000, 0x00000007c3c00000|100%| E|CS|TAMS 0x00000007c3800000| PB 0x00000007c3800000| Complete 
|1807|0x00000007c3c00000, 0x00000007c4000000, 0x00000007c4000000|100%| E|CS|TAMS 0x00000007c3c00000| PB 0x00000007c3c00000| Complete 
|1808|0x00000007c4000000, 0x00000007c4400000, 0x00000007c4400000|100%| E|CS|TAMS 0x00000007c4000000| PB 0x00000007c4000000| Complete 
|1809|0x00000007c4400000, 0x00000007c4800000, 0x00000007c4800000|100%| E|CS|TAMS 0x00000007c4400000| PB 0x00000007c4400000| Complete 
|1810|0x00000007c4800000, 0x00000007c4c00000, 0x00000007c4c00000|100%| E|CS|TAMS 0x00000007c4800000| PB 0x00000007c4800000| Complete 
|1811|0x00000007c4c00000, 0x00000007c5000000, 0x00000007c5000000|100%| E|CS|TAMS 0x00000007c4c00000| PB 0x00000007c4c00000| Complete 
|1812|0x00000007c5000000, 0x00000007c5400000, 0x00000007c5400000|100%| E|CS|TAMS 0x00000007c5000000| PB 0x00000007c5000000| Complete 
|1813|0x00000007c5400000, 0x00000007c5800000, 0x00000007c5800000|100%| E|CS|TAMS 0x00000007c5400000| PB 0x00000007c5400000| Complete 
|1814|0x00000007c5800000, 0x00000007c5c00000, 0x00000007c5c00000|100%| E|CS|TAMS 0x00000007c5800000| PB 0x00000007c5800000| Complete 
|1815|0x00000007c5c00000, 0x00000007c6000000, 0x00000007c6000000|100%| E|CS|TAMS 0x00000007c5c00000| PB 0x00000007c5c00000| Complete 
|1816|0x00000007c6000000, 0x00000007c6400000, 0x00000007c6400000|100%| E|CS|TAMS 0x00000007c6000000| PB 0x00000007c6000000| Complete 
|1817|0x00000007c6400000, 0x00000007c6800000, 0x00000007c6800000|100%| E|CS|TAMS 0x00000007c6400000| PB 0x00000007c6400000| Complete 
|1818|0x00000007c6800000, 0x00000007c6c00000, 0x00000007c6c00000|100%| E|CS|TAMS 0x00000007c6800000| PB 0x00000007c6800000| Complete 
|1819|0x00000007c6c00000, 0x00000007c7000000, 0x00000007c7000000|100%| E|CS|TAMS 0x00000007c6c00000| PB 0x00000007c6c00000| Complete 
|2038|0x00000007fd800000, 0x00000007fdc00000, 0x00000007fdc00000|100%| E|CS|TAMS 0x00000007fd800000| PB 0x00000007fd800000| Complete 
|2039|0x00000007fdc00000, 0x00000007fe000000, 0x00000007fe000000|100%| E|CS|TAMS 0x00000007fdc00000| PB 0x00000007fdc00000| Complete 
|2040|0x00000007fe000000, 0x00000007fe400000, 0x00000007fe400000|100%| E|CS|TAMS 0x00000007fe000000| PB 0x00000007fe000000| Complete 
|2041|0x00000007fe400000, 0x00000007fe800000, 0x00000007fe800000|100%| E|CS|TAMS 0x00000007fe400000| PB 0x00000007fe400000| Complete 
|2042|0x00000007fe800000, 0x00000007fec00000, 0x00000007fec00000|100%| E|CS|TAMS 0x00000007fe800000| PB 0x00000007fe800000| Complete 
|2043|0x00000007fec00000, 0x00000007ff000000, 0x00000007ff000000|100%| E|CS|TAMS 0x00000007fec00000| PB 0x00000007fec00000| Complete 
|2044|0x00000007ff000000, 0x00000007ff400000, 0x00000007ff400000|100%| E|CS|TAMS 0x00000007ff000000| PB 0x00000007ff000000| Complete 
|2045|0x00000007ff400000, 0x00000007ff800000, 0x00000007ff800000|100%| E|CS|TAMS 0x00000007ff400000| PB 0x00000007ff400000| Complete 
|2046|0x00000007ff800000, 0x00000007ffc00000, 0x00000007ffc00000|100%| E|CS|TAMS 0x00000007ff800000| PB 0x00000007ff800000| Complete 
|2047|0x00000007ffc00000, 0x0000000800000000, 0x0000000800000000|100%| E|CS|TAMS 0x00000007ffc00000| PB 0x00000007ffc00000| Complete 

Card table byte_map: [0x000001d553f00000,0x000001d554f00000] _byte_map_base: 0x000001d550f00000

Marking Bits: (CMBitMap*) 0x000001d52f3abe60
 Bits: [0x000001d554f00000, 0x000001d55cf00000)

Polling page: 0x000001d52d370000

Metaspace:

Usage:
  Non-class:    340.22 MB used.
      Class:     46.40 MB used.
       Both:    386.62 MB used.

Virtual space:
  Non-class space:      384.00 MB reserved,     342.94 MB ( 89%) committed,  6 nodes.
      Class space:        1.00 GB reserved,      48.75 MB (  5%) committed,  1 nodes.
             Both:        1.38 GB reserved,     391.69 MB ( 28%) committed. 

Chunk freelists:
   Non-Class:  8.55 MB
       Class:  15.35 MB
        Both:  23.89 MB

MaxMetaspaceSize: 4.00 GB
CompressedClassSpaceSize: 1.00 GB
Initial GC threshold: 21.00 MB
Current GC threshold: 653.06 MB
CDS: off
 - commit_granule_bytes: 65536.
 - commit_granule_words: 8192.
 - virtual_space_node_default_size: 8388608.
 - enlarge_chunks_in_place: 1.
 - use_allocation_guard: 0.


Internal statistics:

num_allocs_failed_limit: 15.
num_arena_births: 8620.
num_arena_deaths: 126.
num_vsnodes_births: 7.
num_vsnodes_deaths: 0.
num_space_committed: 6249.
num_space_uncommitted: 11.
num_chunks_returned_to_freelist: 386.
num_chunks_taken_from_freelist: 25917.
num_chunk_merges: 72.
num_chunk_splits: 17984.
num_chunks_enlarged: 12778.
num_inconsistent_stats: 0.

CodeHeap 'non-profiled nmethods': size=258432Kb used=63861Kb max_used=74858Kb free=194571Kb
 bounds [0x000001d5427f0000, 0x000001d547140000, 0x000001d552450000]
CodeHeap 'profiled nmethods': size=258368Kb used=82301Kb max_used=134635Kb free=176066Kb
 bounds [0x000001d532450000, 0x000001d53a7e0000, 0x000001d5420a0000]
CodeHeap 'non-nmethods': size=7488Kb used=4623Kb max_used=5272Kb free=2864Kb
 bounds [0x000001d5420a0000, 0x000001d5425e0000, 0x000001d5427f0000]
 total_blobs=38120 nmethods=36690 adapters=1326
 compilation: enabled
              stopped_count=0, restarted_count=0
 full_count=0

Compilation events (20 events):
Event: 4309.506 Thread 0x000001d50fed3580 145931       3       com.android.tools.r8.internal.M60::<init> (24 bytes)
Event: 4309.506 Thread 0x000001d50fed3580 nmethod 145931 0x000001d53508ca90 code [0x000001d53508cc40, 0x000001d53508cee0]
Event: 4309.509 Thread 0x000001d57b72e540 145932       3       com.android.tools.r8.internal.K60::c (282 bytes)
Event: 4309.510 Thread 0x000001d57b72e540 nmethod 145932 0x000001d535870290 code [0x000001d535870480, 0x000001d535870b18]
Event: 4309.522 Thread 0x000001d57b72e540 145933       3       com.android.tools.r8.internal.Yu0::a (1206 bytes)
Event: 4309.531 Thread 0x000001d57b72e540 nmethod 145933 0x000001d532810e10 code [0x000001d532811520, 0x000001d532815fe0]
Event: 4309.531 Thread 0x000001d50fed3580 145934       3       com.android.tools.r8.internal.Mv::a (491 bytes)
Event: 4309.536 Thread 0x000001d50fed3580 nmethod 145934 0x000001d5338c9390 code [0x000001d5338c9aa0, 0x000001d5338cd450]
Event: 4309.651 Thread 0x000001d57b72e540 145936       3       com.android.tools.r8.graph.O2$a::a (10 bytes)
Event: 4309.652 Thread 0x000001d57b72e540 nmethod 145936 0x000001d5365b8890 code [0x000001d5365b8a40, 0x000001d5365b8b88]
Event: 4309.683 Thread 0x000001d57b730e20 nmethod 145921 0x000001d543340b90 code [0x000001d543340f60, 0x000001d543342fc0]
Event: 4309.684 Thread 0x000001d57b730e20 145935       4       com.android.tools.r8.internal.ie::c (10 bytes)
Event: 4309.688 Thread 0x000001d57b730e20 nmethod 145935 0x000001d54321a210 code [0x000001d54321a3c0, 0x000001d54321a5c8]
Event: 4309.688 Thread 0x000001d57b730e20 145867       4       com.android.tools.r8.internal.U70::isInitialized (119 bytes)
Event: 4309.700 Thread 0x000001d5601e8460 nmethod 145908 0x000001d544b81810 code [0x000001d544b81ba0, 0x000001d544b83c90]
Event: 4309.702 Thread 0x000001d5601e8460 145869       4       com.android.tools.r8.internal.U70::a (280 bytes)
Event: 4309.728 Thread 0x000001d5601e8460 nmethod 145869 0x000001d5443bd210 code [0x000001d5443bd440, 0x000001d5443bdbb0]
Event: 4309.729 Thread 0x000001d5601e8460 145850       4       com.android.tools.r8.internal.w70::a (553 bytes)
Event: 4309.735 Thread 0x000001d57b730e20 nmethod 145867 0x000001d54485bf10 code [0x000001d54485c220, 0x000001d54485ce58]
Event: 4309.736 Thread 0x000001d57b730e20 145856       4       com.android.tools.r8.internal.w70::isInitialized (238 bytes)

GC Heap History (20 events):
Event: 4278.752 GC heap before
{Heap before GC invocations=311 (full 0):
 garbage-first heap   total 2498560K, used 1603714K [0x0000000600000000, 0x0000000800000000)
  region size 4096K, 195 young (798720K), 4 survivors (16384K)
 Metaspace       used 396623K, committed 401792K, reserved 1441792K
  class space    used 47565K, committed 49920K, reserved 1048576K
}
Event: 4278.801 GC heap after
{Heap after GC invocations=312 (full 0):
 garbage-first heap   total 2498560K, used 860582K [0x0000000600000000, 0x0000000800000000)
  region size 4096K, 11 young (45056K), 11 survivors (45056K)
 Metaspace       used 396623K, committed 401792K, reserved 1441792K
  class space    used 47565K, committed 49920K, reserved 1048576K
}
Event: 4279.860 GC heap before
{Heap before GC invocations=312 (full 0):
 garbage-first heap   total 2498560K, used 1356198K [0x0000000600000000, 0x0000000800000000)
  region size 4096K, 133 young (544768K), 11 survivors (45056K)
 Metaspace       used 396676K, committed 401856K, reserved 1441792K
  class space    used 47571K, committed 49920K, reserved 1048576K
}
Event: 4279.941 GC heap after
{Heap after GC invocations=313 (full 0):
 garbage-first heap   total 2498560K, used 874176K [0x0000000600000000, 0x0000000800000000)
  region size 4096K, 4 young (16384K), 4 survivors (16384K)
 Metaspace       used 396676K, committed 401856K, reserved 1441792K
  class space    used 47571K, committed 49920K, reserved 1048576K
}
Event: 4286.342 GC heap before
{Heap before GC invocations=313 (full 0):
 garbage-first heap   total 2498560K, used 2344640K [0x0000000600000000, 0x0000000800000000)
  region size 4096K, 364 young (1490944K), 4 survivors (16384K)
 Metaspace       used 396732K, committed 401856K, reserved 1441792K
  class space    used 47573K, committed 49920K, reserved 1048576K
}
Event: 4286.641 GC heap after
{Heap after GC invocations=314 (full 0):
 garbage-first heap   total 2498560K, used 969740K [0x0000000600000000, 0x0000000800000000)
  region size 4096K, 27 young (110592K), 27 survivors (110592K)
 Metaspace       used 396732K, committed 401856K, reserved 1441792K
  class space    used 47573K, committed 49920K, reserved 1048576K
}
Event: 4286.714 GC heap before
{Heap before GC invocations=314 (full 0):
 garbage-first heap   total 2498560K, used 990220K [0x0000000600000000, 0x0000000800000000)
  region size 4096K, 33 young (135168K), 27 survivors (110592K)
 Metaspace       used 396732K, committed 401856K, reserved 1441792K
  class space    used 47573K, committed 49920K, reserved 1048576K
}
Event: 4286.816 GC heap after
{Heap after GC invocations=315 (full 0):
 garbage-first heap   total 2498560K, used 972978K [0x0000000600000000, 0x0000000800000000)
  region size 4096K, 4 young (16384K), 4 survivors (16384K)
 Metaspace       used 396732K, committed 401856K, reserved 1441792K
  class space    used 47573K, committed 49920K, reserved 1048576K
}
Event: 4290.600 GC heap before
{Heap before GC invocations=315 (full 0):
 garbage-first heap   total 2498560K, used 2193586K [0x0000000600000000, 0x0000000800000000)
  region size 4096K, 309 young (1265664K), 4 survivors (16384K)
 Metaspace       used 395576K, committed 400896K, reserved 1441792K
  class space    used 47488K, committed 49920K, reserved 1048576K
}
Event: 4290.636 GC heap after
{Heap after GC invocations=316 (full 0):
 garbage-first heap   total 2498560K, used 971626K [0x0000000600000000, 0x0000000800000000)
  region size 4096K, 9 young (36864K), 9 survivors (36864K)
 Metaspace       used 395576K, committed 400896K, reserved 1441792K
  class space    used 47488K, committed 49920K, reserved 1048576K
}
Event: 4292.522 GC heap before
{Heap before GC invocations=316 (full 0):
 garbage-first heap   total 2498560K, used 2286442K [0x0000000600000000, 0x0000000800000000)
  region size 4096K, 331 young (1355776K), 9 survivors (36864K)
 Metaspace       used 395625K, committed 400896K, reserved 1441792K
  class space    used 47493K, committed 49920K, reserved 1048576K
}
Event: 4292.590 GC heap after
{Heap after GC invocations=317 (full 0):
 garbage-first heap   total 2498560K, used 1021831K [0x0000000600000000, 0x0000000800000000)
  region size 4096K, 22 young (90112K), 22 survivors (90112K)
 Metaspace       used 395625K, committed 400896K, reserved 1441792K
  class space    used 47493K, committed 49920K, reserved 1048576K
}
Event: 4293.775 GC heap before
{Heap before GC invocations=317 (full 0):
 garbage-first heap   total 2498560K, used 1775495K [0x0000000600000000, 0x0000000800000000)
  region size 4096K, 207 young (847872K), 22 survivors (90112K)
 Metaspace       used 395745K, committed 400896K, reserved 1441792K
  class space    used 47506K, committed 49920K, reserved 1048576K
}
Event: 4293.865 GC heap after
{Heap after GC invocations=318 (full 0):
 garbage-first heap   total 2498560K, used 1032739K [0x0000000600000000, 0x0000000800000000)
  region size 4096K, 5 young (20480K), 5 survivors (20480K)
 Metaspace       used 395745K, committed 400896K, reserved 1441792K
  class space    used 47506K, committed 49920K, reserved 1048576K
}
Event: 4296.161 GC heap before
{Heap before GC invocations=319 (full 0):
 garbage-first heap   total 2498560K, used 2335267K [0x0000000600000000, 0x0000000800000000)
  region size 4096K, 324 young (1327104K), 5 survivors (20480K)
 Metaspace       used 395816K, committed 400960K, reserved 1441792K
  class space    used 47511K, committed 49920K, reserved 1048576K
}
Event: 4296.200 GC heap after
{Heap after GC invocations=320 (full 0):
 garbage-first heap   total 2498560K, used 1044757K [0x0000000600000000, 0x0000000800000000)
  region size 4096K, 8 young (32768K), 8 survivors (32768K)
 Metaspace       used 395816K, committed 400960K, reserved 1441792K
  class space    used 47511K, committed 49920K, reserved 1048576K
}
Event: 4297.497 GC heap before
{Heap before GC invocations=320 (full 0):
 garbage-first heap   total 2498560K, used 1966357K [0x0000000600000000, 0x0000000800000000)
  region size 4096K, 232 young (950272K), 8 survivors (32768K)
 Metaspace       used 395830K, committed 401024K, reserved 1441792K
  class space    used 47511K, committed 49920K, reserved 1048576K
}
Event: 4297.544 GC heap after
{Heap after GC invocations=321 (full 0):
 garbage-first heap   total 4857856K, used 1023620K [0x0000000600000000, 0x0000000800000000)
  region size 4096K, 9 young (36864K), 9 survivors (36864K)
 Metaspace       used 395830K, committed 401024K, reserved 1441792K
  class space    used 47511K, committed 49920K, reserved 1048576K
}
Event: 4301.603 GC heap before
{Heap before GC invocations=321 (full 0):
 garbage-first heap   total 4857856K, used 2322052K [0x0000000600000000, 0x0000000800000000)
  region size 4096K, 327 young (1339392K), 9 survivors (36864K)
 Metaspace       used 395836K, committed 401024K, reserved 1441792K
  class space    used 47511K, committed 49920K, reserved 1048576K
}
Event: 4301.646 GC heap after
{Heap after GC invocations=322 (full 0):
 garbage-first heap   total 4857856K, used 1002208K [0x0000000600000000, 0x0000000800000000)
  region size 4096K, 9 young (36864K), 9 survivors (36864K)
 Metaspace       used 395836K, committed 401024K, reserved 1441792K
  class space    used 47511K, committed 49920K, reserved 1048576K
}

Dll operation events (3 events):
Event: 0.018 Loaded shared library C:\Program Files\Android\Android Studio3\jbr\bin\java.dll
Event: 0.023 Loaded shared library C:\Program Files\Android\Android Studio3\jbr\bin\zip.dll
Event: 0.616 Loaded shared library C:\Program Files\Android\Android Studio3\jbr\bin\verify.dll

Deoptimization events (20 events):
Event: 4308.286 Thread 0x000001d57b3e8860 DEOPT PACKING pc=0x000001d543ac8588 sp=0x0000001bd25fc100
Event: 4308.286 Thread 0x000001d57b3e8860 DEOPT UNPACKING pc=0x000001d5420f46a2 sp=0x0000001bd25fc010 mode 2
Event: 4308.402 Thread 0x000001d57b3e8860 Uncommon trap: trap_request=0xffffff45 fr.pc=0x000001d543a8a934 relative=0x0000000000000114
Event: 4308.408 Thread 0x000001d57b3e8860 Uncommon trap: reason=unstable_if action=reinterpret pc=0x000001d543a8a934 method=com.android.tools.r8.internal.ie.e(I)V @ 13 c2
Event: 4308.408 Thread 0x000001d57b3e8860 DEOPT PACKING pc=0x000001d543a8a934 sp=0x0000001bd25fc470
Event: 4308.408 Thread 0x000001d57b3e8860 DEOPT UNPACKING pc=0x000001d5420f46a2 sp=0x0000001bd25fc310 mode 2
Event: 4309.194 Thread 0x000001d57b3e8860 Uncommon trap: trap_request=0xffffff45 fr.pc=0x000001d5466b9d10 relative=0x00000000000047b0
Event: 4309.194 Thread 0x000001d57b3e8860 Uncommon trap: reason=unstable_if action=reinterpret pc=0x000001d5466b9d10 method=com.android.tools.r8.internal.QK.a(Lcom/android/tools/r8/internal/Qx;Lcom/android/tools/r8/internal/Xu0;)Lcom/android/tools/r8/internal/p30; @ 445 c2
Event: 4309.194 Thread 0x000001d57b3e8860 DEOPT PACKING pc=0x000001d5466b9d10 sp=0x0000001bd25fc950
Event: 4309.194 Thread 0x000001d57b3e8860 DEOPT UNPACKING pc=0x000001d5420f46a2 sp=0x0000001bd25fc938 mode 2
Event: 4309.355 Thread 0x000001d57b3e8860 DEOPT PACKING pc=0x000001d538792c43 sp=0x0000001bd25fc8f0
Event: 4309.355 Thread 0x000001d57b3e8860 DEOPT UNPACKING pc=0x000001d5420f4e42 sp=0x0000001bd25fbec8 mode 0
Event: 4309.356 Thread 0x000001d57b3e8860 Uncommon trap: trap_request=0xffffff45 fr.pc=0x000001d5449bf01c relative=0x00000000000015fc
Event: 4309.357 Thread 0x000001d57b3e8860 Uncommon trap: reason=unstable_if action=reinterpret pc=0x000001d5449bf01c method=com.android.tools.r8.internal.QK.a(Lcom/android/tools/r8/internal/Qx;Lcom/android/tools/r8/internal/Xu0;)Lcom/android/tools/r8/internal/p30; @ 445 c2
Event: 4309.358 Thread 0x000001d57b3e8860 DEOPT PACKING pc=0x000001d5449bf01c sp=0x0000001bd25fc9f0
Event: 4309.358 Thread 0x000001d57b3e8860 DEOPT UNPACKING pc=0x000001d5420f46a2 sp=0x0000001bd25fc9c8 mode 2
Event: 4309.528 Thread 0x000001d57b3e8860 Uncommon trap: trap_request=0xffffff45 fr.pc=0x000001d54411e290 relative=0x0000000000000290
Event: 4309.529 Thread 0x000001d57b3e8860 Uncommon trap: reason=unstable_if action=reinterpret pc=0x000001d54411e290 method=com.android.tools.r8.internal.ie.e(I)V @ 13 c2
Event: 4309.529 Thread 0x000001d57b3e8860 DEOPT PACKING pc=0x000001d54411e290 sp=0x0000001bd25fc440
Event: 4309.529 Thread 0x000001d57b3e8860 DEOPT UNPACKING pc=0x000001d5420f46a2 sp=0x0000001bd25fc2e8 mode 2

Classes loaded (20 events):
Event: 4155.735 Loading class com/sun/org/apache/xerces/internal/impl/xpath/regex/RegularExpression$StringTarget
Event: 4155.735 Loading class com/sun/org/apache/xerces/internal/impl/xpath/regex/RegularExpression$ExpressionTarget
Event: 4155.735 Loading class com/sun/org/apache/xerces/internal/impl/xpath/regex/RegularExpression$ExpressionTarget done
Event: 4155.736 Loading class com/sun/org/apache/xerces/internal/impl/xpath/regex/RegularExpression$StringTarget done
Event: 4155.736 Loading class com/sun/org/apache/xerces/internal/impl/xpath/regex/RegularExpression$ClosureContext
Event: 4155.736 Loading class com/sun/org/apache/xerces/internal/impl/xpath/regex/RegularExpression$ClosureContext done
Event: 4165.177 Loading class jdk/internal/reflect/MethodHandleByteFieldAccessorImpl
Event: 4165.179 Loading class jdk/internal/reflect/MethodHandleByteFieldAccessorImpl done
Event: 4228.389 Loading class java/util/stream/ReferencePipeline$15
Event: 4228.405 Loading class java/util/stream/ReferencePipeline$15 done
Event: 4228.408 Loading class java/util/stream/ReferencePipeline$15$1
Event: 4228.412 Loading class java/util/stream/ReferencePipeline$15$1 done
Event: 4230.830 Loading class sun/nio/cs/US_ASCII$Encoder
Event: 4230.840 Loading class sun/nio/cs/US_ASCII$Encoder done
Event: 4241.006 Loading class java/util/TreeMap$AscendingSubMap
Event: 4241.303 Loading class java/util/TreeMap$AscendingSubMap done
Event: 4241.306 Loading class java/util/TreeMap$NavigableSubMap$SubMapKeyIterator
Event: 4241.319 Loading class java/util/TreeMap$NavigableSubMap$SubMapKeyIterator done
Event: 4291.965 Loading class sun/misc/SharedSecrets
Event: 4292.075 Loading class sun/misc/SharedSecrets done

Classes unloaded (20 events):
Event: 4287.381 Thread 0x000001d560129c50 Unloading class 0x0000000802bf2ef0 'jdk/internal/jimage/ImageHeader'
Event: 4287.381 Thread 0x000001d560129c50 Unloading class 0x0000000802bf2c98 'jdk/internal/jimage/BasicImageReader$2'
Event: 4287.381 Thread 0x000001d560129c50 Unloading class 0x0000000802bf2a40 'jdk/internal/jimage/BasicImageReader$1'
Event: 4287.381 Thread 0x000001d560129c50 Unloading class 0x0000000802bf27b0 'jdk/internal/jimage/ImageReader$Resource'
Event: 4287.381 Thread 0x000001d560129c50 Unloading class 0x0000000802bf2520 'jdk/internal/jimage/ImageReader$LinkNode'
Event: 4287.381 Thread 0x000001d560129c50 Unloading class 0x0000000802bf2290 'jdk/internal/jimage/ImageReader$Directory'
Event: 4287.381 Thread 0x000001d560129c50 Unloading class 0x0000000802bf2000 'jdk/internal/jimage/ImageReader$Node'
Event: 4287.381 Thread 0x000001d560129c50 Unloading class 0x0000000802bf1ce8 'jdk/internal/jimage/ImageStrings'
Event: 4287.381 Thread 0x000001d560129c50 Unloading class 0x0000000802bf1a00 'jdk/internal/jimage/ImageReader$SharedImageReader'
Event: 4287.381 Thread 0x000001d560129c50 Unloading class 0x0000000802bf1718 'jdk/internal/jimage/BasicImageReader'
Event: 4287.382 Thread 0x000001d560129c50 Unloading class 0x0000000802bf14d0 'jdk/internal/jimage/ImageReader'
Event: 4287.382 Thread 0x000001d560129c50 Unloading class 0x0000000802bf1280 'jdk/internal/jrtfs/SystemImage$2'
Event: 4287.382 Thread 0x000001d560129c50 Unloading class 0x0000000802bf1040 'jdk/internal/jrtfs/SystemImage$$Lambda+0x0000000802bf1040'
Event: 4287.382 Thread 0x000001d560129c50 Unloading class 0x0000000802bf0de8 'jdk/internal/jrtfs/ExplodedImage'
Event: 4287.382 Thread 0x000001d560129c50 Unloading class 0x0000000802bf0b88 'jdk/internal/jrtfs/SystemImage$1'
Event: 4287.382 Thread 0x000001d560129c50 Unloading class 0x0000000802bf0948 'jdk/internal/jrtfs/SystemImage'
Event: 4287.382 Thread 0x000001d560129c50 Unloading class 0x0000000802bf06c0 'jdk/internal/jrtfs/JrtFileStore'
Event: 4287.382 Thread 0x000001d560129c50 Unloading class 0x0000000802bf0320 'jdk/internal/jrtfs/JrtPath'
Event: 4287.382 Thread 0x000001d560129c50 Unloading class 0x0000000802bf0000 'jdk/internal/jrtfs/JrtFileSystem'
Event: 4287.383 Thread 0x000001d560129c50 Unloading class 0x0000000802be8400 'jdk/internal/jrtfs/JrtFileSystemProvider'

Classes redefined (0 events):
No events

Internal exceptions (20 events):
Event: 4292.636 Thread 0x000001d50e8ab180 Exception <a 'java/io/IOException'{0x00000007fdc003a0}> (0x00000007fdc003a0) 
thrown [s\src\hotspot\share\prims\jni.cpp, line 537]
Event: 4292.741 Thread 0x000001d57b3e81d0 Exception <a 'sun/nio/fs/WindowsException'{0x00000007c38879f0}> (0x00000007c38879f0) 
thrown [s\src\hotspot\share\prims\jni.cpp, line 537]
Event: 4292.778 Thread 0x000001d57b3e81d0 Exception <a 'java/io/IOException'{0x00000007c3888ec0}> (0x00000007c3888ec0) 
thrown [s\src\hotspot\share\prims\jni.cpp, line 537]
Event: 4292.951 Thread 0x000001d50e8ab180 Exception <a 'sun/nio/fs/WindowsException'{0x00000007bca45c00}> (0x00000007bca45c00) 
thrown [s\src\hotspot\share\prims\jni.cpp, line 537]
Event: 4292.971 Thread 0x000001d50e8ab180 Exception <a 'java/io/IOException'{0x00000007bca47168}> (0x00000007bca47168) 
thrown [s\src\hotspot\share\prims\jni.cpp, line 537]
Event: 4293.523 Thread 0x000001d5047cc7c0 Exception <a 'sun/nio/fs/WindowsException'{0x0000000673c0ee58}> (0x0000000673c0ee58) 
thrown [s\src\hotspot\share\prims\jni.cpp, line 537]
Event: 4293.527 Thread 0x000001d5047cc7c0 Exception <a 'java/io/IOException'{0x0000000673c10328}> (0x0000000673c10328) 
thrown [s\src\hotspot\share\prims\jni.cpp, line 537]
Event: 4295.359 Thread 0x000001d57b3e7b40 Exception <a 'sun/nio/fs/WindowsException'{0x000000066afe2ae8}> (0x000000066afe2ae8) 
thrown [s\src\hotspot\share\prims\jni.cpp, line 537]
Event: 4295.373 Thread 0x000001d57b3e7b40 Exception <a 'java/io/IOException'{0x000000066afe3f98}> (0x000000066afe3f98) 
thrown [s\src\hotspot\share\prims\jni.cpp, line 537]
Event: 4295.941 Thread 0x000001d504a1cc90 Exception <a 'sun/nio/fs/WindowsException'{0x000000065111fb40}> (0x000000065111fb40) 
thrown [s\src\hotspot\share\prims\jni.cpp, line 537]
Event: 4295.984 Thread 0x000001d504a1cc90 Exception <a 'java/io/IOException'{0x0000000651121098}> (0x0000000651121098) 
thrown [s\src\hotspot\share\prims\jni.cpp, line 537]
Event: 4296.417 Thread 0x000001d504060190 Exception <a 'sun/nio/fs/WindowsException'{0x00000007c1fd2af8}> (0x00000007c1fd2af8) 
thrown [s\src\hotspot\share\prims\jni.cpp, line 537]
Event: 4296.427 Thread 0x000001d504060190 Exception <a 'java/io/IOException'{0x00000007c1fd4090}> (0x00000007c1fd4090) 
thrown [s\src\hotspot\share\prims\jni.cpp, line 537]
Event: 4296.904 Thread 0x000001d50e909310 Exception <a 'java/io/IOException'{0x00000007ae000ad8}> (0x00000007ae000ad8) 
thrown [s\src\hotspot\share\prims\jni.cpp, line 537]
Event: 4297.289 Thread 0x000001d504061540 Exception <a 'sun/nio/fs/WindowsException'{0x0000000669e0b278}> (0x0000000669e0b278) 
thrown [s\src\hotspot\share\prims\jni.cpp, line 537]
Event: 4297.295 Thread 0x000001d504061540 Exception <a 'java/io/IOException'{0x0000000669e0c7b0}> (0x0000000669e0c7b0) 
thrown [s\src\hotspot\share\prims\jni.cpp, line 537]
Event: 4298.580 Thread 0x000001d505b63020 Exception <a 'sun/nio/fs/WindowsException'{0x0000000704b55010}> (0x0000000704b55010) 
thrown [s\src\hotspot\share\prims\jni.cpp, line 537]
Event: 4298.587 Thread 0x000001d505b63020 Exception <a 'java/io/IOException'{0x0000000704b56dd8}> (0x0000000704b56dd8) 
thrown [s\src\hotspot\share\prims\jni.cpp, line 537]
Event: 4299.882 Thread 0x000001d50e8aaaf0 Exception <a 'sun/nio/fs/WindowsException'{0x00000006ea4ea1c8}> (0x00000006ea4ea1c8) 
thrown [s\src\hotspot\share\prims\jni.cpp, line 537]
Event: 4299.889 Thread 0x000001d50e8aaaf0 Exception <a 'java/io/IOException'{0x00000006ea4eb740}> (0x00000006ea4eb740) 
thrown [s\src\hotspot\share\prims\jni.cpp, line 537]

ZGC Phase Switch (0 events):
No events

VM Operations (20 events):
Event: 4300.555 Executing VM operation: Cleanup
Event: 4300.558 Executing VM operation: Cleanup done
Event: 4301.558 Executing VM operation: Cleanup
Event: 4301.558 Executing VM operation: Cleanup done
Event: 4301.603 Executing VM operation: G1CollectForAllocation (G1 Evacuation Pause)
Event: 4301.646 Executing VM operation: G1CollectForAllocation (G1 Evacuation Pause) done
Event: 4303.646 Executing VM operation: Cleanup
Event: 4303.647 Executing VM operation: Cleanup done
Event: 4304.647 Executing VM operation: Cleanup
Event: 4304.649 Executing VM operation: Cleanup done
Event: 4305.650 Executing VM operation: Cleanup
Event: 4305.650 Executing VM operation: Cleanup done
Event: 4306.651 Executing VM operation: Cleanup
Event: 4306.651 Executing VM operation: Cleanup done
Event: 4307.652 Executing VM operation: Cleanup
Event: 4307.652 Executing VM operation: Cleanup done
Event: 4308.652 Executing VM operation: Cleanup
Event: 4308.653 Executing VM operation: Cleanup done
Event: 4309.653 Executing VM operation: Cleanup
Event: 4309.653 Executing VM operation: Cleanup done

Memory protections (0 events):
No events

Nmethod flushes (20 events):
Event: 4288.634 Thread 0x000001d560129c50 flushing  nmethod 0x000001d53a21f590
Event: 4288.634 Thread 0x000001d560129c50 flushing  nmethod 0x000001d53a220610
Event: 4288.634 Thread 0x000001d560129c50 flushing  nmethod 0x000001d53a221710
Event: 4288.634 Thread 0x000001d560129c50 flushing  nmethod 0x000001d53a2c9390
Event: 4288.634 Thread 0x000001d560129c50 flushing  nmethod 0x000001d53a2c9e10
Event: 4288.634 Thread 0x000001d560129c50 flushing  nmethod 0x000001d53a2ce390
Event: 4288.634 Thread 0x000001d560129c50 flushing  nmethod 0x000001d53a2cf290
Event: 4288.634 Thread 0x000001d560129c50 flushing  nmethod 0x000001d53a2d0410
Event: 4288.634 Thread 0x000001d560129c50 flushing  nmethod 0x000001d53a2d0910
Event: 4288.634 Thread 0x000001d560129c50 flushing  nmethod 0x000001d53a2d0c90
Event: 4288.634 Thread 0x000001d560129c50 flushing  nmethod 0x000001d53a2f7290
Event: 4288.634 Thread 0x000001d560129c50 flushing  nmethod 0x000001d53a2fb190
Event: 4288.634 Thread 0x000001d560129c50 flushing  nmethod 0x000001d53a2fc590
Event: 4288.634 Thread 0x000001d560129c50 flushing  nmethod 0x000001d53a2fe710
Event: 4288.634 Thread 0x000001d560129c50 flushing  nmethod 0x000001d53a2ffd10
Event: 4288.634 Thread 0x000001d560129c50 flushing  nmethod 0x000001d53a308d90
Event: 4288.634 Thread 0x000001d560129c50 flushing  nmethod 0x000001d53a309710
Event: 4288.634 Thread 0x000001d560129c50 flushing  nmethod 0x000001d53a30ab10
Event: 4288.634 Thread 0x000001d560129c50 flushing  nmethod 0x000001d53a43c890
Event: 4288.634 Thread 0x000001d560129c50 flushing  nmethod 0x000001d53a4a9590

Events (20 events):
Event: 4283.793 Thread 0x000001d5049dd280 Thread exited: 0x000001d5049dd280
Event: 4283.842 Thread 0x000001d5056c8a90 Thread exited: 0x000001d5056c8a90
Event: 4283.842 Thread 0x000001d5056c9f00 Thread exited: 0x000001d5056c9f00
Event: 4287.209 Thread 0x000001d5601e8b10 Thread added: 0x000001d57eda4a90
Event: 4289.185 Thread 0x000001d5601e8b10 Thread added: 0x000001d56e8278b0
Event: 4289.839 Thread 0x000001d5601e8b10 Thread added: 0x000001d5056c9f00
Event: 4291.460 Thread 0x000001d5601e8b10 Thread added: 0x000001d5056c8a90
Event: 4296.926 Thread 0x000001d5056c9f00 Thread added: 0x000001d50ff5f950
Event: 4296.928 Thread 0x000001d50ff5f950 Thread added: 0x000001d57eb5af90
Event: 4298.464 Thread 0x000001d57eb5af90 Thread exited: 0x000001d57eb5af90
Event: 4299.231 Thread 0x000001d50ff5f950 Thread exited: 0x000001d50ff5f950
Event: 4300.994 Thread 0x000001d5056c9f00 Thread exited: 0x000001d5056c9f00
Event: 4301.790 Thread 0x000001d56e8278b0 Thread exited: 0x000001d56e8278b0
Event: 4301.790 Thread 0x000001d5056c8a90 Thread exited: 0x000001d5056c8a90
Event: 4302.475 Thread 0x000001d57eda4a90 Thread exited: 0x000001d57eda4a90
Event: 4306.990 Thread 0x000001d5601e8b10 Thread added: 0x000001d57b730e20
Event: 4307.000 Thread 0x000001d5601e8460 Thread added: 0x000001d56e828650
Event: 4307.019 Thread 0x000001d56e828650 Thread added: 0x000001d50fed3580
Event: 4307.196 Thread 0x000001d56e828650 Thread added: 0x000001d50fed4320
Event: 4307.405 Thread 0x000001d5601e8b10 Thread added: 0x000001d57b72e540


Dynamic libraries:
0x00007ff7e6260000 - 0x00007ff7e626a000 	C:\Program Files\Android\Android Studio3\jbr\bin\java.exe
0x00007ffa99de0000 - 0x00007ffa9a048000 	C:\WINDOWS\SYSTEM32\ntdll.dll
0x00007ffa99340000 - 0x00007ffa99409000 	C:\WINDOWS\System32\KERNEL32.DLL
0x00007ffa970b0000 - 0x00007ffa974a7000 	C:\WINDOWS\System32\KERNELBASE.dll
0x00007ffa974e0000 - 0x00007ffa9762b000 	C:\WINDOWS\System32\ucrtbase.dll
0x00007ffa8e8c0000 - 0x00007ffa8e8db000 	C:\Program Files\Android\Android Studio3\jbr\bin\VCRUNTIME140.dll
0x00007ffa85f40000 - 0x00007ffa85f58000 	C:\Program Files\Android\Android Studio3\jbr\bin\jli.dll
0x00007ffa997d0000 - 0x00007ffa99998000 	C:\WINDOWS\System32\USER32.dll
0x00007ffa974b0000 - 0x00007ffa974d7000 	C:\WINDOWS\System32\win32u.dll
0x00007ffa82f50000 - 0x00007ffa831e3000 	C:\WINDOWS\WinSxS\amd64_microsoft.windows.common-controls_6595b64144ccf1df_6.0.26100.6682_none_3e0e9e60e32ebb61\COMCTL32.dll
0x00007ffa99280000 - 0x00007ffa992ab000 	C:\WINDOWS\System32\GDI32.dll
0x00007ffa999a0000 - 0x00007ffa99a49000 	C:\WINDOWS\System32\msvcrt.dll
0x00007ffa979d0000 - 0x00007ffa97afd000 	C:\WINDOWS\System32\gdi32full.dll
0x00007ffa96f40000 - 0x00007ffa96fe3000 	C:\WINDOWS\System32\msvcp_win.dll
0x00007ffa98910000 - 0x00007ffa98941000 	C:\WINDOWS\System32\IMM32.DLL
0x00007ffa8e930000 - 0x00007ffa8e93c000 	C:\Program Files\Android\Android Studio3\jbr\bin\vcruntime140_1.dll
0x00007ff9f0b40000 - 0x00007ff9f0bcd000 	C:\Program Files\Android\Android Studio3\jbr\bin\msvcp140.dll
0x00007ffa1bfe0000 - 0x00007ffa1cc6e000 	C:\Program Files\Android\Android Studio3\jbr\bin\server\jvm.dll
0x00007ffa98a50000 - 0x00007ffa98b04000 	C:\WINDOWS\System32\ADVAPI32.dll
0x00007ffa989a0000 - 0x00007ffa98a46000 	C:\WINDOWS\System32\sechost.dll
0x00007ffa97ba0000 - 0x00007ffa97cb8000 	C:\WINDOWS\System32\RPCRT4.dll
0x00007ffa987d0000 - 0x00007ffa98844000 	C:\WINDOWS\System32\WS2_32.dll
0x00007ffa96da0000 - 0x00007ffa96dfe000 	C:\WINDOWS\SYSTEM32\POWRPROF.dll
0x00007ffa8e9f0000 - 0x00007ffa8e9fb000 	C:\WINDOWS\SYSTEM32\VERSION.dll
0x00007ffa8b560000 - 0x00007ffa8b595000 	C:\WINDOWS\SYSTEM32\WINMM.dll
0x00007ffa96cd0000 - 0x00007ffa96ce4000 	C:\WINDOWS\SYSTEM32\UMPDC.dll
0x00007ffa95d10000 - 0x00007ffa95d2b000 	C:\WINDOWS\SYSTEM32\kernel.appcore.dll
0x00007ffa8e920000 - 0x00007ffa8e92a000 	C:\Program Files\Android\Android Studio3\jbr\bin\jimage.dll
0x00007ffa94690000 - 0x00007ffa948d2000 	C:\WINDOWS\SYSTEM32\DBGHELP.DLL
0x00007ffa98250000 - 0x00007ffa985d9000 	C:\WINDOWS\System32\combase.dll
0x00007ffa99cc0000 - 0x00007ffa99d97000 	C:\WINDOWS\System32\OLEAUT32.dll
0x00007ffa70850000 - 0x00007ffa7088c000 	C:\WINDOWS\SYSTEM32\dbgcore.DLL
0x00007ffa97630000 - 0x00007ffa976d5000 	C:\WINDOWS\System32\bcryptPrimitives.dll
0x00007ffa85fa0000 - 0x00007ffa85fae000 	C:\Program Files\Android\Android Studio3\jbr\bin\instrument.dll
0x00007ffa8e430000 - 0x00007ffa8e450000 	C:\Program Files\Android\Android Studio3\jbr\bin\java.dll
0x00007ffa68a30000 - 0x00007ffa68a48000 	C:\Program Files\Android\Android Studio3\jbr\bin\zip.dll
0x00007ffa98b10000 - 0x00007ffa99260000 	C:\WINDOWS\System32\SHELL32.dll
0x00007ffa976e0000 - 0x00007ffa9784b000 	C:\WINDOWS\System32\wintypes.dll
0x00007ffa94b60000 - 0x00007ffa953bd000 	C:\WINDOWS\SYSTEM32\windows.storage.dll
0x00007ffa99650000 - 0x00007ffa99742000 	C:\WINDOWS\System32\SHCORE.dll
0x00007ffa99bf0000 - 0x00007ffa99c53000 	C:\WINDOWS\System32\shlwapi.dll
0x00007ffa96e60000 - 0x00007ffa96e88000 	C:\WINDOWS\SYSTEM32\profapi.dll
0x00007ffa8e420000 - 0x00007ffa8e430000 	C:\Program Files\Android\Android Studio3\jbr\bin\net.dll
0x00007ffa8f490000 - 0x00007ffa8f5b0000 	C:\WINDOWS\SYSTEM32\WINHTTP.dll
0x00007ffa96280000 - 0x00007ffa962eb000 	C:\WINDOWS\system32\mswsock.dll
0x00007ffa56210000 - 0x00007ffa56226000 	C:\Program Files\Android\Android Studio3\jbr\bin\nio.dll
0x00007ffa5f360000 - 0x00007ffa5f370000 	C:\Program Files\Android\Android Studio3\jbr\bin\verify.dll
0x00007ffa91aa0000 - 0x00007ffa91ac7000 	C:\Users\athar\.gradle\native\1def1411415f61bf3af743bc5b6707747c0891f09f0c88961ee8f79bc544acac\windows-amd64\native-platform.dll
0x0000000077300000 - 0x0000000077373000 	C:\Users\athar\.gradle\native\0.2.5\x86_64-windows-gnu\gradle-fileevents.dll
0x00007ffa6d7d0000 - 0x00007ffa6d7d9000 	C:\Program Files\Android\Android Studio3\jbr\bin\management.dll
0x00007ffa67db0000 - 0x00007ffa67dbb000 	C:\Program Files\Android\Android Studio3\jbr\bin\management_ext.dll
0x00007ffa99a80000 - 0x00007ffa99a88000 	C:\WINDOWS\System32\PSAPI.DLL
0x00007ffa96530000 - 0x00007ffa9654b000 	C:\WINDOWS\SYSTEM32\CRYPTSP.dll
0x00007ffa95c70000 - 0x00007ffa95cab000 	C:\WINDOWS\system32\rsaenh.dll
0x00007ffa96320000 - 0x00007ffa9634b000 	C:\WINDOWS\SYSTEM32\USERENV.dll
0x00007ffa96e30000 - 0x00007ffa96e5a000 	C:\WINDOWS\SYSTEM32\bcrypt.dll
0x00007ffa96550000 - 0x00007ffa9655c000 	C:\WINDOWS\SYSTEM32\CRYPTBASE.dll
0x00007ffa95730000 - 0x00007ffa95764000 	C:\WINDOWS\SYSTEM32\IPHLPAPI.DLL
0x00007ffa987c0000 - 0x00007ffa987ca000 	C:\WINDOWS\System32\NSI.dll
0x00007ffa7bce0000 - 0x00007ffa7bce9000 	C:\Program Files\Android\Android Studio3\jbr\bin\extnet.dll
0x00007ffa85a50000 - 0x00007ffa85a58000 	C:\WINDOWS\system32\wshunix.dll
0x00000000757f0000 - 0x0000000075863000 	C:\Users\athar\AppData\Local\Temp\native-platform2032999976906657630dir\gradle-fileevents.dll
0x00007ffa957d0000 - 0x00007ffa958f4000 	C:\WINDOWS\SYSTEM32\DNSAPI.dll
0x00007ffa8efe0000 - 0x00007ffa8efeb000 	C:\Windows\System32\rasadhlp.dll
0x00007ffa90390000 - 0x00007ffa90418000 	C:\WINDOWS\System32\fwpuclnt.dll
0x00007ffa58210000 - 0x00007ffa58228000 	C:\WINDOWS\system32\napinsp.dll
0x00007ffa581f0000 - 0x00007ffa58202000 	C:\WINDOWS\System32\winrnr.dll
0x00007ffa57e10000 - 0x00007ffa57e32000 	C:\WINDOWS\system32\nlansp_c.dll
0x00007ffa8e8a0000 - 0x00007ffa8e8b6000 	C:\WINDOWS\system32\wshbth.dll
0x00007ffa91ad0000 - 0x00007ffa91ad7000 	C:\Program Files\Android\Android Studio3\jbr\bin\rmi.dll
0x00007ffa95e30000 - 0x00007ffa95e66000 	C:\WINDOWS\SYSTEM32\ntmarta.dll
0x00007ffa93be0000 - 0x00007ffa93c7f000 	C:\WINDOWS\system32\apphelp.dll

dbghelp: loaded successfully - version: 4.0.5 - missing functions: none
symbol engine: initialized successfully - sym options: 0x614 - pdb path: .;C:\Program Files\Android\Android Studio3\jbr\bin;C:\WINDOWS\SYSTEM32;C:\WINDOWS\WinSxS\amd64_microsoft.windows.common-controls_6595b64144ccf1df_6.0.26100.6682_none_3e0e9e60e32ebb61;C:\Program Files\Android\Android Studio3\jbr\bin\server;C:\Users\athar\.gradle\native\1def1411415f61bf3af743bc5b6707747c0891f09f0c88961ee8f79bc544acac\windows-amd64;C:\Users\athar\.gradle\native\0.2.5\x86_64-windows-gnu;C:\Users\athar\AppData\Local\Temp\native-platform2032999976906657630dir

VM Arguments:
jvm_args: --add-opens=java.base/java.lang=ALL-UNNAMED --add-opens=java.base/java.lang.invoke=ALL-UNNAMED --add-opens=java.base/java.util=ALL-UNNAMED --add-opens=java.prefs/java.util.prefs=ALL-UNNAMED --add-exports=jdk.compiler/com.sun.tools.javac.api=ALL-UNNAMED --add-exports=jdk.compiler/com.sun.tools.javac.util=ALL-UNNAMED --add-opens=java.base/java.util=ALL-UNNAMED --add-opens=java.prefs/java.util.prefs=ALL-UNNAMED --add-opens=java.base/java.nio.charset=ALL-UNNAMED --add-opens=java.base/java.net=ALL-UNNAMED --add-opens=java.base/java.util.concurrent.atomic=ALL-UNNAMED --add-opens=java.xml/javax.xml.namespace=ALL-UNNAMED -XX:MaxMetaspaceSize=4G -XX:ReservedCodeCacheSize=512m -XX:+HeapDumpOnOutOfMemoryError -Xmx8G -Dfile.encoding=UTF-8 -Duser.country=US -Duser.language=en -Duser.variant -javaagent:C:\Users\athar\.gradle\wrapper\dists\gradle-8.12-all\ejduaidbjup3bmmkhw3rie4zb\gradle-8.12\lib\agents\gradle-instrumentation-agent-8.12.jar 
java_command: org.gradle.launcher.daemon.bootstrap.GradleDaemon 8.12
java_class_path (initial): C:\Users\athar\.gradle\wrapper\dists\gradle-8.12-all\ejduaidbjup3bmmkhw3rie4zb\gradle-8.12\lib\gradle-daemon-main-8.12.jar
Launcher Type: SUN_STANDARD

[Global flags]
     intx CICompilerCount                          = 12                                        {product} {ergonomic}
     uint ConcGCThreads                            = 3                                         {product} {ergonomic}
     uint G1ConcRefinementThreads                  = 13                                        {product} {ergonomic}
   size_t G1HeapRegionSize                         = 4194304                                   {product} {ergonomic}
    uintx GCDrainStackTargetSize                   = 64                                        {product} {ergonomic}
     bool HeapDumpOnOutOfMemoryError               = true                                   {manageable} {command line}
   size_t InitialHeapSize                          = 260046848                                 {product} {ergonomic}
   size_t MarkStackSize                            = 4194304                                   {product} {ergonomic}
   size_t MaxHeapSize                              = 8589934592                                {product} {command line}
   size_t MaxMetaspaceSize                         = 4294967296                                {product} {command line}
   size_t MaxNewSize                               = 5150605312                                {product} {ergonomic}
   size_t MinHeapDeltaBytes                        = 4194304                                   {product} {ergonomic}
   size_t MinHeapSize                              = 8388608                                   {product} {ergonomic}
    uintx NonNMethodCodeHeapSize                   = 7602480                                {pd product} {ergonomic}
    uintx NonProfiledCodeHeapSize                  = 264634216                              {pd product} {ergonomic}
    uintx ProfiledCodeHeapSize                     = 264634216                              {pd product} {ergonomic}
    uintx ReservedCodeCacheSize                    = 536870912                              {pd product} {command line}
     bool SegmentedCodeCache                       = true                                      {product} {ergonomic}
   size_t SoftMaxHeapSize                          = 8589934592                             {manageable} {ergonomic}
     bool UseCompressedOops                        = true                           {product lp64_product} {ergonomic}
     bool UseG1GC                                  = true                                      {product} {ergonomic}
     bool UseLargePagesIndividualAllocation        = false                                  {pd product} {ergonomic}

Logging:
Log output configuration:
 #0: stdout all=warning uptime,level,tags foldmultilines=false
 #1: stderr all=off uptime,level,tags foldmultilines=false

Environment Variables:
JAVA_HOME=C:\Program Files\Android\Android Studio3\jbr
CLASSPATH=C:\Users\athar\StudioProjects\farmkarts_new\android\\gradle\wrapper\gradle-wrapper.jar
PATH=C:\Program Files\Android\Android Studio3\jbr\bin;C:\Program Files\PowerShell\7;C:\Windows\system32;C:\Windows;C:\Windows\System32\Wbem;C:\Windows\System32\WindowsPowerShell\v1.0\;C:\Windows\System32\OpenSSH\;C:\Program Files (x86)\NVIDIA Corporation\PhysX\Common;C:\Program Files\NVIDIA Corporation\NVIDIA NvDLISR;C:\WINDOWS\system32;C:\WINDOWS;C:\WINDOWS\System32\Wbem;C:\WINDOWS\System32\WindowsPowerShell\v1.0\;C:\WINDOWS\System32\OpenSSH\;C:\Program Files\dotnet\;C:\src\flutter\bin;C:\Users\athar\Downloads\apache-tomcat-10.1.31-windows-x64\apache-tomcat-10.1.31;C:\Users\athar\AppData\Local\Pub\Cache\bin;C:\Program Files\Java\jdk1.8.0_431\bin;C:\Users\athar\flutter_windows_3.13.9-stable\flutter\bin;C:\Users\athar\AppData\Local\Microsoft\WindowsApps;C:\Users\athar\AppData\Local\Programs\Microsoft VS Code\bin;C:\Users\athar\AppData\Local\GitHubDesktop\bin;C:\Users\athar\AppData\Local\Programs\Ollama;C:\Program Files\Ollama;C:\path\to\ollama;C:\Program Files\Git\cmd;C:\Users\athar\AppData\Local\Programs\Eclipse Adoptium\jdk-21.0.7.6-hotspot\bin;C:\Program Files\Eclipse Adoptium\jdk-17.0.10.7-hotspot\bin;C:\WINDOWS\system32;C:\WINDOWS;C:\WINDOWS\System32\Wbem;C:\WINDOWS\System32\WindowsPowerShell\v1.0\;C:\WINDOWS\System32\OpenSSH\;C:\Users\athar\anaconda3\;;d:\cursor\resources\app\bin;C:\Program Files\nodejs\;C:\ProgramData\chocolatey\bin;C:\Program Files\Git LFS;C:\Program Files\Git\Git LFS;C:\Program Files\Docker\Docker\resources\bin;C:\Program Files\PowerShell\7\;C:\Users\athar\scoop\shims;C:\Users\athar\AppData\Local\Programs\Python\Launcher\;C:\Users\athar\AppData\Local\Programs\Eclipse Adoptium\jdk-21.0.7.6-hotspot\bin;C:\Users\athar\flutter_windows_3.13.9-stable\flutter\bin;C:\Users\athar\AppData\Local\Microsoft\WindowsApps;C:\Users\athar\AppData\Local\Programs\Microsoft VS Code\bin;C:\src\flutter\bin;C:\Users\athar\Downloads\apache-tomcat-10.1.31-windows-x64\apache-tomcat-10.1.31;C:\Users\athar\AppData\Local\Pub\Cache\bin;C:\Program Files\Java\jdk1.8.0_431\bin;C:\Users\athar\AppData\Local\GitHubDesktop\bin;C:\Users\athar\AppData\Local\Programs\Ollama;C:\Users\athar\anaconda3\;C:\Users\athar\AppData\Roaming\npm;C:\Program Files\nodejs\;C:\Users\athar\flutter_windows_3.13.9-stable\flutter\bin\mingit\cmd
USERNAME=athar
OS=Windows_NT
PROCESSOR_IDENTIFIER=AMD64 Family 23 Model 96 Stepping 1, AuthenticAMD
TMP=C:\Users\athar\AppData\Local\Temp
TEMP=C:\Users\athar\AppData\Local\Temp




Periodic native trim disabled

JNI global refs:
JNI global refs: 41, weak refs: 0

JNI global refs memory usage: 1467, weak refs: 833

Process memory usage:
Resident Set Size: 4503672K (27% of 16170084K total physical memory with 256316K free physical memory)

OOME stack traces (most recent first):
Classloader memory used:
Loader org.gradle.internal.classloader.VisitableURLClassLoader$InstrumentingVisitableURLClassLoader: 156M
Loader org.gradle.internal.classloader.VisitableURLClassLoader                         : 136M
Loader bootstrap                                                                       : 46620K
Loader org.gradle.initialization.MixInLegacyTypesClassLoader                           : 17888K
Loader jdk.internal.loader.ClassLoaders$AppClassLoader                                 : 11559K
Loader java.net.URLClassLoader                                                         : 10599K
Loader org.gradle.groovy.scripts.internal.DefaultScriptCompilationHandler$ScriptClassLoader: 5383K
Loader jdk.internal.reflect.DelegatingClassLoader                                      : 1227K
Loader jdk.internal.loader.ClassLoaders$PlatformClassLoader                            : 1140K
Loader org.gradle.internal.classloader.VisitableURLClassLoader                         : 773K
Loader jdk.internal.jrtfs.JrtFileSystemProvider$JrtFsLoader                            : 353K
Loader org.codehaus.groovy.runtime.callsite.CallSiteClassLoader                        : 52104B
Loader sun.reflect.misc.MethodUtil                                                     : 2968B

Classes loaded by more than one classloader:
Class Program                                                                         : loaded 37 times (x 70B)
Class Build_gradle$1                                                                  : loaded 19 times (x 72B)
Class Build_gradle                                                                    : loaded 19 times (x 128B)
Class Build_gradle$1$1                                                                : loaded 15 times (x 76B)
Class Build_gradle$3                                                                  : loaded 14 times (x 76B)
Class Build_gradle$2                                                                  : loaded 14 times (x 72B)
Class org.gradle.kotlin.dsl.ImplementationConfigurationAccessorsKt                    : loaded 10 times (x 69B)
Class org.gradle.kotlin.dsl.Accessors377twfxlhpj2n65rquy9ybeqsKt                      : loaded 8 times (x 69B)
Class Build_gradle$1$4                                                                : loaded 8 times (x 77B)
Class Build_gradle$1$3                                                                : loaded 8 times (x 76B)
Class Build_gradle$1$2                                                                : loaded 8 times (x 72B)
Class org.gradle.kotlin.dsl.Accessors6ijptz36i787i38pli2t3331aKt                      : loaded 8 times (x 69B)
Class Build_gradle$1$4$1                                                              : loaded 8 times (x 77B)
Class org.gradle.kotlin.dsl.Accessors3uhhcetgf64n1i392wtz6menuKt                      : loaded 8 times (x 69B)
Class build_dvw4io43taf0rkml6eurigno8$_run_closure1$_closure2                         : loaded 7 times (x 137B)
Class build_9intlrep1uwhhricxf2jit0yl$_run_closure1                                   : loaded 7 times (x 137B)
Class build_5u6ytgmc74syid6up0sa0uqh0$_run_closure1$_closure3                         : loaded 7 times (x 137B)
Class build_6dk46muzwiqtwq20fadxw9twb$_run_closure1                                   : loaded 7 times (x 137B)
Class build_bnjaqct52zmk38s7s5wawxxwf                                                 : loaded 7 times (x 178B)
Class build_6dk46muzwiqtwq20fadxw9twb$_run_closure1$_closure3                         : loaded 7 times (x 137B)
Class build_bnjaqct52zmk38s7s5wawxxwf$_run_closure1$_closure3                         : loaded 7 times (x 137B)
Class build_5u6ytgmc74syid6up0sa0uqh0$_run_closure1                                   : loaded 7 times (x 137B)
Class build_cley6utcwgf7d2x0bewyp4xpk$_run_closure1$_closure3                         : loaded 7 times (x 137B)
Class build_aa72let5h8wvd7ojr9yydj472$_run_closure1                                   : loaded 7 times (x 137B)
Class build_bnjaqct52zmk38s7s5wawxxwf$_run_closure1                                   : loaded 7 times (x 137B)
Class build_cley6utcwgf7d2x0bewyp4xpk                                                 : loaded 7 times (x 179B)
Class build_bgauq71wjv419q9jby25zuad8$_run_closure1                                   : loaded 7 times (x 137B)
Class build_aa72let5h8wvd7ojr9yydj472$_run_closure1$_closure3                         : loaded 7 times (x 137B)
Class build_3u55bcx65332em736n9831cdv                                                 : loaded 7 times (x 179B)
Class build_9z3w7xivhj3ejnx2b4y4qgpxx                                                 : loaded 7 times (x 178B)
Class build_28afgs15d1geeoi73rjlenw33                                                 : loaded 7 times (x 179B)
Class build_dvw4io43taf0rkml6eurigno8$_run_closure1$_closure3                         : loaded 7 times (x 137B)
Class build_3u55bcx65332em736n9831cdv$_run_closure1                                   : loaded 7 times (x 137B)
Class build_28afgs15d1geeoi73rjlenw33$_run_closure1$_closure3                         : loaded 7 times (x 137B)
Class build_4e3jhniy2gvgrm7lbtwsajnjn$_run_closure1                                   : loaded 7 times (x 137B)
Class build_3u55bcx65332em736n9831cdv$_run_closure1$_closure3                         : loaded 7 times (x 137B)
Class build_dvw4io43taf0rkml6eurigno8                                                 : loaded 7 times (x 179B)
Class build_5u6ytgmc74syid6up0sa0uqh0                                                 : loaded 7 times (x 178B)
Class build_28afgs15d1geeoi73rjlenw33$_run_closure1                                   : loaded 7 times (x 137B)
Class build_bgauq71wjv419q9jby25zuad8                                                 : loaded 7 times (x 178B)
Class build_4e3jhniy2gvgrm7lbtwsajnjn                                                 : loaded 7 times (x 178B)
Class build_aa72let5h8wvd7ojr9yydj472                                                 : loaded 7 times (x 178B)
Class build_cley6utcwgf7d2x0bewyp4xpk$_run_closure1                                   : loaded 7 times (x 137B)
Class build_dvw4io43taf0rkml6eurigno8$_run_closure1                                   : loaded 7 times (x 137B)
Class build_9intlrep1uwhhricxf2jit0yl$_run_closure1$_closure3                         : loaded 7 times (x 137B)
Class build_9z3w7xivhj3ejnx2b4y4qgpxx$_run_closure1                                   : loaded 7 times (x 137B)
Class build_6dk46muzwiqtwq20fadxw9twb                                                 : loaded 7 times (x 178B)
Class build_9intlrep1uwhhricxf2jit0yl                                                 : loaded 7 times (x 178B)
Class org.jetbrains.kotlin.build.report.metrics.GradleBuildTime                       : loaded 6 times (x 84B)
Class org.jetbrains.kotlin.build.report.metrics.BuildTime                             : loaded 6 times (x 68B)
Class [Lorg.jetbrains.kotlin.build.report.metrics.GradleBuildTime;                    : loaded 6 times (x 67B)
Class org.jetbrains.kotlin.build.report.metrics.BuildMetricsReporter                  : loaded 6 times (x 68B)
Class build_eogq9s8k6ji09s68pav5iwae5$_run_closure1                                   : loaded 6 times (x 137B)
Class [Lorg.jetbrains.kotlin.build.report.metrics.BuildTime;                          : loaded 6 times (x 67B)
Class org.jetbrains.kotlin.build.report.metrics.GradleBuildTime$Companion             : loaded 6 times (x 69B)
Class build_eogq9s8k6ji09s68pav5iwae5                                                 : loaded 6 times (x 178B)
Class Settings_gradle                                                                 : loaded 6 times (x 126B)
Class build_bnjaqct52zmk38s7s5wawxxwf$_run_closure2$_closure7$_closure8               : loaded 5 times (x 137B)
Class build_28afgs15d1geeoi73rjlenw33$_run_closure2$_closure6                         : loaded 5 times (x 137B)
Class build_cley6utcwgf7d2x0bewyp4xpk$_run_closure2                                   : loaded 5 times (x 138B)
Class build_4e3jhniy2gvgrm7lbtwsajnjn$_run_closure2$_closure5                         : loaded 5 times (x 137B)
Class build_6dk46muzwiqtwq20fadxw9twb$_run_closure2$_closure6                         : loaded 5 times (x 137B)
Class build_9z3w7xivhj3ejnx2b4y4qgpxx$_run_closure3                                   : loaded 5 times (x 137B)
Class build_6dk46muzwiqtwq20fadxw9twb$_run_closure2$_closure7                         : loaded 5 times (x 137B)
Class build_6dk46muzwiqtwq20fadxw9twb$_run_closure2$_closure5                         : loaded 5 times (x 137B)
Class build_aa72let5h8wvd7ojr9yydj472$_run_closure2$_closure4                         : loaded 5 times (x 137B)
Class build_4e3jhniy2gvgrm7lbtwsajnjn$_run_closure2                                   : loaded 5 times (x 137B)
Class build_28afgs15d1geeoi73rjlenw33$_run_closure2$_closure8                         : loaded 5 times (x 138B)
Class build_28afgs15d1geeoi73rjlenw33$_run_closure2$_closure5                         : loaded 5 times (x 137B)
Class build_6dk46muzwiqtwq20fadxw9twb$_run_closure2$_closure4                         : loaded 5 times (x 137B)
Class build_aa72let5h8wvd7ojr9yydj472$_run_closure2                                   : loaded 5 times (x 137B)
Class build_bnjaqct52zmk38s7s5wawxxwf$_run_closure2$_closure7                         : loaded 5 times (x 137B)
Class build_9z3w7xivhj3ejnx2b4y4qgpxx$_run_closure2                                   : loaded 5 times (x 137B)
Class build_dvw4io43taf0rkml6eurigno8$_run_closure1$_closure4                         : loaded 5 times (x 137B)
Class build_6dk46muzwiqtwq20fadxw9twb$_run_closure2$_closure8                         : loaded 5 times (x 137B)
Class build_28afgs15d1geeoi73rjlenw33$_run_closure2$_closure4                         : loaded 5 times (x 137B)
Class build_bnjaqct52zmk38s7s5wawxxwf$_run_closure2$_closure6                         : loaded 5 times (x 137B)
Class build_4e3jhniy2gvgrm7lbtwsajnjn$_run_closure1$_closure4                         : loaded 5 times (x 137B)
Class build_dvw4io43taf0rkml6eurigno8$_run_closure1$_closure5                         : loaded 5 times (x 137B)
Class build_28afgs15d1geeoi73rjlenw33$_run_closure2                                   : loaded 5 times (x 138B)
Class org.jetbrains.kotlin.utils.CollectionsKt                                        : loaded 5 times (x 69B)
Class build_bnjaqct52zmk38s7s5wawxxwf$_run_closure2$_closure5                         : loaded 5 times (x 137B)
Class build_bgauq71wjv419q9jby25zuad8$_run_closure2$_closure9$_closure10              : loaded 5 times (x 137B)
Class build_5u6ytgmc74syid6up0sa0uqh0$_run_closure2$_closure5                         : loaded 5 times (x 137B)
Class build_cley6utcwgf7d2x0bewyp4xpk$_run_closure2$_closure4                         : loaded 5 times (x 137B)
Class build_4e3jhniy2gvgrm7lbtwsajnjn$_run_closure2$_closure6                         : loaded 5 times (x 137B)
Class build_aa72let5h8wvd7ojr9yydj472$_run_closure2$_closure5                         : loaded 5 times (x 137B)
Class build_bnjaqct52zmk38s7s5wawxxwf$_run_closure2                                   : loaded 5 times (x 137B)
Class build_aa72let5h8wvd7ojr9yydj472$_run_closure2$_closure8$_closure9               : loaded 5 times (x 137B)
Class build_9z3w7xivhj3ejnx2b4y4qgpxx$_run_closure2$_closure5                         : loaded 5 times (x 137B)
Class build_4e3jhniy2gvgrm7lbtwsajnjn$_run_closure3                                   : loaded 5 times (x 137B)
Class build_9z3w7xivhj3ejnx2b4y4qgpxx$_run_closure1$_closure4                         : loaded 5 times (x 137B)
Class build_dvw4io43taf0rkml6eurigno8$_run_closure1$_closure6                         : loaded 5 times (x 137B)
Class build_bnjaqct52zmk38s7s5wawxxwf$_run_closure2$_closure4                         : loaded 5 times (x 137B)
Class build_5u6ytgmc74syid6up0sa0uqh0$_run_closure2$_closure4                         : loaded 5 times (x 137B)
Class build_3u55bcx65332em736n9831cdv$_run_closure2                                   : loaded 5 times (x 138B)
Class build_bgauq71wjv419q9jby25zuad8$_run_closure2$_closure5                         : loaded 5 times (x 137B)
Class build_3u55bcx65332em736n9831cdv$_run_closure2$_closure8                         : loaded 5 times (x 138B)
Class build_9intlrep1uwhhricxf2jit0yl$_run_closure2$_closure4                         : loaded 5 times (x 137B)
Class build_cley6utcwgf7d2x0bewyp4xpk$_run_closure2$_closure5                         : loaded 5 times (x 137B)
Class build_aa72let5h8wvd7ojr9yydj472$_run_closure2$_closure6                         : loaded 5 times (x 137B)
Class build_9z3w7xivhj3ejnx2b4y4qgpxx$_run_closure2$_closure6                         : loaded 5 times (x 137B)
Class build_9intlrep1uwhhricxf2jit0yl$_run_closure2$_closure5                         : loaded 5 times (x 137B)
Class build_bgauq71wjv419q9jby25zuad8$_run_closure3                                   : loaded 5 times (x 137B)
Class build_9intlrep1uwhhricxf2jit0yl$_run_closure2$_closure6                         : loaded 5 times (x 137B)
Class build_4e3jhniy2gvgrm7lbtwsajnjn$_run_closure2$_closure7                         : loaded 5 times (x 137B)
Class build_aa72let5h8wvd7ojr9yydj472$_run_closure2$_closure7                         : loaded 5 times (x 137B)
Class build_9z3w7xivhj3ejnx2b4y4qgpxx$_run_closure2$_closure7                         : loaded 5 times (x 137B)
Class build_9intlrep1uwhhricxf2jit0yl$_run_closure2                                   : loaded 5 times (x 137B)
Class build_6dk46muzwiqtwq20fadxw9twb$_run_closure2                                   : loaded 5 times (x 137B)
Class build_3u55bcx65332em736n9831cdv$_run_closure2$_closure7                         : loaded 5 times (x 137B)
Class build_bgauq71wjv419q9jby25zuad8$_run_closure2                                   : loaded 5 times (x 137B)
Class build_bgauq71wjv419q9jby25zuad8$_run_closure2$_closure6                         : loaded 5 times (x 137B)
Class build_bgauq71wjv419q9jby25zuad8$_run_closure2$_closure7                         : loaded 5 times (x 137B)
Class build_3u55bcx65332em736n9831cdv$_run_closure2$_closure6                         : loaded 5 times (x 137B)
Class build_4e3jhniy2gvgrm7lbtwsajnjn$_run_closure2$_closure8                         : loaded 5 times (x 137B)
Class build_bgauq71wjv419q9jby25zuad8$_run_closure1$_closure4                         : loaded 5 times (x 137B)
Class build_bgauq71wjv419q9jby25zuad8$_run_closure2$_closure8                         : loaded 5 times (x 137B)
Class build_5u6ytgmc74syid6up0sa0uqh0$_run_closure2                                   : loaded 5 times (x 137B)
Class build_cley6utcwgf7d2x0bewyp4xpk$_run_closure2$_closure8                         : loaded 5 times (x 138B)
Class build_4e3jhniy2gvgrm7lbtwsajnjn$_run_closure2$_closure8$_closure9               : loaded 5 times (x 137B)
Class build_aa72let5h8wvd7ojr9yydj472$_run_closure2$_closure8                         : loaded 5 times (x 137B)
Class build_3u55bcx65332em736n9831cdv$_run_closure2$_closure5                         : loaded 5 times (x 137B)
Class build_3u55bcx65332em736n9831cdv$_run_closure2$_closure4                         : loaded 5 times (x 137B)
Class build_bgauq71wjv419q9jby25zuad8$_run_closure2$_closure9                         : loaded 5 times (x 137B)
Class build_28afgs15d1geeoi73rjlenw33$_run_closure2$_closure7                         : loaded 5 times (x 137B)
Class build_cley6utcwgf7d2x0bewyp4xpk$_run_closure2$_closure7                         : loaded 5 times (x 137B)
Class build_cley6utcwgf7d2x0bewyp4xpk$_run_closure2$_closure6                         : loaded 5 times (x 137B)
Class org.jetbrains.kotlin.util.capitalizeDecapitalize.CapitalizeDecapitalizeKt       : loaded 5 times (x 69B)
Class org.jetbrains.kotlin.statistics.metrics.NumberOverridePolicy                    : loaded 4 times (x 83B)
Class org.jetbrains.kotlin.gradle.plugin.diagnostics.checkers.AndroidPluginWithoutAndroidTargetChecker: loaded 4 times (x 72B)
Class org.jetbrains.kotlin.gradle.plugin.diagnostics.checkers.WasmJsEnvironmentChecker: loaded 4 times (x 74B)
Class org.jetbrains.kotlin.name.ClassId                                               : loaded 4 times (x 70B)
Class org.jetbrains.kotlin.compilerRunner.CompilerSystemPropertiesService$Companion$registerIfAbsent$1: loaded 4 times (x 73B)
Class org.jetbrains.kotlin.gradle.tasks.K2MultiplatformStructure$Fragment             : loaded 4 times (x 70B)
Class org.jetbrains.kotlin.gradle.tasks.KotlinCompile$scriptExtensions$1              : loaded 4 times (x 77B)
Class org.jetbrains.kotlin.statistics.metrics.StringAnonymizationPolicy$AllowedListAnonymizer$Companion: loaded 4 times (x 69B)
Class org.jetbrains.kotlin.gradle.plugin.statistics.BuildFinishMetrics$reportGlobalMetrics$1: loaded 4 times (x 77B)
Class org.jetbrains.kotlin.gradle.plugin.diagnostics.CheckKotlinGradlePluginConfigurationErrors_Decorated: loaded 4 times (x 363B)
Class org.jetbrains.kotlin.gradle.plugin.mpp.compilationImpl.KotlinCompilationSourceSetInclusion$DefaultAddSourcesToCompileTask$addSources$1: loaded 4 times (x 77B)
Class org.jetbrains.kotlin.gradle.plugin.diagnostics.checkers.WasmSourceSetsNotFoundChecker$wasmSourceSetRegex$2: loaded 4 times (x 76B)
Class org.jetbrains.kotlin.gradle.plugin.mpp.compilationImpl.KotlinCompilationSideEffect: loaded 4 times (x 68B)
Class org.jetbrains.kotlin.gradle.plugin.KotlinGradlePluginExtensionPoint             : loaded 4 times (x 68B)
Class org.jetbrains.kotlin.gradle.plugin.mpp.KotlinVariantWithCoordinates             : loaded 4 times (x 106B)
Class org.jetbrains.kotlin.gradle.tasks.CInteropProcess                               : loaded 4 times (x 345B)
Class org.jetbrains.kotlin.tooling.core.ExtrasUtilsKt                                 : loaded 4 times (x 69B)
Class org.jetbrains.kotlin.buildtools.api.ExperimentalBuildToolsApi                   : loaded 4 times (x 68B)
Class org.jetbrains.kotlin.gradle.utils.ResourceUtilsKt                               : loaded 4 times (x 69B)
Class org.jetbrains.kotlin.gradle.plugin.KotlinPluginWrapperKt$kotlinPluginVersionFromResources$1: loaded 4 times (x 76B)
Class org.jetbrains.kotlin.gradle.plugin.KotlinCompilationInfo$TCS                    : loaded 4 times (x 87B)
Class org.jetbrains.kotlin.gradle.plugin.KotlinPluginWrapperKt                        : loaded 4 times (x 69B)
Class org.jetbrains.kotlin.gradle.plugin.AbstractKotlinJsPluginWrapper                : loaded 4 times (x 84B)
Class org.jetbrains.kotlin.gradle.targets.native.internal.AddKotlinPlatformIntegersSupportLibraryKt: loaded 4 times (x 69B)
Class org.jetbrains.kotlin.gradle.utils.WhenEvaluatedKt                               : loaded 4 times (x 69B)
Class org.jetbrains.kotlin.gradle.plugin.mpp.InternalKotlinCompilation                : loaded 4 times (x 68B)
Class org.jetbrains.kotlin.konan.target.KonanTarget$IOS_X64                           : loaded 4 times (x 76B)
Class org.jetbrains.kotlin.gradle.plugin.statistics.KotlinProjectConfigurationMetrics : loaded 4 times (x 69B)
Class org.jetbrains.kotlin.gradle.plugin.BuildFinishedListenerService$Companion$registerIfAbsent$2$1$1: loaded 4 times (x 73B)
Class org.jetbrains.kotlin.gradle.tasks.configuration.BaseKotlinCompileConfig$2       : loaded 4 times (x 77B)
Class org.jetbrains.kotlin.gradle.plugin.diagnostics.UsesKotlinToolingDiagnosticsKt   : loaded 4 times (x 69B)
Class org.jetbrains.kotlin.build.report.metrics.GcMetrics                             : loaded 4 times (x 70B)
Class org.jetbrains.kotlin.gradle.internal.KotlinDomApiDependencyManagementKt         : loaded 4 times (x 69B)
Class org.jetbrains.kotlin.gradle.plugin.KotlinPluginLifecycleImpl$launch$coroutine$1 : loaded 4 times (x 74B)
Class org.jetbrains.kotlin.gradle.targets.js.npm.NpmDependencyExtensionKt$defaultNpmDependencyDelegate$1: loaded 4 times (x 165B)
Class org.jetbrains.kotlin.gradle.plugin.diagnostics.checkers.MissingNativeStdlibChecker: loaded 4 times (x 72B)
Class org.jetbrains.kotlin.gradle.tasks.DefaultKotlinJavaToolchain$getToolsJarFromJvm$1: loaded 4 times (x 73B)
Class org.jetbrains.kotlin.gradle.targets.native.KotilnNativeConfigureBinariesSideEffectKt: loaded 4 times (x 69B)
Class org.jetbrains.kotlin.gradle.plugin.KotlinPlatformType$DisambiguationRule        : loaded 4 times (x 74B)
Class org.jetbrains.kotlin.gradle.plugin.KotlinPlatformType$Companion                 : loaded 4 times (x 69B)
Class org.jetbrains.kotlin.gradle.plugin.internal.ConfigurationCacheStartParameterAccessorKt: loaded 4 times (x 69B)
Class org.jetbrains.kotlin.statistics.metrics.SumMetricContainer                      : loaded 4 times (x 78B)
Class org.jetbrains.kotlin.gradle.tasks.DefaultKotlinJavaToolchain_Decorated          : loaded 4 times (x 124B)
Class org.jetbrains.kotlin.gradle.tasks.configuration.AbstractKotlinCompileConfig$2$1 : loaded 4 times (x 77B)
Class org.jetbrains.kotlin.gradle.plugin.internal.DefaultProjectIsolationStartParameterAccessor_Decorated: loaded 4 times (x 123B)
Class org.jetbrains.kotlin.gradle.tasks.UsesKotlinJavaToolchain$DefaultImpls          : loaded 4 times (x 69B)
Class org.jetbrains.kotlin.build.report.metrics.BuildAttributeKind$Companion          : loaded 4 times (x 69B)
Class org.jetbrains.kotlin.gradle.plugin.mpp.KotlinTargetSoftwareComponentImplKt$KotlinTargetSoftwareComponent$1$1$1: loaded 4 times (x 73B)
Class org.jetbrains.kotlin.gradle.tasks.configuration.KaptGenerateStubsConfig$Companion$configureLibraries$1: loaded 4 times (x 77B)
Class org.jetbrains.kotlin.gradle.plugin.mpp.compilationImpl.KotlinCompilationSourceSetInclusion$DefaultAddSourcesToCompileTask$addSources$2: loaded 4 times (x 77B)
Class org.jetbrains.kotlin.gradle.plugin.internal.CustomPropertiesFileValueSource$Parameters: loaded 4 times (x 68B)
Class org.jetbrains.kotlin.gradle.plugin.StatisticsBuildFlowManager$subscribeForBuildResult$1: loaded 4 times (x 73B)
Class org.jetbrains.kotlin.gradle.utils.GradleConfigurationUtilsKt                    : loaded 4 times (x 69B)
Class org.jetbrains.kotlin.gradle.dsl.KotlinTargetContainerWithPresetFunctions        : loaded 4 times (x 68B)
Class org.jetbrains.kotlin.gradle.targets.CreateTargetConfigurationsSideEffectKt$CreateTargetConfigurationsSideEffect$1: loaded 4 times (x 72B)
Class org.jetbrains.kotlin.gradle.plugin.sources.FragmentConsistencyChecks$languageVersionCheck$2: loaded 4 times (x 76B)
Class org.jetbrains.kotlin.gradle.plugin.sources.DefaultLanguageSettingsBuilder       : loaded 4 times (x 98B)
Class org.jetbrains.kotlin.gradle.plugin.KotlinPluginLifecycleImpl$await$2$1          : loaded 4 times (x 77B)
Class org.jetbrains.kotlin.gradle.plugin.diagnostics.checkers.DisabledNativeTargetsChecker$runChecks$1: loaded 4 times (x 86B)
Class org.jetbrains.kotlin.gradle.targets.js.dsl.KotlinWasmJsTargetDsl                : loaded 4 times (x 68B)
Class org.jetbrains.kotlin.gradle.tasks.AbstractKotlinCompile                         : loaded 4 times (x 451B)
Class org.jetbrains.kotlin.gradle.plugin.KotlinCompilationOutput                      : loaded 4 times (x 68B)
Class org.jetbrains.kotlin.gradle.targets.jvm.KotlinJvmTarget                         : loaded 4 times (x 170B)
Class org.jetbrains.kotlin.gradle.plugin.mpp.compilationImpl.KotlinCompilationSourceSetInclusion: loaded 4 times (x 70B)
Class org.jetbrains.kotlin.gradle.plugin.mpp.compilationImpl.factory.ConfigurationNaming$Default: loaded 4 times (x 73B)
Class org.jetbrains.kotlin.gradle.plugin.UsesBuildFinishedListenerService             : loaded 4 times (x 68B)
Class org.jetbrains.kotlin.gradle.tasks.configuration.BaseKotlinCompileConfig$1       : loaded 4 times (x 77B)
Class org.jetbrains.kotlin.gradle.plugin.mpp.MppSourcesJarKt$sourcesJarTaskNamed$result$1: loaded 4 times (x 77B)
Class org.jetbrains.kotlin.gradle.plugin.diagnostics.CheckKotlinGradlePluginConfigurationErrorsKt$addDependsOnFromTasksThatShouldFailWhenErrorsReported$1: loaded 4 times (x 73B)
Class org.jetbrains.kotlin.konan.target.KonanTarget$TVOS_X64                          : loaded 4 times (x 76B)
Class org.jetbrains.kotlin.gradle.plugin.diagnostics.KotlinToolingDiagnosticsSetupActionKt: loaded 4 times (x 69B)
Class org.jetbrains.kotlin.gradle.plugin.KotlinGradleBuildServices$Parameters$Inject  : loaded 4 times (x 104B)
Class org.jetbrains.kotlin.gradle.plugin.internal.ProjectIsolationStartParameterAccessorKt: loaded 4 times (x 69B)
Class org.jetbrains.kotlin.gradle.testing.internal.KotlinTestsRegistry                : loaded 4 times (x 70B)
Class org.jetbrains.kotlin.gradle.plugin.statistics.BuildFusService$Companion$registerIfAbsentImpl$2: loaded 4 times (x 73B)
Class org.jetbrains.kotlin.gradle.plugin.mpp.HasBinaries                              : loaded 4 times (x 68B)
Class org.jetbrains.kotlin.gradle.plugin.KotlinPluginWrapperKt$kotlinPluginVersionFromResources$1$1: loaded 4 times (x 69B)
Class org.jetbrains.kotlin.gradle.dsl.KotlinCommonOptions                             : loaded 4 times (x 68B)
Class org.jetbrains.kotlin.gradle.plugin.mpp.compilationImpl.KotlinCreateSourcesJarTaskSideEffectKt: loaded 4 times (x 69B)
Class org.jetbrains.kotlin.gradle.dsl.KotlinJvmProjectExtension                       : loaded 4 times (x 137B)
Class org.jetbrains.kotlin.gradle.plugin.KotlinGradlePluginExtensionPointInternalKt   : loaded 4 times (x 69B)
Class org.jetbrains.kotlin.tooling.core.Extras$Entry                                  : loaded 4 times (x 70B)
Class org.jetbrains.kotlin.gradle.plugin.sources.InternalKotlinSourceSetKt            : loaded 4 times (x 69B)
Class org.jetbrains.kotlin.gradle.plugin.VariantImplementationFactories$Parameters$Inject: loaded 4 times (x 104B)
Class org.jetbrains.kotlin.statistics.metrics.NumberOverridePolicy$AVERAGE            : loaded 4 times (x 83B)
Class org.jetbrains.kotlin.gradle.plugin.statistics.old.Pre232IdeaKotlinBuildStatsBeanService: loaded 4 times (x 93B)
Class org.jetbrains.kotlin.gradle.plugin.statistics.UsesBuildFusService               : loaded 4 times (x 68B)
Class [Lorg.jetbrains.kotlin.gradle.plugin.KotlinPlatformType;                        : loaded 4 times (x 67B)
Class [Lorg.jetbrains.kotlin.gradle.plugin.diagnostics.ToolingDiagnostic$Severity;    : loaded 4 times (x 67B)
Class org.jetbrains.kotlin.gradle.plugin.diagnostics.checkers.ExperimentalTryNextUsageChecker: loaded 4 times (x 72B)
Class org.jetbrains.kotlin.gradle.plugin.mpp.DecoratedKotlinCompilation               : loaded 4 times (x 189B)
Class org.jetbrains.kotlin.gradle.plugin.sources.FragmentConsistencyChecks$languageVersionCheck$1: loaded 4 times (x 77B)
Class org.jetbrains.kotlin.gradle.utils.ConfigurationsKt$maybeCreateDependencyScope$1 : loaded 4 times (x 76B)
Class org.jetbrains.kotlin.gradle.plugin.diagnostics.checkers.OverriddenKotlinNativeHomeChecker$StdlibExistenceCheckerValueSource$Inject: loaded 4 times (x 107B)
Class org.jetbrains.kotlin.gradle.tasks.K2MultiplatformCompilationTask                : loaded 4 times (x 68B)
Class org.jetbrains.kotlin.gradle.plugin.sources.KotlinDependencyScopeKt$WhenMappings : loaded 4 times (x 69B)
Class org.jetbrains.kotlin.gradle.internal.Kapt3GradleSubplugin$Kapt3SubpluginContext : loaded 4 times (x 70B)
Class org.jetbrains.kotlin.gradle.artifacts.KotlinTargetArtifact                      : loaded 4 times (x 68B)
Class org.jetbrains.kotlin.gradle.dsl.KotlinJvmCompilerOptionsDefault_Decorated       : loaded 4 times (x 166B)
Class org.jetbrains.kotlin.gradle.plugin.HasKotlinDependencies                        : loaded 4 times (x 68B)
Class org.jetbrains.kotlin.gradle.targets.native.toolchain.KotlinNativeBundleBuildService$Companion: loaded 4 times (x 69B)
Class org.jetbrains.kotlin.gradle.plugin.BuildEventsListenerRegistryHolder_Decorated  : loaded 4 times (x 117B)
Class org.jetbrains.kotlin.gradle.plugin.statistics.BuildFusService$Companion$registerIfAbsentImpl$2$1: loaded 4 times (x 73B)
Class org.jetbrains.kotlin.gradle.plugin.statistics.MetricContainer                   : loaded 4 times (x 70B)
Class org.jetbrains.kotlin.gradle.plugin.statistics.old.Pre232IdeaKotlinBuildStatsMXBean: loaded 4 times (x 68B)
Class org.jetbrains.kotlin.gradle.plugin.statistics.KotlinBuildStatsServicesRegistry  : loaded 4 times (x 76B)
Class org.jetbrains.kotlin.gradle.plugin.VariantImplementationFactoriesConfigurator   : loaded 4 times (x 74B)
Class org.jetbrains.kotlin.gradle.dsl.HasConfigurableKotlinCompilerOptions            : loaded 4 times (x 68B)
Class org.jetbrains.kotlin.gradle.utils.FileUtilsKt$localProperties$1                 : loaded 4 times (x 73B)
Class org.jetbrains.kotlin.gradle.internal.properties.PropertiesBuildService$Params   : loaded 4 times (x 68B)
Class org.jetbrains.kotlin.statistics.metrics.BooleanMetrics                          : loaded 4 times (x 78B)
Class org.jetbrains.kotlin.gradle.internal.tasks.TaskWithLocalState                   : loaded 4 times (x 68B)
Class org.jetbrains.kotlin.gradle.utils.PersistentCachesKt                            : loaded 4 times (x 69B)
Class org.jetbrains.kotlin.gradle.internal.properties.NativePropertiesLoader$forceDisableRunningInProcess$1: loaded 4 times (x 73B)
Class org.jetbrains.kotlin.gradle.utils.ProviderApiUtilsKt                            : loaded 4 times (x 69B)
Class org.jetbrains.kotlin.gradle.targets.CreateDefaultTestRunSideEffectKt$special$$inlined$KotlinTargetSideEffect$1: loaded 4 times (x 72B)
Class org.jetbrains.kotlin.gradle.plugin.mpp.InternalKotlinTargetComponent            : loaded 4 times (x 91B)
Class org.jetbrains.kotlin.gradle.plugin.hierarchy.KotlinSourceSetTreeClassifierKt    : loaded 4 times (x 69B)
Class org.jetbrains.kotlin.gradle.report.UsesBuildMetricsService                      : loaded 4 times (x 68B)
Class org.jetbrains.kotlin.gradle.plugin.mpp.compilationImpl.factory.KotlinCompilationImplFactory$KotlinCompilationSourceSetsContainerFactory: loaded 4 times (x 68B)
Class org.jetbrains.kotlin.gradle.plugin.sources.FragmentConsistencyChecks            : loaded 4 times (x 70B)
Class org.jetbrains.kotlin.gradle.dsl.AndroidMainSourceSetConventionsChecker$runChecks$1: loaded 4 times (x 86B)
Class org.jetbrains.kotlin.gradle.plugin.mpp.KotlinUsages$KotlinJavaRuntimeJarsCompatibility: loaded 4 times (x 74B)
Class org.jetbrains.kotlin.gradle.plugin.statistics.KotlinBuildStatisticsUtilsKt      : loaded 4 times (x 69B)
Class org.jetbrains.kotlin.compilerRunner.GradleCompilerRunner                        : loaded 4 times (x 71B)
Class org.jetbrains.kotlin.gradle.tasks.K2MultiplatformStructure_Decorated            : loaded 4 times (x 133B)
Class org.jetbrains.kotlin.gradle.plugin.mpp.compilationImpl.KotlinCompilationProcessorSideEffectKt: loaded 4 times (x 69B)
Class org.jetbrains.kotlin.gradle.plugin.diagnostics.checkers.KotlinTargetAlreadyDeclaredChecker: loaded 4 times (x 72B)
Class org.jetbrains.kotlin.gradle.targets.native.toolchain.UsesKotlinNativeBundleBuildService: loaded 4 times (x 68B)
Class org.jetbrains.kotlin.gradle.plugin.KotlinTargetPreset                           : loaded 4 times (x 68B)
Class org.jetbrains.kotlin.gradle.plugin.KotlinCompilerArgumentsProducer              : loaded 4 times (x 68B)
Class org.jetbrains.kotlin.build.report.metrics.ValueType                             : loaded 4 times (x 77B)
Class org.jetbrains.kotlin.gradle.plugin.internal.ConfigurationCacheStartParameterAccessor$Factory: loaded 4 times (x 68B)
Class org.jetbrains.kotlin.gradle.tasks.KotlinCompile$ClasspathSnapshotProperties_Decorated: loaded 4 times (x 135B)
Class org.jetbrains.kotlin.gradle.internal.transforms.BuildToolsApiClasspathEntrySnapshotTransform$Parameters_Decorated: loaded 4 times (x 153B)
Class org.jetbrains.kotlin.gradle.plugin.mpp.compilationImpl.KotlinCompilationSourceSetInclusion$Companion$includedSourceSets$2: loaded 4 times (x 76B)
Class org.jetbrains.kotlin.gradle.plugin.diagnostics.KotlinToolingDiagnosticsSetupActionKt$KotlinToolingDiagnosticsSetupAction$1$1: loaded 4 times (x 73B)
Class org.jetbrains.kotlin.gradle.targets.js.npm.NpmDirectoryDependencyWithExternalsExtension: loaded 4 times (x 68B)
Class org.jetbrains.kotlin.gradle.plugin.KotlinProjectSetupAction                     : loaded 4 times (x 68B)
Class org.jetbrains.kotlin.gradle.utils.MutableObservableSet                          : loaded 4 times (x 68B)
Class org.jetbrains.kotlin.gradle.dsl.KotlinHierarchyDsl                              : loaded 4 times (x 68B)
Class org.jetbrains.kotlin.gradle.targets.metadata.KotlinMetadataTargetConfiguratorKt$isNativeSourceSet$2: loaded 4 times (x 93B)
Class org.jetbrains.kotlin.gradle.utils.StoredLazyProperty                            : loaded 4 times (x 73B)
Class org.jetbrains.kotlin.gradle.report.BuildReportType                              : loaded 4 times (x 77B)
Class org.jetbrains.kotlin.statistics.metrics.StringAnonymizationPolicy$AllowedListAnonymizer: loaded 4 times (x 77B)
Class org.jetbrains.kotlin.gradle.utils.ReportUtilsKt                                 : loaded 4 times (x 69B)


OS:
11

