version 2
JvmtiExport can_access_local_variables 0
JvmtiExport can_hotswap_or_post_breakpoint 1
JvmtiExport can_post_on_exceptions 0
# 627 ciObject found
instanceKlass com/android/tools/r8/internal/av0
instanceKlass com/sun/tools/javac/file/Locations$SearchPath
ciInstanceKlass java/util/LinkedHashSet 1 1 163 10 7 12 1 1 1 4 11 7 12 1 1 1 10 7 12 1 1 1 10 7 12 1 1 1 10 7 12 1 1 1 100 1 10 7 12 1 1 1 100 1 100 1 10 12 1 8 1 10 12 1 1 10 12 1 10 12 1 1 10 12 1 10 12 1 9 12 1 1 100 1 10 12 1 9 12 1 1 10 12 1 1 10 12 1 10 12 1 1 11 100 12 1 1 1 11 12 1 11 12 1 11 12 1 100 1 10 12 1 10 12 1 100 1 100 1 1 1 1 5 0 1 1 1 1 1 1 1 1 1 1 1 1 1 1 1 1 1 1 1 1 1 1 1 1 1 1 1 1 1 1 1 1 1 1 1 1 1 1 1 1 1
instanceKlass com/android/tools/r8/internal/pP
ciInstanceKlass java/util/LinkedHashMap 1 1 386 9 7 12 1 1 1 9 12 1 1 9 12 1 9 7 12 1 1 9 12 1 10 7 12 1 1 1 10 12 1 1 10 12 1 1 9 12 1 9 12 1 1 9 12 1 10 12 1 1 7 1 10 10 12 1 1 10 12 1 10 12 1 1 9 12 1 1 9 12 1 10 12 1 1 10 7 12 1 1 1 10 12 1 10 12 1 10 12 10 12 1 1 10 100 12 1 1 1 10 12 1 1 10 12 1 1 9 7 1 10 12 1 10 12 1 1 9 12 1 1 7 1 10 12 1 7 1 100 1 10 10 12 1 1 10 12 1 1 9 12 1 1 7 1 10 7 1 10 12 1 9 12 1 7 1 10 100 1 10 11 7 12 1 1 1 100 1 10 11 100 12 1 1 100 1 100 1 10 8 1 10 12 1 1 10 12 1 10 12 1 1 10 12 1 10 12 1 1 10 100 1 10 12 1 100 1 1 1 1 5 0 1 1 1 3 1 3 1 3 1 1 1 1 1 1 1 1 1 1 1 1 1 1 1 1 1 1 1 1 1 1 1 1 1 1 1 1 1 1 1 1 1 1 1 1 1 1 1 1 1 1 1 1 1 1 1 100 1 1 1 1 1 1 1 1 7 1 1 1 1 1 1 1 1 1 1 1 1 1 1 1 1 1 1 1 1 1 1 1 1 1 1 1 1 100 1 1 1 1 1 1 1 1 1 1 1 1 1 1 100 1 1 1 1 1 1 1 1 1 100 1 1 1 1 1 1 1 1 1 1 1 1 1 1 1 1 1 1 1 1 1 1 1 1 1 1 1 1 1 1 1 100 1 100 1 100 1 100 1 1 1 1 1 100 1 100 1 1 1 1 1 1 1 1 1
ciInstanceKlass java/util/Collections$UnmodifiableCollection$1 1 1 71 9 7 12 1 1 1 10 7 12 1 1 1 9 7 12 1 1 1 11 7 12 1 1 1 9 12 1 1 11 7 12 1 1 1 11 12 1 1 100 1 10 11 12 1 1 1 1 1 1 1 1 1 1 1 1 1 1 1 1 1 1 1 1 1 1 1 100 1 1 1
ciInstanceKlass java/lang/invoke/Invokers$Holder 1 1 135 1 100 1 100 1 1 1 1 1 1 1 7 1 7 1 7 1 1 12 10 1 1 12 10 1 1 12 10 1 1 100 1 1 12 9 1 1 1 12 10 1 1 1 12 10 1 1 12 10 1 1 12 10 1 12 10 1 12 10 1 1 1 12 10 1 1 100 1 1 12 10 1 12 10 1 1 12 10 1 12 10 1 1 12 10 1 1 12 10 1 12 10 1 1 12 10 1 1 12 10 1 12 10 1 12 10 1 12 10 12 10 12 10 12 10 1 1 12 10 1 1 12 10 1 1 12 10 1 1 12 10 1 1 1
instanceKlass java/util/ArrayList$ListItr
ciInstanceKlass java/util/ArrayList$Itr 1 1 104 9 7 12 1 1 1 10 7 12 1 1 1 9 12 1 1 9 7 12 1 1 9 12 1 9 12 1 9 12 1 10 12 1 100 1 10 9 12 1 1 100 1 10 100 1 10 10 12 1 1 100 1 10 100 12 1 1 1 10 12 1 1 11 100 12 1 1 1 100 1 1 1 1 1 1 1 1 1 1 1 1 1 1 1 1 100 1 1 1 1 1 1 1 1 1 1 1 1 1 1 1 1 1
instanceKlass java/util/Collections$UnmodifiableList
instanceKlass java/util/Collections$UnmodifiableSet
ciInstanceKlass java/util/Collections$UnmodifiableCollection 1 1 136 10 7 12 1 1 1 100 1 10 9 7 12 1 1 1 11 7 12 1 1 1 11 12 1 1 11 12 1 1 11 12 1 1 11 12 1 11 12 1 11 12 1 1 7 1 10 12 1 100 1 10 11 12 1 1 11 12 1 1 11 12 1 1 11 12 1 1 11 12 1 100 1 1 1 1 5 0 1 1 1 1 1 1 1 1 1 1 1 1 1 1 1 1 1 1 1 1 1 1 1 1 1 1 1 1 1 1 1 1 1 1 1 1 1 1 1 1 1 1 1 1 1 1 1 1 1 1 1 1 1 1 100 1 1 1
ciInstanceKlass java/util/ImmutableCollections$List12 1 1 125 10 7 12 1 1 1 10 7 12 1 1 1 9 7 12 1 1 1 9 7 12 1 1 9 12 1 10 12 1 1 10 7 12 1 1 1 100 1 8 1 10 12 1 100 1 10 12 1 10 12 1 1 10 12 1 1 10 7 12 1 1 10 7 12 1 1 1 7 1 100 1 1 1 1 1 1 1 1 1 1 1 1 1 1 1 1 1 1 1 1 1 1 1 1 1 1 1 1 1 1 1 1 1 100 1 100 1 1 1 1 1 1 1 1 1 1 1 1 1 1 1 1 1 1
ciInstanceKlass java/util/HashMap$KeySet 1 1 129 9 7 12 1 1 1 10 7 12 1 1 1 9 7 12 1 1 1 10 12 1 7 1 10 12 1 10 12 1 1 10 12 1 1 10 12 1 1 7 1 10 12 1 7 1 10 12 1 1 10 12 1 100 1 10 9 12 1 1 9 12 1 9 7 12 1 1 1 11 7 12 1 1 1 9 12 1 1 100 1 10 1 1 1 1 1 1 1 1 1 1 1 1 1 1 1 1 1 1 1 1 1 1 1 1 1 1 1 1 1 1 1 1 1 1 1 1 100 1 1 1 1 1 1 1 1 1 1
ciInstanceKlass java/util/HashMap$KeyIterator 1 1 45 10 7 12 1 1 1 10 7 12 1 1 1 9 7 12 1 1 1 100 1 1 1 1 1 1 1 1 1 1 1 1 1 1 1 1 1 1 1 100 1 1 1 1 1
ciInstanceKlass java/lang/Void 1 1 31 10 100 12 1 1 1 8 1 10 7 12 1 1 1 9 7 12 1 1 1 1 1 1 1 1 1 1 1 1 1
staticfield java/lang/Void TYPE Ljava/lang/Class; java/lang/Class
instanceKlass com/android/tools/r8/internal/uO
instanceKlass  @bci com/android/tools/r8/internal/zo a (Lcom/android/tools/r8/internal/Yo;Lcom/android/tools/r8/internal/Qe;)I 6 <appendix> argL0 ; # com/android/tools/r8/internal/zo$$Lambda+0x0000000802c09b30
instanceKlass  @bci com/android/tools/r8/internal/jo a (Lcom/android/tools/r8/internal/Yo;Lcom/android/tools/r8/internal/Qe;)I 6 <appendix> argL0 ; # com/android/tools/r8/internal/jo$$Lambda+0x0000000802c098f0
instanceKlass  @bci com/android/tools/r8/internal/zo a (Lcom/android/tools/r8/internal/ko0;)V 9 <appendix> argL0 ; # com/android/tools/r8/internal/zo$$Lambda+0x0000000802c096b0
instanceKlass  @bci com/android/tools/r8/internal/zo a (Lcom/android/tools/r8/internal/ko0;)V 1 <appendix> argL0 ; # com/android/tools/r8/internal/zo$$Lambda+0x0000000802c09470
instanceKlass  @bci com/android/tools/r8/internal/zo b (Lcom/android/tools/r8/internal/mz;)V 0 <appendix> argL0 ; # com/android/tools/r8/internal/zo$$Lambda+0x0000000802c09230
instanceKlass  @bci com/android/tools/r8/internal/jo a (Lcom/android/tools/r8/internal/ko0;)V 9 <appendix> argL0 ; # com/android/tools/r8/internal/jo$$Lambda+0x0000000802c08ff0
instanceKlass  @bci com/android/tools/r8/internal/jo a (Lcom/android/tools/r8/internal/ko0;)V 1 <appendix> argL0 ; # com/android/tools/r8/internal/jo$$Lambda+0x0000000802c08db0
instanceKlass  @bci com/android/tools/r8/internal/jo b (Lcom/android/tools/r8/internal/mz;)V 0 <appendix> argL0 ; # com/android/tools/r8/internal/jo$$Lambda+0x0000000802c08b70
instanceKlass  @bci com/android/tools/r8/internal/vl a (Lcom/android/tools/r8/graph/F2;Lcom/android/tools/r8/graph/x2;Lcom/android/tools/r8/graph/x2;[Lcom/android/tools/r8/graph/x2;Lcom/android/tools/r8/internal/O9;Lcom/android/tools/r8/synthesis/M;)V 31 <appendix> member <vmtarget> ; # com/android/tools/r8/internal/vl$$Lambda+0x0000000802c08928
instanceKlass  @bci com/android/tools/r8/internal/vl a (Lcom/android/tools/r8/internal/O9;Lcom/android/tools/r8/internal/M9;Lcom/android/tools/r8/graph/D5;Lcom/android/tools/r8/internal/ef;)Lcom/android/tools/r8/graph/D5; 140 <appendix> member <vmtarget> ; # com/android/tools/r8/internal/vl$$Lambda+0x0000000802c086d0
instanceKlass  @bci com/android/tools/r8/internal/vl a (Lcom/android/tools/r8/internal/O9;Lcom/android/tools/r8/internal/M9;Lcom/android/tools/r8/graph/D5;Lcom/android/tools/r8/internal/ef;)Lcom/android/tools/r8/graph/D5; 117 <appendix> argL0 ; # com/android/tools/r8/internal/vl$$Lambda+0x0000000802c08490
instanceKlass  @bci com/android/tools/r8/internal/vl a (Lcom/android/tools/r8/internal/O9;Lcom/android/tools/r8/internal/M9;Lcom/android/tools/r8/graph/D5;Lcom/android/tools/r8/internal/ef;)Lcom/android/tools/r8/graph/D5; 85 <appendix> member <vmtarget> ; # com/android/tools/r8/internal/vl$$Lambda+0x0000000802c08248
instanceKlass  @bci com/android/tools/r8/internal/vl a (Lcom/android/tools/r8/internal/O9;Lcom/android/tools/r8/internal/M9;Lcom/android/tools/r8/graph/D5;Lcom/android/tools/r8/internal/ef;)Lcom/android/tools/r8/graph/D5; 68 <appendix> member <vmtarget> ; # com/android/tools/r8/internal/vl$$Lambda+0x0000000802c08000
instanceKlass  @bci com/android/tools/r8/internal/sl a (Lcom/android/tools/r8/graph/D5;Lcom/android/tools/r8/internal/H9;)Lcom/android/tools/r8/internal/ol; 386 <appendix> member <vmtarget> ; # com/android/tools/r8/internal/sl$$Lambda+0x0000000803073d40
instanceKlass  @bci com/android/tools/r8/ir/optimize/t0 b (Lcom/android/tools/r8/internal/aA;Lcom/android/tools/r8/utils/w;)V 124 <appendix> member <vmtarget> ; # com/android/tools/r8/ir/optimize/t0$$Lambda+0x0000000803073ac8
instanceKlass  @bci com/android/tools/r8/kotlin/o a (Lcom/android/tools/r8/graph/E2;Lcom/android/tools/r8/graph/y;)Lcom/android/tools/r8/internal/o30; 973 <appendix> member <vmtarget> ; # com/android/tools/r8/kotlin/o$$Lambda+0x0000000803073870
instanceKlass  @bci com/android/tools/r8/kotlin/D b (Ljava/util/function/Consumer;Lcom/android/tools/r8/graph/y;)Z 190 <appendix> argL0 ; # com/android/tools/r8/kotlin/D$$Lambda+0x0000000803073630
instanceKlass  @bci com/android/tools/r8/kotlin/D b (Ljava/util/function/Consumer;Lcom/android/tools/r8/graph/y;)Z 166 <appendix> argL0 ; # com/android/tools/r8/kotlin/D$$Lambda+0x00000008030733f0
instanceKlass  @bci com/android/tools/r8/kotlin/D b (Ljava/util/function/Consumer;Lcom/android/tools/r8/graph/y;)Z 142 <appendix> argL0 ; # com/android/tools/r8/kotlin/D$$Lambda+0x00000008030731b0
instanceKlass  @bci com/android/tools/r8/kotlin/D b (Ljava/util/function/Consumer;Lcom/android/tools/r8/graph/y;)Z 134 <appendix> member <vmtarget> ; # com/android/tools/r8/kotlin/D$$Lambda+0x0000000803072f58
instanceKlass  @bci com/android/tools/r8/kotlin/E b (Ljava/util/function/Consumer;Lcom/android/tools/r8/graph/y;)Z 52 <appendix> argL0 ; # com/android/tools/r8/kotlin/E$$Lambda+0x0000000803072d18
instanceKlass  @bci com/android/tools/r8/kotlin/E b (Ljava/util/function/Consumer;Lcom/android/tools/r8/graph/y;)Z 31 <appendix> member <vmtarget> ; # com/android/tools/r8/kotlin/E$$Lambda+0x0000000803072ac0
instanceKlass  @bci com/android/tools/r8/kotlin/A b (Ljava/util/function/Consumer;Lcom/android/tools/r8/graph/y;)Z 36 <appendix> argL0 ; # com/android/tools/r8/kotlin/A$$Lambda+0x0000000803072880
instanceKlass com/android/tools/r8/kotlin/D
instanceKlass com/android/tools/r8/kotlin/E
instanceKlass com/android/tools/r8/internal/Zu0
instanceKlass com/android/tools/r8/internal/AO
instanceKlass com/android/tools/r8/internal/zO
instanceKlass  @bci com/android/tools/r8/kotlin/e0 a (Lcom/android/tools/r8/graph/E2;Lcom/android/tools/r8/graph/y;)Lcom/android/tools/r8/internal/o30; 52 <appendix> member <vmtarget> ; # com/android/tools/r8/kotlin/e0$$Lambda+0x0000000803070a58
instanceKlass com/android/tools/r8/kotlin/e0
instanceKlass com/android/tools/r8/kotlin/f0
# instanceKlass com/android/tools/r8/internal/yu$$Lambda+0x0000000803070240
instanceKlass  @bci com/android/tools/r8/internal/yu a (Lcom/android/tools/r8/internal/bd0;Ljava/lang/Throwable;)Lcom/android/tools/r8/CompilationFailedException; 2 <appendix> argL0 ; # com/android/tools/r8/internal/yu$$Lambda+0x0000000803070000
# instanceKlass java/lang/invoke/LambdaForm$DMH+0x0000000803074000
instanceKlass  @cpi com/android/tools/r8/internal/yu 164 form vmentry <vmtarget> ; # java/lang/invoke/LambdaForm$DMH+0x0000000802be8400
instanceKlass com/android/tools/r8/T
instanceKlass com/google/common/base/Throwables
instanceKlass com/android/tools/r8/utils/ExceptionDiagnostic
instanceKlass  @bci com/android/tools/r8/ir/optimize/t0 a (Lcom/android/tools/r8/internal/aA;Lcom/android/tools/r8/utils/w;)V 274 <appendix> member <vmtarget> ; # com/android/tools/r8/ir/optimize/t0$$Lambda+0x00000008030b7498
instanceKlass  @bci com/android/tools/r8/internal/or0 c ()V 77 <appendix> member <vmtarget> ; # com/android/tools/r8/internal/or0$$Lambda+0x00000008030b7240
instanceKlass  @bci com/android/tools/r8/internal/zl a (Ljava/util/List;Lcom/android/tools/r8/graph/E2;)[Lcom/android/tools/r8/graph/g1; 92 <appendix> argL0 ; # com/android/tools/r8/internal/zl$$Lambda+0x00000008030b7000
instanceKlass com/android/tools/r8/internal/zl
instanceKlass com/android/tools/r8/internal/yl
instanceKlass com/android/tools/r8/internal/xl
instanceKlass  @bci com/android/tools/r8/internal/po a (Lcom/android/tools/r8/internal/Yo;Lcom/android/tools/r8/internal/Qe;)I 6 <appendix> argL0 ; # com/android/tools/r8/internal/po$$Lambda+0x00000008030b36b0
instanceKlass org/apache/commons/codec/binary/BaseNCodec$Context
instanceKlass org/apache/commons/codec/binary/BaseNCodec
instanceKlass org/apache/commons/codec/BinaryDecoder
instanceKlass org/apache/commons/codec/Decoder
instanceKlass org/apache/commons/codec/BinaryEncoder
instanceKlass org/apache/commons/codec/Encoder
instanceKlass com/android/tools/r8/utils/StringDiagnostic
instanceKlass  @bci com/android/tools/r8/internal/K5 a (Lcom/android/tools/r8/internal/K5;Lcom/android/tools/r8/internal/ns;Lcom/android/tools/r8/ir/optimize/a;)Ljava/util/Set; 149 <appendix> member <vmtarget> ; # com/android/tools/r8/internal/K5$$Lambda+0x00000008030b1ba8
instanceKlass  @bci com/android/tools/r8/kotlin/o a (Lcom/android/tools/r8/graph/E2;Lcom/android/tools/r8/graph/y;)Lcom/android/tools/r8/internal/o30; 116 <appendix> member <vmtarget> ; # com/android/tools/r8/kotlin/o$$Lambda+0x00000008030b1950
instanceKlass  @bci com/android/tools/r8/utils/w a (Lcom/android/tools/r8/graph/D5;Lcom/android/tools/r8/internal/hI;)V 26 <appendix> argL0 ; # com/android/tools/r8/utils/w$$Lambda+0x00000008030b16f0
instanceKlass com/android/tools/r8/internal/Ka
instanceKlass com/android/tools/r8/graph/H
instanceKlass  @bci com/android/tools/r8/internal/vn a (Lcom/android/tools/r8/internal/ko0;)V 1 <appendix> argL0 ; # com/android/tools/r8/internal/vn$$Lambda+0x00000008030b1010
instanceKlass  @bci com/android/tools/r8/internal/hr a (Lcom/android/tools/r8/internal/ko0;)V 1 <appendix> argL0 ; # com/android/tools/r8/internal/hr$$Lambda+0x00000008030b0db0
instanceKlass com/android/tools/r8/shaking/M
instanceKlass  @bci com/android/tools/build/apkzlib/zip/ZFile close ()V 63 <appendix> argL0 ; # com/android/tools/build/apkzlib/zip/ZFile$$Lambda+0x00000008030b0938
instanceKlass com/android/tools/build/apkzlib/utils/CachedFileContents
instanceKlass  @bci com/android/tools/build/apkzlib/zip/ZFile update ()V 81 <appendix> argL0 ; # com/android/tools/build/apkzlib/zip/ZFile$$Lambda+0x00000008030b04a0
instanceKlass  @bci com/android/tools/build/apkzlib/zip/ZFile recomputeAndWriteCentralDirectoryAndEocd ()V 53 <appendix> argL0 ; # com/android/tools/build/apkzlib/zip/ZFile$$Lambda+0x00000008030b0260
instanceKlass  @bci com/android/tools/build/apkzlib/zip/Eocd <init> (JJJ[B)V 81 <appendix> member <vmtarget> ; # com/android/tools/build/apkzlib/zip/Eocd$$Lambda+0x00000008030b0000
instanceKlass  @bci com/android/tools/build/apkzlib/zip/ZFile reopenRw ()V 206 <appendix> argL0 ; # com/android/tools/build/apkzlib/zip/ZFile$$Lambda+0x00000008030af858
instanceKlass  @bci com/android/tools/r8/internal/y7 a (Lcom/android/tools/r8/internal/aA;Lcom/android/tools/r8/internal/K5;Lcom/android/tools/r8/internal/zA;)Z 91 <appendix> argL0 ; # com/android/tools/r8/internal/y7$$Lambda+0x00000008030af5e8
instanceKlass  @bci com/android/tools/build/apkzlib/zip/ZFile update ()V 9 <appendix> argL0 ; # com/android/tools/build/apkzlib/zip/ZFile$$Lambda+0x00000008030af3a8
instanceKlass  @bci com/android/tools/r8/kotlin/o a (Lcom/android/tools/r8/graph/E2;Lcom/android/tools/r8/graph/y;)Lcom/android/tools/r8/internal/o30; 1030 <appendix> member <vmtarget> ; # com/android/tools/r8/kotlin/o$$Lambda+0x00000008030af150
instanceKlass  @bci com/android/tools/build/apkzlib/zip/ZFile close ()V 1 <appendix> member <vmtarget> ; # com/android/tools/build/apkzlib/zip/ZFile$$Lambda+0x00000008030aeef0
instanceKlass  @bci com/android/tools/r8/kotlin/o a (Lcom/android/tools/r8/graph/E2;Lcom/android/tools/r8/graph/y;)Lcom/android/tools/r8/internal/o30; 914 <appendix> member <vmtarget> ; # com/android/tools/r8/kotlin/o$$Lambda+0x00000008030aec98
instanceKlass  @bci com/android/builder/merge/CombinedInputStream <init> (Ljava/util/List;Z)V 22 <appendix> argL0 ; # com/android/builder/merge/CombinedInputStream$$Lambda+0x00000008030aea48
instanceKlass  @bci com/android/builder/merge/StreamMergeAlgorithms concat ()Lcom/android/builder/merge/StreamMergeAlgorithm; 0 <appendix> argL0 ; # com/android/builder/merge/StreamMergeAlgorithms$$Lambda+0x00000008030ae808
instanceKlass  @bci com/android/tools/r8/kotlin/o0 b (Ljava/util/function/Consumer;Lcom/android/tools/r8/graph/y;)Z 173 <appendix> argL0 ; # com/android/tools/r8/kotlin/o0$$Lambda+0x00000008030ae5c8
instanceKlass  @bci com/android/tools/r8/kotlin/o0 b (Ljava/util/function/Consumer;Lcom/android/tools/r8/graph/y;)Z 152 <appendix> argL0 ; # com/android/tools/r8/kotlin/o0$$Lambda+0x00000008030ae388
instanceKlass  @bci com/android/tools/r8/kotlin/o0 b (Ljava/util/function/Consumer;Lcom/android/tools/r8/graph/y;)Z 130 <appendix> member <vmtarget> ; # com/android/tools/r8/kotlin/o0$$Lambda+0x00000008030ae130
instanceKlass  @bci com/android/tools/r8/kotlin/o0 b (Ljava/util/function/Consumer;Lcom/android/tools/r8/graph/y;)Z 116 <appendix> member <vmtarget> ; # com/android/tools/r8/kotlin/o0$$Lambda+0x00000008030aded8
instanceKlass com/android/tools/r8/internal/dA
instanceKlass  @bci com/android/builder/merge/IncrementalFileMergerState$Builder set (Ljava/lang/String;Ljava/util/List;)V 84 <appendix> argL0 ; # com/android/builder/merge/IncrementalFileMergerState$Builder$$Lambda+0x00000008030acc10
instanceKlass  @bci com/android/tools/build/apkzlib/zip/ZFile addToEntries (Lcom/android/tools/build/apkzlib/zip/StoredEntry;)V 112 <appendix> member <vmtarget> ; # com/android/tools/build/apkzlib/zip/ZFile$$Lambda+0x00000008030ac9c8
instanceKlass com/android/tools/build/apkzlib/zip/FileUseMap$1
instanceKlass com/android/tools/build/apkzlib/zip/ZFile$3
instanceKlass  @bci com/android/tools/build/apkzlib/zip/ZFile createSources (ZLcom/android/tools/build/apkzlib/zip/utils/CloseableByteSource;Lcom/google/common/util/concurrent/SettableFuture;Lcom/android/tools/build/apkzlib/zip/CentralDirectoryHeader;)Lcom/android/tools/build/apkzlib/zip/ProcessedAndRawByteSources; 41 <appendix> argL0 ; # com/android/tools/build/apkzlib/zip/ZFile$$Lambda+0x00000008030aaf00
instanceKlass com/google/common/util/concurrent/internal/InternalFutures
instanceKlass com/google/common/util/concurrent/Futures$CallbackListener
instanceKlass com/android/tools/build/apkzlib/zip/ZFile$2
instanceKlass com/android/tools/build/apkzlib/zip/CompressionResult
instanceKlass  @bci com/android/tools/build/apkzlib/zip/compress/ExecutorCompressor compress (Lcom/android/tools/build/apkzlib/zip/utils/CloseableByteSource;Lcom/android/tools/build/apkzlib/bytestorage/ByteStorage;)Lcom/google/common/util/concurrent/ListenableFuture; 12 <appendix> member <vmtarget> ; # com/android/tools/build/apkzlib/zip/compress/ExecutorCompressor$$Lambda+0x00000008030a9e58
instanceKlass com/android/tools/build/apkzlib/zip/utils/MsDosDateTimeUtils
instanceKlass com/google/common/primitives/UnsignedInts
instanceKlass com/google/common/hash/Funnel
instanceKlass com/google/common/hash/Funnels
instanceKlass com/google/common/hash/ImmutableSupplier
instanceKlass  @bci com/android/builder/merge/StreamMergeAlgorithms lambda$acceptOnlyOne$2 (Ljava/lang/String;Ljava/util/List;Lcom/google/common/io/Closer;)Ljava/io/InputStream; 26 <appendix> member <vmtarget> ; # com/android/builder/merge/StreamMergeAlgorithms$$Lambda+0x00000008030a6d08
instanceKlass  @bci com/android/builder/merge/StreamMergeAlgorithms acceptOnlyOne ()Lcom/android/builder/merge/StreamMergeAlgorithm; 0 <appendix> argL0 ; # com/android/builder/merge/StreamMergeAlgorithms$$Lambda+0x00000008030a6ac8
instanceKlass com/android/build/gradle/internal/tasks/MergeJavaResourcesDelegate$run$mergeTransformAlgorithm$1$WhenMappings
instanceKlass  @bci com/android/builder/merge/IncrementalFileMergerOutputs$1 create (Ljava/lang/String;Ljava/util/List;Z)V 12 <appendix> member <vmtarget> ; # com/android/builder/merge/IncrementalFileMergerOutputs$1$$Lambda+0x00000008030a6638
instanceKlass  @bci com/android/builder/merge/IncrementalFileMerger getInputsForFile (Ljava/lang/String;Ljava/util/List;Lcom/android/builder/merge/IncrementalFileMergerState;)Ljava/util/List; 8 <appendix> member <vmtarget> ; # com/android/builder/merge/IncrementalFileMerger$$Lambda+0x00000008030a63c0
instanceKlass  @bci com/android/tools/r8/kotlin/a a (Ljava/util/function/Consumer;Lcom/android/tools/r8/graph/g1;Lcom/android/tools/r8/graph/j1;Lcom/android/tools/r8/graph/j1;Lcom/android/tools/r8/graph/j1;Lcom/android/tools/r8/graph/y;)Z 713 <appendix> member <vmtarget> ; # com/android/tools/r8/kotlin/a$$Lambda+0x00000008030a6168
instanceKlass  @bci com/google/common/collect/CollectSpliterators$1WithCharacteristics forEachRemaining (Ljava/util/function/Consumer;)V 9 <appendix> member <vmtarget> ; # com/google/common/collect/CollectSpliterators$1WithCharacteristics$$Lambda+0x00000008030a5f10
instanceKlass com/google/common/collect/CollectSpliterators$1WithCharacteristics
instanceKlass  @bci com/google/common/collect/IndexedImmutableSet spliterator ()Ljava/util/Spliterator; 8 <appendix> member <vmtarget> ; # com/google/common/collect/IndexedImmutableSet$$Lambda+0x00000008030a5a08
instanceKlass com/android/build/gradle/internal/packaging/ParsedPackagingOptions$getAction$3
instanceKlass com/android/build/gradle/internal/packaging/ParsedPackagingOptions$getAction$2
instanceKlass com/android/build/gradle/internal/packaging/ParsedPackagingOptions$getAction$1
instanceKlass  @bci com/android/builder/merge/LazyIncrementalFileMergerInputs lambda$fromNew$2 (Lcom/android/tools/build/apkzlib/utils/CachedSupplier;)Ljava/util/Map; 12 <appendix> member <vmtarget> ; # com/android/builder/merge/LazyIncrementalFileMergerInputs$$Lambda+0x00000008030a4bc8
instanceKlass  @bci com/android/builder/merge/IncrementalFileMerger mergeChangedInputs (Ljava/util/List;Lcom/android/builder/merge/IncrementalFileMergerOutput;Lcom/android/builder/merge/IncrementalFileMergerState;Lcom/android/builder/merge/IncrementalFileMergerState$Builder;Ljava/util/function/Predicate;)V 87 <appendix> member <vmtarget> ; # com/android/builder/merge/IncrementalFileMerger$$Lambda+0x00000008030a4970
instanceKlass  @bci com/android/builder/merge/IncrementalFileMerger mergeChangedInputs (Ljava/util/List;Lcom/android/builder/merge/IncrementalFileMergerOutput;Lcom/android/builder/merge/IncrementalFileMergerState;Lcom/android/builder/merge/IncrementalFileMergerState$Builder;Ljava/util/function/Predicate;)V 76 <appendix> member <vmtarget> ; # com/android/builder/merge/IncrementalFileMerger$$Lambda+0x00000008030a4718
instanceKlass  @bci com/android/builder/merge/IncrementalFileMerger mergeChangedInputs (Ljava/util/List;Lcom/android/builder/merge/IncrementalFileMergerOutput;Lcom/android/builder/merge/IncrementalFileMergerState;Lcom/android/builder/merge/IncrementalFileMergerState$Builder;Ljava/util/function/Predicate;)V 31 <appendix> member <vmtarget> ; # com/android/builder/merge/IncrementalFileMerger$$Lambda+0x00000008030a44c0
instanceKlass com/android/tools/r8/internal/at
instanceKlass  @bci com/android/builder/merge/IncrementalFileMerger mergeChangedInputs (Ljava/util/List;Lcom/android/builder/merge/IncrementalFileMergerOutput;Lcom/android/builder/merge/IncrementalFileMergerState;Lcom/android/builder/merge/IncrementalFileMergerState$Builder;Ljava/util/function/Predicate;)V 19 <appendix> argL0 ; # com/android/builder/merge/IncrementalFileMerger$$Lambda+0x00000008030a3fa8
instanceKlass com/android/tools/r8/internal/ct
instanceKlass  @bci com/android/tools/r8/internal/Vz a (Lcom/android/tools/r8/graph/D5;Lcom/android/tools/r8/internal/UU$a;)Lcom/android/tools/r8/internal/aA; 2007 <appendix> argL0 ; # com/android/tools/r8/internal/Vz$$Lambda+0x00000008030a35b8
instanceKlass com/android/tools/r8/internal/WH
instanceKlass com/android/tools/r8/internal/Po0
instanceKlass  @bci com/android/tools/r8/internal/av0 a (Lcom/android/tools/r8/internal/Xu0;Lcom/android/tools/r8/internal/bP;)Ljava/lang/Integer; 322 <appendix> member <vmtarget> ; # com/android/tools/r8/internal/av0$$Lambda+0x00000008030a2e80
instanceKlass  @bci com/android/tools/r8/internal/av0 a (Lcom/android/tools/r8/internal/Xu0;Lcom/android/tools/r8/internal/bP;)Ljava/lang/Integer; 315 <appendix> member <vmtarget> ; # com/android/tools/r8/internal/av0$$Lambda+0x00000008030a2c38
instanceKlass com/android/tools/r8/internal/ns0
instanceKlass com/android/tools/r8/internal/aP
instanceKlass com/android/tools/r8/internal/n90
instanceKlass com/android/tools/r8/internal/Vt0
instanceKlass com/android/tools/r8/internal/Ut0
instanceKlass  @bci com/android/tools/r8/internal/Ra c (Lcom/android/tools/r8/internal/A8;Lcom/android/tools/r8/internal/r9;Lcom/android/tools/r8/internal/R40;)Lcom/android/tools/r8/internal/r9; 11 <appendix> member <vmtarget> ; # com/android/tools/r8/internal/Ra$$Lambda+0x00000008030a1280
instanceKlass  @bci com/android/tools/r8/internal/Ra c (Lcom/android/tools/r8/internal/A8;Lcom/android/tools/r8/internal/r9;Lcom/android/tools/r8/internal/R40;)Lcom/android/tools/r8/internal/r9; 5 <appendix> member <vmtarget> ; # com/android/tools/r8/internal/Ra$$Lambda+0x00000008030a1038
instanceKlass com/android/tools/r8/internal/bP
instanceKlass  @bci com/android/tools/r8/internal/Ra a (Lcom/android/tools/r8/internal/r9;Lcom/android/tools/r8/graph/y;Lcom/android/tools/r8/internal/A8;)Lcom/android/tools/r8/internal/r9; 90 <appendix> member <vmtarget> ; # com/android/tools/r8/internal/Ra$$Lambda+0x00000008030a0bb0
instanceKlass  @bci com/android/tools/r8/internal/Ra a (Lcom/android/tools/r8/internal/r9;Lcom/android/tools/r8/graph/y;Lcom/android/tools/r8/internal/A8;)Lcom/android/tools/r8/internal/r9; 84 <appendix> member <vmtarget> ; # com/android/tools/r8/internal/Ra$$Lambda+0x00000008030a0968
instanceKlass  @bci com/android/tools/r8/internal/uo a (Lcom/android/tools/r8/internal/ko0;)V 9 <appendix> argL0 ; # com/android/tools/r8/internal/uo$$Lambda+0x000000080309fbe8
instanceKlass  @bci com/android/tools/r8/internal/uo a (Lcom/android/tools/r8/internal/ko0;)V 1 <appendix> argL0 ; # com/android/tools/r8/internal/uo$$Lambda+0x000000080309f9a8
instanceKlass  @bci com/android/tools/r8/internal/uo a (Lcom/android/tools/r8/internal/Yo;Lcom/android/tools/r8/internal/Qe;)I 6 <appendix> argL0 ; # com/android/tools/r8/internal/uo$$Lambda+0x000000080309f768
instanceKlass  @bci com/android/tools/r8/internal/ko b (Lcom/android/tools/r8/internal/mz;)V 0 <appendix> argL0 ; # com/android/tools/r8/internal/ko$$Lambda+0x000000080309f528
instanceKlass  @bci com/android/tools/r8/internal/yo a (Lcom/android/tools/r8/internal/Yo;Lcom/android/tools/r8/internal/Qe;)I 6 <appendix> argL0 ; # com/android/tools/r8/internal/yo$$Lambda+0x000000080309f2e8
instanceKlass  @bci com/android/tools/r8/kotlin/n a (Lcom/android/tools/r8/internal/I6;Ljava/util/Map;Lcom/android/tools/r8/graph/y;Ljava/lang/String;Lcom/android/tools/r8/kotlin/m;)V 5 <appendix> member <vmtarget> ; # com/android/tools/r8/kotlin/n$$Lambda+0x000000080309f090
instanceKlass  @bci com/android/tools/r8/kotlin/n a (Lcom/android/tools/r8/internal/I6;Lcom/android/tools/r8/graph/y;Ljava/util/function/Consumer;Ljava/lang/String;)V 33 <appendix> member <vmtarget> ; # com/android/tools/r8/kotlin/n$$Lambda+0x000000080309ee38
instanceKlass  @bci com/android/tools/r8/kotlin/n b (Ljava/util/function/Consumer;Lcom/android/tools/r8/graph/y;)Z 19 <appendix> member <vmtarget> ; # com/android/tools/r8/kotlin/n$$Lambda+0x000000080309ebe0
instanceKlass  @bci com/android/tools/r8/kotlin/p0 b (Ljava/util/function/Consumer;Lcom/android/tools/r8/graph/y;)Z 250 <appendix> argL0 ; # com/android/tools/r8/kotlin/p0$$Lambda+0x000000080309e9a0
instanceKlass com/android/tools/r8/kotlin/T
instanceKlass  @bci com/android/tools/r8/kotlin/m a (Ljava/util/Map;Lcom/android/tools/r8/graph/B1;)Ljava/util/Map; 25 <appendix> member <vmtarget> ; # com/android/tools/r8/kotlin/m$$Lambda+0x000000080309e4f0
instanceKlass com/android/tools/r8/kotlin/m
instanceKlass  @bci com/android/tools/r8/internal/mo a (Lcom/android/tools/r8/internal/ko0;)V 17 <appendix> argL0 ; # com/android/tools/r8/internal/mo$$Lambda+0x000000080309d4a8
instanceKlass  @bci com/android/tools/r8/internal/mo a (Lcom/android/tools/r8/internal/ko0;)V 9 <appendix> argL0 ; # com/android/tools/r8/internal/mo$$Lambda+0x000000080309d268
instanceKlass  @bci com/android/tools/r8/internal/mo a (Lcom/android/tools/r8/internal/ko0;)V 1 <appendix> argL0 ; # com/android/tools/r8/internal/mo$$Lambda+0x000000080309d028
instanceKlass  @bci com/android/tools/r8/internal/mo a (Lcom/android/tools/r8/internal/Yo;Lcom/android/tools/r8/internal/Qe;)I 6 <appendix> argL0 ; # com/android/tools/r8/internal/mo$$Lambda+0x000000080309cde8
instanceKlass com/android/tools/r8/internal/XN
instanceKlass com/android/tools/r8/internal/l90
instanceKlass  @bci com/android/tools/r8/internal/Ol a (Lcom/android/tools/r8/graph/E0;Lcom/android/tools/r8/internal/Rl;)Lcom/android/tools/r8/internal/Ml; 190 <appendix> member <vmtarget> ; # com/android/tools/r8/internal/Ol$$Lambda+0x000000080309b680
instanceKlass  @bci com/android/tools/r8/internal/Ol a (Lcom/android/tools/r8/graph/J2;Lcom/android/tools/r8/graph/J2;Lcom/android/tools/r8/graph/f0;Ljava/lang/Iterable;Ljava/util/function/BiFunction;Lcom/android/tools/r8/synthesis/o;)V 23 <appendix> member <vmtarget> ; # com/android/tools/r8/internal/Ol$$Lambda+0x000000080309b428
instanceKlass  @bci com/android/tools/r8/internal/Ol a (Lcom/android/tools/r8/internal/Nl;Lcom/android/tools/r8/graph/J2;Lcom/android/tools/r8/graph/J2;Lcom/android/tools/r8/graph/f0;Lcom/android/tools/r8/internal/Rl;Ljava/util/List;Ljava/util/function/BiFunction;)Lcom/android/tools/r8/graph/I0; 85 <appendix> member <vmtarget> ; # com/android/tools/r8/internal/Ol$$Lambda+0x000000080309b1d0
instanceKlass  @bci com/android/tools/r8/internal/Ol a (Lcom/android/tools/r8/internal/Nl;Lcom/android/tools/r8/graph/J2;Lcom/android/tools/r8/graph/J2;Lcom/android/tools/r8/graph/f0;Lcom/android/tools/r8/internal/Rl;Ljava/util/List;Ljava/util/function/BiFunction;)Lcom/android/tools/r8/graph/I0; 75 <appendix> member <vmtarget> ; # com/android/tools/r8/internal/Ol$$Lambda+0x000000080309af78
instanceKlass  @bci com/android/tools/r8/internal/Ol a (Lcom/android/tools/r8/graph/E0;Lcom/android/tools/r8/internal/Rl;)Lcom/android/tools/r8/internal/Ml; 146 <appendix> member <vmtarget> ; # com/android/tools/r8/internal/Ol$$Lambda+0x000000080309ad20
instanceKlass  @bci com/android/tools/r8/internal/pd a (Ljava/util/List;Ljava/util/Map;Lcom/android/tools/r8/graph/J2;Ljava/util/Set;)V 99 <appendix> member <vmtarget> ; # com/android/tools/r8/internal/pd$$Lambda+0x000000080309aac8
instanceKlass  @bci com/android/tools/r8/internal/pd a (Lcom/android/tools/r8/graph/E0;Ljava/util/HashSet;Ljava/util/IdentityHashMap;)V 49 <appendix> member <vmtarget> ; # com/android/tools/r8/internal/pd$$Lambda+0x000000080309a870
instanceKlass  @bci com/android/tools/r8/internal/eP b (Lcom/android/tools/r8/internal/aA;)Lcom/android/tools/r8/internal/Xd; 322 <appendix> argL0 ; # com/android/tools/r8/internal/eP$$Lambda+0x000000080309a620
instanceKlass  @bci com/android/tools/r8/internal/ko a (Lcom/android/tools/r8/internal/ko0;)V 9 <appendix> argL0 ; # com/android/tools/r8/internal/ko$$Lambda+0x000000080309a3e0
instanceKlass  @bci com/android/tools/r8/internal/ko a (Lcom/android/tools/r8/internal/ko0;)V 1 <appendix> argL0 ; # com/android/tools/r8/internal/ko$$Lambda+0x000000080309a1a0
instanceKlass  @bci com/android/tools/r8/internal/ko a (Lcom/android/tools/r8/internal/Yo;Lcom/android/tools/r8/internal/Qe;)I 6 <appendix> argL0 ; # com/android/tools/r8/internal/ko$$Lambda+0x0000000803099f60
instanceKlass  @bci com/android/tools/r8/internal/Qk0 a (Lcom/android/tools/r8/internal/OJ;)V 484 <appendix> argL0 ; # com/android/tools/r8/internal/Qk0$$Lambda+0x0000000803099d00
instanceKlass  @bci com/android/tools/r8/internal/hH a (Lcom/android/tools/r8/synthesis/M;)V 12 <appendix> argL0 ; # com/android/tools/r8/internal/hH$$Lambda+0x0000000803099ac0
instanceKlass  @bci com/android/tools/r8/internal/hH a (Lcom/android/tools/r8/internal/kj;Lcom/android/tools/r8/internal/M9;)Lcom/android/tools/r8/graph/H0; 256 <appendix> argL0 ; # com/android/tools/r8/internal/hH$$Lambda+0x0000000803099870
instanceKlass  @bci com/android/tools/r8/internal/hH a (Lcom/android/tools/r8/internal/kj;Lcom/android/tools/r8/internal/M9;)Lcom/android/tools/r8/graph/H0; 250 <appendix> member <vmtarget> ; # com/android/tools/r8/internal/hH$$Lambda+0x0000000803099618
instanceKlass  @bci com/android/tools/r8/internal/hH a (Lcom/android/tools/r8/internal/kj;Lcom/android/tools/r8/internal/M9;)Lcom/android/tools/r8/graph/H0; 240 <appendix> argL0 ; # com/android/tools/r8/internal/hH$$Lambda+0x00000008030993c8
instanceKlass  @bci com/android/tools/r8/internal/hH a (Lcom/android/tools/r8/internal/kj;Lcom/android/tools/r8/internal/M9;)Lcom/android/tools/r8/graph/H0; 211 <appendix> argL0 ; # com/android/tools/r8/internal/hH$$Lambda+0x0000000803099188
instanceKlass  @bci com/android/tools/r8/kotlin/Z a (Lcom/android/tools/r8/graph/E2;Lcom/android/tools/r8/kotlin/p;Lcom/android/tools/r8/graph/r0;Lcom/android/tools/r8/kotlin/Y;)V 148 <appendix> member <vmtarget> ; # com/android/tools/r8/kotlin/Z$$Lambda+0x0000000803098f20
instanceKlass com/android/tools/r8/kotlin/M
instanceKlass com/android/tools/r8/kotlin/F
instanceKlass  @bci com/android/tools/r8/kotlin/o a (Lcom/android/tools/r8/internal/rO;Lcom/android/tools/r8/graph/E2;)Ljava/util/List; 43 <appendix> member <vmtarget> ; # com/android/tools/r8/kotlin/o$$Lambda+0x00000008030989b0
instanceKlass  @bci com/android/tools/r8/kotlin/K a (Ljava/util/function/Consumer;Lcom/android/tools/r8/graph/j1;Lcom/android/tools/r8/graph/y;)Z 621 <appendix> member <vmtarget> ; # com/android/tools/r8/kotlin/K$$Lambda+0x0000000803098000
instanceKlass  @bci com/android/tools/r8/kotlin/J b (Ljava/util/function/Consumer;Lcom/android/tools/r8/graph/y;)Z 37 <appendix> member <vmtarget> ; # com/android/tools/r8/kotlin/J$$Lambda+0x0000000803097b78
instanceKlass  @bci com/android/tools/r8/internal/po a (Lcom/android/tools/r8/internal/ko0;)V 17 <appendix> argL0 ; # com/android/tools/r8/internal/po$$Lambda+0x0000000803097938
instanceKlass  @bci com/android/tools/r8/internal/po a (Lcom/android/tools/r8/internal/ko0;)V 9 <appendix> argL0 ; # com/android/tools/r8/internal/po$$Lambda+0x00000008030976f8
instanceKlass  @bci com/android/tools/r8/internal/po a (Lcom/android/tools/r8/internal/ko0;)V 1 <appendix> argL0 ; # com/android/tools/r8/internal/po$$Lambda+0x00000008030974b8
instanceKlass  @bci com/android/tools/r8/internal/po b (Lcom/android/tools/r8/internal/mz;)V 0 <appendix> argL0 ; # com/android/tools/r8/internal/po$$Lambda+0x0000000803097278
instanceKlass  @bci com/android/tools/r8/internal/eo b (Lcom/android/tools/r8/internal/mz;)V 0 <appendix> argL0 ; # com/android/tools/r8/internal/eo$$Lambda+0x0000000803097038
instanceKlass com/android/build/gradle/internal/errors/MessageReceiverImplKt
instanceKlass com/android/build/gradle/internal/errors/MessageReceiverImpl$WhenMappings
instanceKlass com/android/ide/common/blame/Message
instanceKlass com/android/ide/common/blame/Message$Kind$Companion
instanceKlass com/android/tools/r8/internal/Zc0
instanceKlass com/android/tools/r8/errors/InterfaceDesugarMissingTypeDiagnostic
instanceKlass  @bci com/android/tools/r8/internal/Ra d (Lcom/android/tools/r8/internal/A8;Lcom/android/tools/r8/internal/r9;Lcom/android/tools/r8/internal/R40;)Lcom/android/tools/r8/internal/r9; 11 <appendix> member <vmtarget> ; # com/android/tools/r8/internal/Ra$$Lambda+0x00000008030957d0
instanceKlass  @bci com/android/tools/r8/internal/hH b (Lcom/android/tools/r8/graph/E2;)Lcom/android/tools/r8/graph/g1; 1 <appendix> argL0 ; # com/android/tools/r8/internal/hH$$Lambda+0x0000000803095560
instanceKlass  @bci com/android/tools/r8/internal/Ra d (Lcom/android/tools/r8/internal/A8;Lcom/android/tools/r8/internal/r9;Lcom/android/tools/r8/internal/R40;)Lcom/android/tools/r8/internal/r9; 5 <appendix> member <vmtarget> ; # com/android/tools/r8/internal/Ra$$Lambda+0x0000000803095318
instanceKlass  @bci com/android/tools/r8/internal/hH a (Lcom/android/tools/r8/graph/E2;Lcom/android/tools/r8/synthesis/M;)V 109 <appendix> member <vmtarget> ; # com/android/tools/r8/internal/hH$$Lambda+0x00000008030950d0
instanceKlass  @bci com/android/tools/r8/internal/hH a (Lcom/android/tools/r8/graph/E2;Lcom/android/tools/r8/internal/jH;)V 76 <appendix> member <vmtarget> ; # com/android/tools/r8/internal/hH$$Lambda+0x0000000803094e78
instanceKlass  @bci com/android/tools/r8/internal/Ra a (Lcom/android/tools/r8/internal/r9;Lcom/android/tools/r8/graph/y;Lcom/android/tools/r8/internal/A8;)Lcom/android/tools/r8/internal/r9; 143 <appendix> member <vmtarget> ; # com/android/tools/r8/internal/Ra$$Lambda+0x0000000803094c20
instanceKlass  @bci com/android/tools/r8/internal/hH a (Lcom/android/tools/r8/graph/E2;Lcom/android/tools/r8/internal/jH;)V 70 <appendix> member <vmtarget> ; # com/android/tools/r8/internal/hH$$Lambda+0x00000008030949c8
instanceKlass  @bci com/android/tools/build/apkzlib/zip/StoredEntry <init> (Lcom/android/tools/build/apkzlib/zip/CentralDirectoryHeader;Lcom/android/tools/build/apkzlib/zip/ZFile;Lcom/android/tools/build/apkzlib/zip/ProcessedAndRawByteSources;Lcom/android/tools/build/apkzlib/bytestorage/ByteStorage;)V 352 <appendix> member <vmtarget> ; # com/android/tools/build/apkzlib/zip/StoredEntry$$Lambda+0x0000000803094768
instanceKlass  @bci com/android/tools/build/apkzlib/zip/ZFile <init> (Ljava/io/File;Lcom/android/tools/build/apkzlib/zip/ZFileOptions;Z)V 301 <appendix> argL0 ; # com/android/tools/build/apkzlib/zip/ZFile$$Lambda+0x0000000803094528
instanceKlass com/android/tools/build/apkzlib/zip/ZFileExtension
instanceKlass com/android/tools/build/apkzlib/utils/IOExceptionFunction
instanceKlass com/android/tools/build/apkzlib/zip/ProcessedAndRawByteSources
instanceKlass  @bci com/android/tools/build/apkzlib/zip/StoredEntry <clinit> ()V 0 <appendix> argL0 ; # com/android/tools/build/apkzlib/zip/StoredEntry$$Lambda+0x0000000803093278
instanceKlass com/android/tools/build/apkzlib/zip/StoredEntry
instanceKlass com/android/tools/build/apkzlib/zip/ExtraField
instanceKlass com/android/tools/build/apkzlib/zip/CentralDirectoryHeader
instanceKlass com/google/common/util/concurrent/ImmediateFuture
instanceKlass com/google/common/util/concurrent/GwtFuturesCatchingSpecialization
instanceKlass  @bci com/android/tools/r8/internal/Ra a (Lcom/android/tools/r8/internal/r9;Lcom/android/tools/r8/graph/y;Lcom/android/tools/r8/internal/A8;)Lcom/android/tools/r8/internal/r9; 72 <appendix> member <vmtarget> ; # com/android/tools/r8/internal/Ra$$Lambda+0x0000000803091dd0
instanceKlass  @bci com/android/tools/r8/internal/Jl a (Lcom/android/tools/r8/internal/kt;Lcom/android/tools/r8/internal/M9;)Lcom/android/tools/r8/graph/x2; 214 <appendix> member <vmtarget> ; # com/android/tools/r8/internal/Jl$$Lambda+0x0000000803091b78
instanceKlass  @bci com/android/tools/r8/internal/Jl a (Lcom/android/tools/r8/internal/kt;Lcom/android/tools/r8/internal/M9;)Lcom/android/tools/r8/graph/x2; 204 <appendix> member <vmtarget> ; # com/android/tools/r8/internal/Jl$$Lambda+0x0000000803091920
instanceKlass  @bci com/android/tools/r8/internal/Jl a (Lcom/android/tools/r8/internal/kt;Lcom/android/tools/r8/internal/M9;)Lcom/android/tools/r8/graph/x2; 183 <appendix> argL0 ; # com/android/tools/r8/internal/Jl$$Lambda+0x00000008030916e0
instanceKlass  @bci com/android/tools/r8/internal/Jl a (Lcom/android/tools/r8/internal/kt;Lcom/android/tools/r8/internal/Gl;)Lcom/android/tools/r8/graph/E0; 165 <appendix> member <vmtarget> ; # com/android/tools/r8/internal/Jl$$Lambda+0x0000000803091488
instanceKlass  @bci com/android/tools/r8/internal/Jl a (Lcom/android/tools/r8/internal/kt;Lcom/android/tools/r8/internal/Gl;)Lcom/android/tools/r8/graph/E0; 155 <appendix> member <vmtarget> ; # com/android/tools/r8/internal/Jl$$Lambda+0x0000000803091230
instanceKlass  @bci com/android/tools/r8/internal/Jl a (Lcom/android/tools/r8/internal/kt;Lcom/android/tools/r8/internal/Gl;)Lcom/android/tools/r8/graph/E0; 136 <appendix> argL0 ; # com/android/tools/r8/internal/Jl$$Lambda+0x0000000803090ff0
instanceKlass  @bci com/android/tools/r8/internal/Qk0 a (Ljava/util/List;Lcom/android/tools/r8/ir/optimize/a;Lcom/android/tools/r8/internal/I6;Ljava/util/Map$Entry;)V 297 <appendix> member <vmtarget> ; # com/android/tools/r8/internal/Qk0$$Lambda+0x0000000803090da8
instanceKlass  @bci com/android/tools/r8/internal/Qk0 a (Ljava/util/List;Lcom/android/tools/r8/ir/optimize/a;Lcom/android/tools/r8/internal/I6;Ljava/util/Map$Entry;)V 262 <appendix> member <vmtarget> ; # com/android/tools/r8/internal/Qk0$$Lambda+0x0000000803090b30
instanceKlass com/android/tools/build/apkzlib/zip/CentralDirectoryHeaderCompressInfo
instanceKlass com/android/tools/build/apkzlib/zip/EncodeUtils
instanceKlass com/android/tools/build/apkzlib/zip/GPFlags
instanceKlass  @bci com/android/tools/build/apkzlib/zip/CentralDirectory <init> (Lcom/android/tools/build/apkzlib/zip/ZFile;)V 22 <appendix> member <vmtarget> ; # com/android/tools/build/apkzlib/zip/CentralDirectory$$Lambda+0x000000080308fc00
instanceKlass com/android/tools/build/apkzlib/zip/CentralDirectory
instanceKlass  @bci com/android/tools/build/apkzlib/zip/Eocd <init> (Ljava/nio/ByteBuffer;)V 173 <appendix> member <vmtarget> ; # com/android/tools/build/apkzlib/zip/Eocd$$Lambda+0x000000080308f758
instanceKlass com/android/tools/build/apkzlib/zip/utils/LittleEndianUtils
instanceKlass com/android/tools/build/apkzlib/zip/ZipFieldInvariantMaxValue
instanceKlass com/android/tools/build/apkzlib/zip/ZipFieldInvariantNonNegative
instanceKlass com/android/tools/build/apkzlib/zip/ZipFieldInvariant
instanceKlass com/android/tools/build/apkzlib/zip/ZipField
instanceKlass com/android/tools/build/apkzlib/zip/Eocd
instanceKlass com/android/tools/build/apkzlib/zip/VerifyLogs$1
instanceKlass  @bci com/android/tools/build/apkzlib/bytestorage/LruTracker <init> ()V 21 <appendix> argL0 ; # com/android/tools/build/apkzlib/bytestorage/LruTracker$$Lambda+0x000000080308d8c0
instanceKlass com/android/tools/build/apkzlib/bytestorage/LruTracker
instanceKlass com/android/tools/build/apkzlib/bytestorage/TemporaryDirectory$1
instanceKlass com/android/tools/build/apkzlib/bytestorage/TemporaryFile
instanceKlass com/android/tools/build/apkzlib/bytestorage/TemporaryDirectoryStorage
instanceKlass com/android/tools/build/apkzlib/bytestorage/InMemoryByteStorage
instanceKlass com/android/tools/build/apkzlib/bytestorage/OverflowToDiskByteStorage
instanceKlass com/android/tools/build/apkzlib/bytestorage/ChunkBasedByteStorage
instanceKlass  @bci com/android/tools/build/apkzlib/zip/FileUseMapEntry <clinit> ()V 8 <appendix> argL0 ; # com/android/tools/build/apkzlib/zip/FileUseMapEntry$$Lambda+0x000000080308a4a8
instanceKlass  @bci com/android/tools/build/apkzlib/zip/FileUseMapEntry <clinit> ()V 0 <appendix> argL0 ; # com/android/tools/build/apkzlib/zip/FileUseMapEntry$$Lambda+0x000000080308a1f0
instanceKlass com/android/tools/build/apkzlib/zip/FileUseMapEntry
instanceKlass com/android/tools/build/apkzlib/zip/FileUseMap
instanceKlass com/google/common/util/concurrent/FutureCallback
instanceKlass com/android/tools/build/apkzlib/zip/ZFile
instanceKlass com/android/builder/files/DirectoryEntry
instanceKlass com/android/builder/files/ZipCentralDirectoryKt
instanceKlass com/android/builder/files/ZipCentralDirectory$CdrInfo
instanceKlass com/android/builder/files/ZipCentralDirectory
instanceKlass com/android/builder/files/RelativeFile
instanceKlass com/android/builder/files/RelativeFiles
instanceKlass  @bci com/android/builder/merge/IncrementalFileMerger merge (Ljava/util/List;Lcom/android/builder/merge/IncrementalFileMergerOutput;Lcom/android/builder/merge/IncrementalFileMergerState;Ljava/util/function/Predicate;)Lcom/android/builder/merge/IncrementalFileMergerState; 56 <appendix> member <vmtarget> ; # com/android/builder/merge/IncrementalFileMerger$$Lambda+0x0000000803086c48
instanceKlass  @bci com/android/builder/merge/IncrementalFileMerger merge (Ljava/util/List;Lcom/android/builder/merge/IncrementalFileMergerOutput;Lcom/android/builder/merge/IncrementalFileMergerState;Ljava/util/function/Predicate;)Lcom/android/builder/merge/IncrementalFileMergerState; 25 <appendix> argL0 ; # com/android/builder/merge/IncrementalFileMerger$$Lambda+0x00000008030869e8
instanceKlass  @bci com/android/builder/merge/IncrementalFileMerger getInputNames (Ljava/util/List;)Lcom/google/common/collect/ImmutableList; 6 <appendix> member <vmtarget> ; # com/android/builder/merge/IncrementalFileMerger$$Lambda+0x0000000803086790
instanceKlass com/android/builder/merge/IncrementalFileMergerState$Builder
instanceKlass com/android/builder/merge/IncrementalFileMerger
instanceKlass com/android/builder/merge/IncrementalFileMergerState
instanceKlass com/android/builder/merge/DelegateIncrementalFileMergerOutput
instanceKlass com/android/builder/merge/IncrementalFileMergerOutputs$1
instanceKlass com/android/builder/merge/IncrementalFileMergerOutput
instanceKlass com/android/builder/merge/IncrementalFileMergerOutputs
instanceKlass com/android/builder/merge/MergeOutputWriters$2
instanceKlass com/android/builder/merge/MergeOutputWriter
instanceKlass com/android/builder/merge/MergeOutputWriters
instanceKlass  @bci com/android/tools/build/apkzlib/zip/ZFileOptions <init> ()V 56 <appendix> argL0 ; # com/android/tools/build/apkzlib/zip/ZFileOptions$$Lambda+0x0000000803084ae0
instanceKlass com/android/tools/build/apkzlib/zip/VerifyLog
instanceKlass com/android/tools/build/apkzlib/zip/VerifyLogs
instanceKlass  @bci com/android/tools/build/apkzlib/zip/AlignmentRules compose ([Lcom/android/tools/build/apkzlib/zip/AlignmentRule;)Lcom/android/tools/build/apkzlib/zip/AlignmentRule; 1 <appendix> member <vmtarget> ; # com/android/tools/build/apkzlib/zip/AlignmentRules$$Lambda+0x0000000803084450
instanceKlass com/android/tools/build/apkzlib/zip/AlignmentRules
instanceKlass com/android/tools/build/apkzlib/zip/AlignmentRule
instanceKlass  @bci com/android/tools/build/apkzlib/zip/ZFileOptions <init> ()V 32 <appendix> argL0 ; # com/android/tools/build/apkzlib/zip/ZFileOptions$$Lambda+0x0000000803083bb0
instanceKlass com/android/tools/build/apkzlib/zip/compress/ExecutorCompressor
instanceKlass  @bci com/android/tools/build/apkzlib/zip/ZFileOptions <init> ()V 13 <appendix> argL0 ; # com/android/tools/build/apkzlib/zip/ZFileOptions$$Lambda+0x0000000803083220
instanceKlass com/android/tools/build/apkzlib/bytestorage/TemporaryDirectory
instanceKlass com/android/tools/build/apkzlib/bytestorage/TemporaryDirectoryFactory
instanceKlass com/android/tools/build/apkzlib/bytestorage/OverflowToDiskByteStorageFactory
instanceKlass com/android/tools/build/apkzlib/bytestorage/ByteStorage
instanceKlass com/android/tools/build/apkzlib/bytestorage/ChunkBasedByteStorageFactory
instanceKlass com/android/tools/build/apkzlib/zip/Compressor
instanceKlass com/android/tools/build/apkzlib/bytestorage/ByteStorageFactory
instanceKlass com/android/tools/build/apkzlib/zip/ZFileOptions
instanceKlass  @bci com/android/tools/r8/internal/eo a (Lcom/android/tools/r8/internal/ko0;)V 9 <appendix> argL0 ; # com/android/tools/r8/internal/eo$$Lambda+0x0000000803081dd8
instanceKlass  @bci com/android/tools/r8/internal/eo a (Lcom/android/tools/r8/internal/ko0;)V 1 <appendix> argL0 ; # com/android/tools/r8/internal/eo$$Lambda+0x0000000803081b98
instanceKlass  @bci com/android/tools/r8/internal/eo a (Lcom/android/tools/r8/internal/Yo;Lcom/android/tools/r8/internal/Qe;)I 6 <appendix> argL0 ; # com/android/tools/r8/internal/eo$$Lambda+0x0000000803081958
instanceKlass  @bci com/android/builder/merge/StreamMergeAlgorithms select (Ljava/util/function/Function;)Lcom/android/builder/merge/StreamMergeAlgorithm; 1 <appendix> member <vmtarget> ; # com/android/builder/merge/StreamMergeAlgorithms$$Lambda+0x0000000803081710
instanceKlass com/android/builder/merge/StreamMergeAlgorithm
instanceKlass com/android/builder/merge/StreamMergeAlgorithms
instanceKlass com/android/build/gradle/internal/tasks/MergeJavaResourcesDelegate$run$mergeTransformAlgorithm$1
instanceKlass com/android/builder/merge/DelegateIncrementalFileMergerInput
instanceKlass com/android/build/gradle/internal/tasks/MergeJavaResourcesDelegate$run$inputFilter$1
instanceKlass com/android/build/gradle/internal/tasks/MergeJavaResourcesDelegate$run$$inlined$sortBy$1
instanceKlass com/android/build/gradle/internal/matcher/FileNameWithPrefixPathMatcher$Companion$factory$1
instanceKlass com/android/build/gradle/internal/matcher/FileNameWithPrefixPathMatcher$Companion
instanceKlass com/android/build/gradle/internal/matcher/FileNameWithPrefixPathMatcher
instanceKlass com/android/build/gradle/internal/matcher/FileNameWithSuffixPathMatcher$Companion$factory$1
instanceKlass com/android/build/gradle/internal/matcher/FileNameWithSuffixPathMatcher$Companion
instanceKlass com/android/build/gradle/internal/matcher/FileNameWithSuffixPathMatcher
instanceKlass com/android/build/gradle/internal/matcher/FileExtensionWithPrefixPathMatcher$Companion$factory$1
instanceKlass com/android/build/gradle/internal/matcher/FileExtensionWithPrefixPathMatcher$Companion
instanceKlass com/android/build/gradle/internal/matcher/FileExtensionWithPrefixPathMatcher
instanceKlass com/android/build/gradle/internal/matcher/FolderInHierarchyPathMatcher$Companion$factory$1
instanceKlass com/android/build/gradle/internal/matcher/FolderInHierarchyPathMatcher$Companion
instanceKlass com/android/build/gradle/internal/matcher/FolderInHierarchyPathMatcher
instanceKlass com/android/build/gradle/internal/matcher/NoWildcardPathMatcher$Companion$factory$1
instanceKlass com/android/build/gradle/internal/matcher/NoWildcardPathMatcher$Companion
instanceKlass  @bci com/android/tools/r8/kotlin/O a (Ljava/util/function/Consumer;Lcom/android/tools/r8/graph/E2;Lcom/android/tools/r8/graph/y;)Z 27 <appendix> member <vmtarget> ; # com/android/tools/r8/kotlin/O$$Lambda+0x000000080307dd28
instanceKlass  @bci com/android/tools/r8/kotlin/q0 b (Ljava/util/function/Consumer;Lcom/android/tools/r8/graph/y;)Z 152 <appendix> argL0 ; # com/android/tools/r8/kotlin/q0$$Lambda+0x000000080307dae8
instanceKlass  @bci com/android/tools/r8/kotlin/q0 b (Ljava/util/function/Consumer;Lcom/android/tools/r8/graph/y;)Z 112 <appendix> argL0 ; # com/android/tools/r8/kotlin/q0$$Lambda+0x000000080307d8a8
instanceKlass com/android/build/gradle/internal/matcher/NoWildcardPathMatcher
instanceKlass  @bci com/android/tools/r8/kotlin/O a (Ljava/util/function/Consumer;Lcom/android/tools/r8/graph/E2;Lcom/android/tools/r8/graph/y;)Z 92 <appendix> member <vmtarget> ; # com/android/tools/r8/kotlin/O$$Lambda+0x000000080307d408
instanceKlass  @bci com/android/tools/r8/kotlin/n0 a (Lcom/android/tools/r8/graph/E2;Lcom/android/tools/r8/graph/y;)Lcom/android/tools/r8/internal/o30; 65 <appendix> member <vmtarget> ; # com/android/tools/r8/kotlin/n0$$Lambda+0x000000080307d1b0
instanceKlass com/android/tools/r8/kotlin/O
instanceKlass com/android/tools/r8/kotlin/n0
instanceKlass com/android/tools/r8/internal/PK
instanceKlass com/android/tools/r8/internal/UO
instanceKlass com/android/build/gradle/internal/matcher/GlobPathMatcherFactory$Companion
instanceKlass com/android/tools/r8/internal/IO
instanceKlass com/android/build/gradle/internal/matcher/GlobPathMatcherFactory
instanceKlass com/android/build/gradle/internal/packaging/ParsedPackagingOptions$Companion
instanceKlass com/android/build/gradle/internal/packaging/ParsedPackagingOptions
instanceKlass  @bci com/android/tools/r8/kotlin/g0 a (Lcom/android/tools/r8/internal/KO;Lcom/android/tools/r8/graph/E2;Lcom/android/tools/r8/graph/y;)Z 89 <appendix> member <vmtarget> ; # com/android/tools/r8/kotlin/g0$$Lambda+0x000000080307bad0
instanceKlass  @bci com/android/tools/r8/kotlin/g0 a (Lcom/android/tools/r8/internal/KO;Lcom/android/tools/r8/graph/E2;Lcom/android/tools/r8/graph/y;)Z 58 <appendix> member <vmtarget> ; # com/android/tools/r8/kotlin/g0$$Lambda+0x000000080307b878
instanceKlass  @bci com/android/tools/r8/kotlin/g0 a (Lcom/android/tools/r8/internal/KO;Lcom/android/tools/r8/graph/E2;Lcom/android/tools/r8/graph/y;)Z 40 <appendix> member <vmtarget> ; # com/android/tools/r8/kotlin/g0$$Lambda+0x000000080307b620
instanceKlass com/android/build/gradle/internal/tasks/MergeJavaResourcesDelegate
instanceKlass  @bci com/android/tools/r8/kotlin/g0 a (Lcom/android/tools/r8/internal/KO;Lcom/android/tools/r8/graph/E2;Lcom/android/tools/r8/graph/y;)Z 25 <appendix> member <vmtarget> ; # com/android/tools/r8/kotlin/g0$$Lambda+0x000000080307b198
instanceKlass com/android/tools/r8/kotlin/g0
instanceKlass com/android/tools/r8/kotlin/H
instanceKlass com/android/tools/r8/internal/n30
instanceKlass com/android/tools/r8/internal/sK
instanceKlass com/android/tools/r8/internal/KO
instanceKlass com/android/tools/r8/internal/MK
instanceKlass com/android/build/gradle/internal/tasks/IncrementalFileMergerTaskUtils$toNonIncrementalInput$1
instanceKlass  @bci com/android/builder/merge/LazyIncrementalFileMergerInput <init> (Ljava/lang/String;Lcom/android/tools/build/apkzlib/utils/CachedSupplier;Lcom/android/tools/build/apkzlib/utils/CachedSupplier;)V 54 <appendix> member <vmtarget> ; # com/android/builder/merge/LazyIncrementalFileMergerInput$$Lambda+0x0000000803079eb8
instanceKlass  @bci com/android/builder/merge/LazyIncrementalFileMergerInput <init> (Ljava/lang/String;Lcom/android/tools/build/apkzlib/utils/CachedSupplier;Lcom/android/tools/build/apkzlib/utils/CachedSupplier;)V 37 <appendix> member <vmtarget> ; # com/android/builder/merge/LazyIncrementalFileMergerInput$$Lambda+0x0000000803079c58
instanceKlass  @bci com/android/builder/merge/LazyIncrementalFileMergerInput <init> (Ljava/lang/String;Lcom/android/tools/build/apkzlib/utils/CachedSupplier;Lcom/android/tools/build/apkzlib/utils/CachedSupplier;)V 20 <appendix> member <vmtarget> ; # com/android/builder/merge/LazyIncrementalFileMergerInput$$Lambda+0x00000008030799f8
instanceKlass com/android/builder/merge/LazyIncrementalFileMergerInput
instanceKlass com/android/builder/merge/IncrementalFileMergerInput
instanceKlass com/android/builder/merge/OpenableCloseable
instanceKlass  @bci com/android/builder/merge/LazyIncrementalFileMergerInputs fromNew (Ljava/lang/String;Ljava/util/Set;)Lcom/android/builder/merge/LazyIncrementalFileMergerInput; 24 <appendix> member <vmtarget> ; # com/android/builder/merge/LazyIncrementalFileMergerInputs$$Lambda+0x0000000803079070
instanceKlass  @bci com/android/builder/merge/LazyIncrementalFileMergerInputs fromNew (Ljava/lang/String;Ljava/util/Set;)Lcom/android/builder/merge/LazyIncrementalFileMergerInput; 10 <appendix> member <vmtarget> ; # com/android/builder/merge/LazyIncrementalFileMergerInputs$$Lambda+0x0000000803078e10
instanceKlass com/android/tools/build/apkzlib/utils/CachedSupplier
instanceKlass com/android/builder/merge/LazyIncrementalFileMergerInputs
instanceKlass  @bci com/android/tools/build/apkzlib/utils/IOExceptionRunnable asRunnable (Lcom/android/tools/build/apkzlib/utils/IOExceptionRunnable;)Ljava/lang/Runnable; 1 <appendix> member <vmtarget> ; # com/android/tools/build/apkzlib/utils/IOExceptionRunnable$$Lambda+0x00000008030784d0
instanceKlass com/android/build/gradle/internal/tasks/IncrementalFileMergerTaskUtils$toInputs$1
instanceKlass com/android/tools/build/apkzlib/utils/IOExceptionRunnable
instanceKlass com/android/build/gradle/internal/tasks/IncrementalFileMergerTaskUtils
instanceKlass com/android/build/gradle/internal/tasks/MergeJavaResourcesDelegateKt$WhenMappings
instanceKlass com/android/build/gradle/internal/tasks/MergeJavaResourcesDelegateKt
instanceKlass com/android/build/gradle/internal/tasks/MergeJavaResWorkAction$run$zipCache$1
instanceKlass com/android/builder/files/KeyedFileCache
instanceKlass  @bci com/android/build/gradle/internal/tasks/MergeJavaResWorkAction$Inject $gradleInit ()V 1 <appendix> member <vmtarget> ; # com/android/build/gradle/internal/tasks/MergeJavaResWorkAction$Inject$$Lambda+0x0000000803077350
instanceKlass  @bci com/android/build/gradle/internal/tasks/MergeJavaResWorkAction$Params$Inject $gradleInit ()V 1 <appendix> member <vmtarget> ; # com/android/build/gradle/internal/tasks/MergeJavaResWorkAction$Params$Inject$$Lambda+0x000000080306fc10
instanceKlass  @bci com/android/build/gradle/internal/tasks/MergeJavaResWorkAction$Params_Decorated $gradleInit ()V 1 <appendix> member <vmtarget> ; # com/android/build/gradle/internal/tasks/MergeJavaResWorkAction$Params_Decorated$$Lambda+0x000000080306f620
instanceKlass com/android/build/gradle/internal/tasks/MergeJavaResourceTask$doFullTaskAction$1
instanceKlass it/unimi/dsi/fastutil/ints/IntOpenHashSet$1
instanceKlass  @bci com/android/tools/r8/kotlin/r0 b (Ljava/util/function/Consumer;Lcom/android/tools/r8/graph/y;)Z 31 <appendix> member <vmtarget> ; # com/android/tools/r8/kotlin/r0$$Lambda+0x000000080306e770
instanceKlass com/android/tools/r8/internal/WO
instanceKlass  @bci com/android/tools/r8/kotlin/a a (Ljava/util/function/Consumer;Lcom/android/tools/r8/graph/g1;Lcom/android/tools/r8/graph/j1;Lcom/android/tools/r8/graph/j1;Lcom/android/tools/r8/graph/j1;Lcom/android/tools/r8/graph/y;)Z 685 <appendix> member <vmtarget> ; # com/android/tools/r8/kotlin/a$$Lambda+0x000000080306d500
instanceKlass  @bci com/android/tools/r8/kotlin/a a (Ljava/util/function/Consumer;Lcom/android/tools/r8/graph/g1;Lcom/android/tools/r8/graph/j1;Lcom/android/tools/r8/graph/j1;Lcom/android/tools/r8/graph/j1;Lcom/android/tools/r8/graph/y;)Z 658 <appendix> member <vmtarget> ; # com/android/tools/r8/kotlin/a$$Lambda+0x000000080306d2a8
instanceKlass  @bci com/android/tools/r8/kotlin/C a (Ljava/util/function/Consumer;Ljava/util/function/Consumer;Ljava/util/function/Consumer;Lcom/android/tools/r8/graph/E2;Lcom/android/tools/r8/graph/y;Lcom/android/tools/r8/kotlin/X;)Z 263 <appendix> argL0 ; # com/android/tools/r8/kotlin/C$$Lambda+0x000000080306d048
instanceKlass com/android/tools/r8/kotlin/i0
instanceKlass  @bci com/android/tools/r8/kotlin/C a (Ljava/util/function/Consumer;Ljava/util/function/Consumer;Ljava/util/function/Consumer;Lcom/android/tools/r8/graph/E2;Lcom/android/tools/r8/graph/y;Lcom/android/tools/r8/kotlin/X;)Z 83 <appendix> argL0 ; # com/android/tools/r8/kotlin/C$$Lambda+0x000000080306ca60
instanceKlass com/android/tools/r8/kotlin/B
instanceKlass  @bci com/android/tools/r8/kotlin/a a (Ljava/util/function/Consumer;Lcom/android/tools/r8/graph/g1;Lcom/android/tools/r8/graph/j1;Lcom/android/tools/r8/graph/j1;Lcom/android/tools/r8/graph/j1;Lcom/android/tools/r8/graph/y;)Z 742 <appendix> argL0 ; # com/android/tools/r8/kotlin/a$$Lambda+0x000000080306c5f0
instanceKlass  @bci com/android/tools/r8/kotlin/a a (Ljava/util/function/Consumer;Lcom/android/tools/r8/graph/g1;Lcom/android/tools/r8/graph/j1;Lcom/android/tools/r8/graph/j1;Lcom/android/tools/r8/graph/j1;Lcom/android/tools/r8/graph/y;)Z 737 <appendix> member <vmtarget> ; # com/android/tools/r8/kotlin/a$$Lambda+0x000000080306c398
instanceKlass  @bci com/android/tools/r8/kotlin/L a (Ljava/util/function/Consumer;Lcom/android/tools/r8/graph/g1;Lcom/android/tools/r8/graph/y;)Z 83 <appendix> member <vmtarget> ; # com/android/tools/r8/kotlin/L$$Lambda+0x000000080306c140
instanceKlass  @bci com/android/tools/r8/kotlin/a a (Ljava/util/function/Consumer;Lcom/android/tools/r8/graph/g1;Lcom/android/tools/r8/graph/j1;Lcom/android/tools/r8/graph/j1;Lcom/android/tools/r8/graph/j1;Lcom/android/tools/r8/graph/y;)Z 631 <appendix> member <vmtarget> ; # com/android/tools/r8/kotlin/a$$Lambda+0x000000080306bee8
instanceKlass  @bci com/android/tools/r8/kotlin/a a (Ljava/util/function/Consumer;Lcom/android/tools/r8/graph/g1;Lcom/android/tools/r8/graph/j1;Lcom/android/tools/r8/graph/j1;Lcom/android/tools/r8/graph/j1;Lcom/android/tools/r8/graph/y;)Z 591 <appendix> argL0 ; # com/android/tools/r8/kotlin/a$$Lambda+0x000000080306bca8
instanceKlass  @bci com/android/tools/r8/kotlin/a a (Ljava/util/function/Consumer;Lcom/android/tools/r8/graph/g1;Lcom/android/tools/r8/graph/j1;Lcom/android/tools/r8/graph/j1;Lcom/android/tools/r8/graph/j1;Lcom/android/tools/r8/graph/y;)Z 572 <appendix> argL0 ; # com/android/tools/r8/kotlin/a$$Lambda+0x000000080306ba68
instanceKlass  @bci com/android/tools/r8/kotlin/a a (Ljava/util/function/Consumer;Lcom/android/tools/r8/graph/g1;Lcom/android/tools/r8/graph/j1;Lcom/android/tools/r8/graph/j1;Lcom/android/tools/r8/graph/j1;Lcom/android/tools/r8/graph/y;)Z 553 <appendix> argL0 ; # com/android/tools/r8/kotlin/a$$Lambda+0x000000080306b828
instanceKlass  @bci com/android/tools/r8/kotlin/a a (Ljava/util/function/Consumer;Lcom/android/tools/r8/graph/g1;Lcom/android/tools/r8/graph/j1;Lcom/android/tools/r8/graph/j1;Lcom/android/tools/r8/graph/j1;Lcom/android/tools/r8/graph/y;)Z 548 <appendix> member <vmtarget> ; # com/android/tools/r8/kotlin/a$$Lambda+0x000000080306b5d0
instanceKlass  @bci com/android/tools/r8/kotlin/a a (Ljava/util/function/Consumer;Lcom/android/tools/r8/graph/g1;Lcom/android/tools/r8/graph/j1;Lcom/android/tools/r8/graph/j1;Lcom/android/tools/r8/graph/j1;Lcom/android/tools/r8/graph/y;)Z 532 <appendix> argL0 ; # com/android/tools/r8/kotlin/a$$Lambda+0x000000080306b390
instanceKlass  @bci com/android/tools/r8/kotlin/a a (Ljava/util/function/Consumer;Lcom/android/tools/r8/graph/g1;Lcom/android/tools/r8/graph/j1;Lcom/android/tools/r8/graph/j1;Lcom/android/tools/r8/graph/j1;Lcom/android/tools/r8/graph/y;)Z 527 <appendix> member <vmtarget> ; # com/android/tools/r8/kotlin/a$$Lambda+0x000000080306b138
instanceKlass  @bci com/android/tools/r8/kotlin/a a (Ljava/util/function/Consumer;Lcom/android/tools/r8/graph/g1;Lcom/android/tools/r8/graph/j1;Lcom/android/tools/r8/graph/j1;Lcom/android/tools/r8/graph/j1;Lcom/android/tools/r8/graph/y;)Z 512 <appendix> argL0 ; # com/android/tools/r8/kotlin/a$$Lambda+0x000000080306aef8
instanceKlass  @bci com/android/tools/r8/kotlin/a a (Ljava/util/function/Consumer;Lcom/android/tools/r8/graph/g1;Lcom/android/tools/r8/graph/j1;Lcom/android/tools/r8/graph/j1;Lcom/android/tools/r8/graph/j1;Lcom/android/tools/r8/graph/y;)Z 507 <appendix> member <vmtarget> ; # com/android/tools/r8/kotlin/a$$Lambda+0x000000080306aca0
instanceKlass  @bci com/android/tools/r8/kotlin/a a (Lcom/android/tools/r8/internal/NO;Lcom/android/tools/r8/graph/B1;Lcom/android/tools/r8/internal/bd0;)Lcom/android/tools/r8/kotlin/a; 207 <appendix> member <vmtarget> ; # com/android/tools/r8/kotlin/a$$Lambda+0x000000080306aa38
instanceKlass com/android/tools/r8/kotlin/L
instanceKlass com/android/tools/r8/kotlin/a
instanceKlass com/android/tools/r8/internal/tK
instanceKlass com/android/tools/r8/internal/OO
instanceKlass  @bci com/android/tools/r8/kotlin/P b (Ljava/util/function/Consumer;Lcom/android/tools/r8/graph/y;)Z 6 <appendix> argL0 ; # com/android/tools/r8/kotlin/P$$Lambda+0x0000000803069b60
instanceKlass  @bci com/android/tools/r8/kotlin/o a (Lcom/android/tools/r8/graph/E2;Lcom/android/tools/r8/graph/y;)Lcom/android/tools/r8/internal/o30; 1057 <appendix> member <vmtarget> ; # com/android/tools/r8/kotlin/o$$Lambda+0x0000000803069908
instanceKlass  @bci com/android/tools/r8/kotlin/o a (Lcom/android/tools/r8/graph/E2;Lcom/android/tools/r8/graph/y;)Lcom/android/tools/r8/internal/o30; 997 <appendix> argL0 ; # com/android/tools/r8/kotlin/o$$Lambda+0x00000008030696c8
instanceKlass  @bci com/android/tools/r8/kotlin/s0 a (Ljava/util/function/Consumer;Lcom/android/tools/r8/graph/y;Ljava/lang/String;)Z 23 <appendix> member <vmtarget> ; # com/android/tools/r8/kotlin/s0$$Lambda+0x0000000803069470
instanceKlass  @bci com/android/tools/r8/kotlin/o a (Lcom/android/tools/r8/graph/E2;Lcom/android/tools/r8/graph/y;)Lcom/android/tools/r8/internal/o30; 798 <appendix> member <vmtarget> ; # com/android/tools/r8/kotlin/o$$Lambda+0x0000000803069218
instanceKlass  @bci com/android/tools/r8/kotlin/o a (Lcom/android/tools/r8/graph/E2;Lcom/android/tools/r8/graph/y;)Lcom/android/tools/r8/internal/o30; 727 <appendix> member <vmtarget> ; # com/android/tools/r8/kotlin/o$$Lambda+0x0000000803068fc0
instanceKlass  @bci com/android/tools/r8/kotlin/o a (Lcom/android/tools/r8/graph/E2;Lcom/android/tools/r8/graph/y;)Lcom/android/tools/r8/internal/o30; 637 <appendix> argL0 ; # com/android/tools/r8/kotlin/o$$Lambda+0x0000000803068d80
instanceKlass  @bci com/android/tools/r8/kotlin/C a (Ljava/util/function/Consumer;Ljava/util/function/Consumer;Ljava/util/function/Consumer;Lcom/android/tools/r8/graph/E2;Lcom/android/tools/r8/graph/y;Lcom/android/tools/r8/kotlin/X;)Z 521 <appendix> argL0 ; # com/android/tools/r8/kotlin/C$$Lambda+0x0000000803068b40
instanceKlass com/android/tools/r8/kotlin/h0
instanceKlass  @bci com/android/tools/r8/kotlin/C a (Ljava/util/function/Consumer;Ljava/util/function/Consumer;Ljava/util/function/Consumer;Lcom/android/tools/r8/graph/E2;Lcom/android/tools/r8/graph/y;Lcom/android/tools/r8/kotlin/X;)Z 505 <appendix> argL0 ; # com/android/tools/r8/kotlin/C$$Lambda+0x00000008030686e0
instanceKlass  @bci com/android/tools/r8/kotlin/K a (Ljava/util/function/Consumer;Lcom/android/tools/r8/graph/j1;Lcom/android/tools/r8/graph/y;)Z 641 <appendix> member <vmtarget> ; # com/android/tools/r8/kotlin/K$$Lambda+0x0000000803068488
instanceKlass com/android/tools/r8/internal/xO
instanceKlass  @bci com/android/tools/r8/kotlin/N a (Ljava/util/function/Consumer;Lcom/android/tools/r8/graph/j1;Lcom/android/tools/r8/graph/y;)Z 173 <appendix> member <vmtarget> ; # com/android/tools/r8/kotlin/N$$Lambda+0x0000000803068000
instanceKlass  @bci com/android/tools/r8/kotlin/K a (Ljava/util/function/Consumer;Lcom/android/tools/r8/graph/j1;Lcom/android/tools/r8/graph/y;)Z 595 <appendix> member <vmtarget> ; # com/android/tools/r8/kotlin/K$$Lambda+0x0000000803067bc0
instanceKlass  @bci com/android/tools/r8/kotlin/K a (Ljava/util/function/Consumer;Lcom/android/tools/r8/graph/j1;Lcom/android/tools/r8/graph/y;)Z 555 <appendix> argL0 ; # com/android/tools/r8/kotlin/K$$Lambda+0x0000000803067980
instanceKlass  @bci com/android/tools/r8/kotlin/K a (Ljava/util/function/Consumer;Lcom/android/tools/r8/graph/j1;Lcom/android/tools/r8/graph/y;)Z 550 <appendix> member <vmtarget> ; # com/android/tools/r8/kotlin/K$$Lambda+0x0000000803067728
instanceKlass  @bci com/android/tools/r8/kotlin/K a (Ljava/util/function/Consumer;Lcom/android/tools/r8/graph/j1;Lcom/android/tools/r8/graph/y;)Z 535 <appendix> argL0 ; # com/android/tools/r8/kotlin/K$$Lambda+0x00000008030674e8
instanceKlass  @bci com/android/tools/r8/kotlin/K a (Ljava/util/function/Consumer;Lcom/android/tools/r8/graph/j1;Lcom/android/tools/r8/graph/y;)Z 517 <appendix> argL0 ; # com/android/tools/r8/kotlin/K$$Lambda+0x00000008030672a8
instanceKlass  @bci com/android/tools/r8/kotlin/t0 b (Ljava/util/function/Consumer;Lcom/android/tools/r8/graph/y;)Z 184 <appendix> argL0 ; # com/android/tools/r8/kotlin/t0$$Lambda+0x0000000803067068
instanceKlass  @bci com/android/tools/r8/kotlin/t0 b (Ljava/util/function/Consumer;Lcom/android/tools/r8/graph/y;)Z 177 <appendix> member <vmtarget> ; # com/android/tools/r8/kotlin/t0$$Lambda+0x0000000803066e10
instanceKlass  @bci com/android/tools/r8/kotlin/t0 b (Ljava/util/function/Consumer;Lcom/android/tools/r8/graph/y;)Z 161 <appendix> member <vmtarget> ; # com/android/tools/r8/kotlin/t0$$Lambda+0x0000000803066bb8
instanceKlass  @bci com/android/tools/r8/kotlin/K a (Ljava/util/function/Consumer;Lcom/android/tools/r8/graph/j1;Lcom/android/tools/r8/graph/y;)Z 499 <appendix> argL0 ; # com/android/tools/r8/kotlin/K$$Lambda+0x0000000803066978
instanceKlass  @bci com/android/tools/r8/kotlin/p0 b (Ljava/util/function/Consumer;Lcom/android/tools/r8/graph/y;)Z 206 <appendix> member <vmtarget> ; # com/android/tools/r8/kotlin/p0$$Lambda+0x0000000803066720
instanceKlass com/android/tools/r8/internal/FO
instanceKlass  @bci com/android/tools/r8/kotlin/p0 b (Ljava/util/function/Consumer;Lcom/android/tools/r8/graph/y;)Z 192 <appendix> argL0 ; # com/android/tools/r8/kotlin/p0$$Lambda+0x00000008030662b0
instanceKlass com/android/tools/r8/kotlin/r0
instanceKlass  @bci com/android/tools/r8/kotlin/p0 b (Ljava/util/function/Consumer;Lcom/android/tools/r8/graph/y;)Z 171 <appendix> argL0 ; # com/android/tools/r8/kotlin/p0$$Lambda+0x0000000803065e28
instanceKlass  @bci com/android/tools/r8/kotlin/p0 b (Ljava/util/function/Consumer;Lcom/android/tools/r8/graph/y;)Z 164 <appendix> member <vmtarget> ; # com/android/tools/r8/kotlin/p0$$Lambda+0x0000000803065bd0
instanceKlass  @bci com/android/tools/r8/kotlin/p0 b (Ljava/util/function/Consumer;Lcom/android/tools/r8/graph/y;)Z 148 <appendix> argL0 ; # com/android/tools/r8/kotlin/p0$$Lambda+0x0000000803065990
instanceKlass  @bci com/android/tools/r8/kotlin/p0 b (Ljava/util/function/Consumer;Lcom/android/tools/r8/graph/y;)Z 141 <appendix> member <vmtarget> ; # com/android/tools/r8/kotlin/p0$$Lambda+0x0000000803065738
instanceKlass  @bci com/android/tools/r8/kotlin/s a (Lcom/android/tools/r8/internal/QO;Lcom/android/tools/r8/graph/y;)Z 6 <appendix> member <vmtarget> ; # com/android/tools/r8/kotlin/s$$Lambda+0x00000008030654e0
instanceKlass  @bci com/android/tools/r8/kotlin/K a (Ljava/util/function/Consumer;Lcom/android/tools/r8/graph/j1;Lcom/android/tools/r8/graph/y;)Z 480 <appendix> member <vmtarget> ; # com/android/tools/r8/kotlin/K$$Lambda+0x0000000803065288
instanceKlass  @bci com/android/tools/r8/kotlin/C a (Ljava/util/function/Consumer;Ljava/util/function/Consumer;Ljava/util/function/Consumer;Lcom/android/tools/r8/graph/E2;Lcom/android/tools/r8/graph/y;Lcom/android/tools/r8/kotlin/X;)Z 9 <appendix> argL0 ; # com/android/tools/r8/kotlin/C$$Lambda+0x0000000803065048
instanceKlass com/android/tools/r8/kotlin/o0
instanceKlass  @bci com/android/tools/r8/kotlin/o a (Lcom/android/tools/r8/graph/E2;Lcom/android/tools/r8/graph/y;)Lcom/android/tools/r8/internal/o30; 614 <appendix> member <vmtarget> ; # com/android/tools/r8/kotlin/o$$Lambda+0x0000000803064ba8
instanceKlass com/android/tools/r8/internal/RO
instanceKlass  @bci com/android/tools/r8/kotlin/o a (Lcom/android/tools/r8/graph/E2;Lcom/android/tools/r8/graph/y;)Lcom/android/tools/r8/internal/o30; 599 <appendix> member <vmtarget> ; # com/android/tools/r8/kotlin/o$$Lambda+0x0000000803064720
instanceKlass com/android/tools/r8/internal/NO
instanceKlass  @bci com/android/tools/r8/kotlin/o a (Lcom/android/tools/r8/graph/E2;Lcom/android/tools/r8/graph/y;)Lcom/android/tools/r8/internal/o30; 584 <appendix> member <vmtarget> ; # com/android/tools/r8/kotlin/o$$Lambda+0x0000000803064298
instanceKlass  @bci com/android/tools/r8/kotlin/b0 a (Lcom/android/tools/r8/graph/y;Ljava/util/List;Ljava/util/List;Lcom/android/tools/r8/internal/kq0;)Z 34 <appendix> member <vmtarget> ; # com/android/tools/r8/kotlin/b0$$Lambda+0x0000000803064040
instanceKlass  @bci com/android/tools/r8/kotlin/z a (Lcom/android/tools/r8/internal/rO;Lcom/android/tools/r8/graph/j1;Lcom/android/tools/r8/graph/y;)Z 203 <appendix> argL0 ; # com/android/tools/r8/kotlin/z$$Lambda+0x0000000803063e00
instanceKlass  @bci com/android/tools/r8/kotlin/N a (Ljava/util/function/Consumer;Lcom/android/tools/r8/graph/j1;Lcom/android/tools/r8/graph/y;)Z 204 <appendix> member <vmtarget> ; # com/android/tools/r8/kotlin/N$$Lambda+0x0000000803063ba8
instanceKlass  @bci com/android/tools/r8/kotlin/z a (Lcom/android/tools/r8/internal/rO;Lcom/android/tools/r8/graph/j1;Lcom/android/tools/r8/graph/y;)Z 176 <appendix> member <vmtarget> ; # com/android/tools/r8/kotlin/z$$Lambda+0x0000000803063950
instanceKlass com/android/tools/r8/internal/ZJ
instanceKlass com/android/tools/r8/internal/SJ
instanceKlass com/android/tools/r8/kotlin/I
instanceKlass  @bci com/android/tools/r8/kotlin/o a (Lcom/android/tools/r8/internal/hP$a;Ljava/lang/String;Lcom/android/tools/r8/graph/E2;Lcom/android/tools/r8/graph/y;Ljava/util/function/Consumer;)Lcom/android/tools/r8/kotlin/o; 877 <appendix> member <vmtarget> ; # com/android/tools/r8/kotlin/o$$Lambda+0x0000000803062908
instanceKlass com/android/tools/r8/kotlin/y
instanceKlass com/android/tools/r8/kotlin/P
instanceKlass  @bci com/android/tools/r8/kotlin/K a (Lcom/android/tools/r8/internal/GO;Lcom/android/tools/r8/graph/B1;Lcom/android/tools/r8/internal/bd0;)Lcom/android/tools/r8/kotlin/K; 516 <appendix> member <vmtarget> ; # com/android/tools/r8/kotlin/K$$Lambda+0x0000000803062140
instanceKlass com/android/tools/r8/kotlin/A
instanceKlass com/android/tools/r8/kotlin/q0
instanceKlass com/android/tools/r8/kotlin/J
instanceKlass com/android/tools/r8/kotlin/n
instanceKlass com/android/tools/r8/kotlin/x
instanceKlass com/android/tools/r8/kotlin/p0
instanceKlass com/android/tools/r8/kotlin/K
instanceKlass com/android/tools/r8/kotlin/C
instanceKlass com/android/tools/r8/kotlin/s0
instanceKlass com/android/tools/r8/kotlin/N
instanceKlass com/android/tools/r8/internal/XJ
instanceKlass com/android/tools/r8/kotlin/t0
instanceKlass com/android/tools/r8/kotlin/z
instanceKlass com/android/tools/r8/kotlin/X
instanceKlass com/android/tools/r8/kotlin/o
instanceKlass com/android/tools/r8/internal/gK
instanceKlass com/android/tools/r8/internal/hK
instanceKlass com/android/tools/r8/internal/Dk0
instanceKlass com/android/tools/r8/internal/Px
instanceKlass com/android/tools/r8/internal/QK
instanceKlass com/android/tools/r8/internal/Ct
instanceKlass com/android/tools/r8/internal/e0
instanceKlass com/android/tools/r8/internal/Aw
instanceKlass com/android/tools/r8/internal/ww
instanceKlass com/android/tools/r8/internal/M6
instanceKlass com/android/tools/r8/internal/tw
instanceKlass com/android/tools/r8/internal/m30
instanceKlass com/android/tools/r8/internal/t8
instanceKlass com/android/tools/r8/internal/RK
instanceKlass com/android/tools/r8/internal/g5
instanceKlass com/android/tools/r8/internal/av0
instanceKlass com/android/tools/r8/internal/RP
instanceKlass com/android/tools/r8/internal/Yu0
instanceKlass com/android/tools/r8/internal/XH
instanceKlass com/android/tools/r8/internal/mX
instanceKlass com/android/tools/r8/internal/Xu0
instanceKlass com/android/tools/r8/internal/NK
instanceKlass com/android/tools/r8/internal/Id
instanceKlass com/android/tools/r8/internal/iP
instanceKlass com/android/tools/r8/internal/S40
instanceKlass com/android/tools/r8/internal/dc0
instanceKlass com/android/tools/r8/internal/m60
instanceKlass com/android/tools/r8/internal/Nc
instanceKlass com/android/tools/r8/internal/we
instanceKlass com/android/tools/r8/internal/R80
instanceKlass com/android/tools/r8/internal/XO
instanceKlass com/android/tools/r8/internal/aK
instanceKlass com/android/tools/r8/internal/GO
instanceKlass  @bci com/android/tools/r8/graph/S0 a (Lcom/android/tools/r8/internal/ko0;)V 1 <appendix> argL0 ; # com/android/tools/r8/graph/S0$$Lambda+0x0000000803050698
instanceKlass  @bci com/android/tools/r8/graph/S0 b (Lcom/android/tools/r8/graph/O0;Lcom/android/tools/r8/internal/Qe;)I 6 <appendix> argL0 ; # com/android/tools/r8/graph/S0$$Lambda+0x0000000803050228
instanceKlass com/android/tools/r8/internal/dK
instanceKlass com/android/tools/r8/internal/eK
instanceKlass com/android/tools/r8/internal/k80
instanceKlass com/android/tools/r8/internal/VJ
instanceKlass com/android/tools/r8/internal/vO
instanceKlass com/android/tools/r8/internal/UJ
instanceKlass  @bci com/android/tools/r8/internal/lo a (Lcom/android/tools/r8/internal/Yo;Lcom/android/tools/r8/internal/Qe;)I 6 <appendix> argL0 ; # com/android/tools/r8/internal/lo$$Lambda+0x000000080304f050
instanceKlass com/android/tools/r8/internal/Fu
instanceKlass  @bci com/android/tools/r8/synthesis/k a (Lcom/android/tools/r8/synthesis/k;)I 8 <appendix> argL0 ; # com/android/tools/r8/synthesis/k$$Lambda+0x000000080304ebc8
instanceKlass com/android/tools/r8/internal/WJ
instanceKlass  @bci com/android/tools/r8/synthesis/k a (Lcom/android/tools/r8/synthesis/k;)I 0 <appendix> argL0 ; # com/android/tools/r8/synthesis/k$$Lambda+0x000000080304e740
instanceKlass com/android/tools/r8/internal/OK
instanceKlass  @bci com/android/tools/r8/internal/lo a (Lcom/android/tools/r8/internal/ko0;)V 9 <appendix> argL0 ; # com/android/tools/r8/internal/lo$$Lambda+0x000000080304e2a8
instanceKlass com/android/tools/r8/internal/QO
instanceKlass  @bci com/android/tools/r8/internal/lo a (Lcom/android/tools/r8/internal/ko0;)V 1 <appendix> argL0 ; # com/android/tools/r8/internal/lo$$Lambda+0x000000080304de38
instanceKlass  @bci com/android/tools/r8/internal/lo b (Lcom/android/tools/r8/internal/mz;)V 0 <appendix> argL0 ; # com/android/tools/r8/internal/lo$$Lambda+0x000000080304dbf8
instanceKlass  @bci com/android/tools/r8/internal/ro b (Lcom/android/tools/r8/internal/mz;)V 0 <appendix> argL0 ; # com/android/tools/r8/internal/ro$$Lambda+0x000000080304d9b8
instanceKlass com/android/tools/r8/internal/tO
instanceKlass com/android/tools/r8/internal/o90
instanceKlass com/android/tools/r8/internal/aO
instanceKlass com/android/tools/r8/internal/zw
instanceKlass com/android/tools/r8/internal/m90
instanceKlass com/android/tools/r8/internal/Wt0
instanceKlass com/android/tools/r8/internal/Gr0
instanceKlass com/android/tools/r8/internal/k90
instanceKlass com/android/tools/r8/internal/TG
instanceKlass com/android/tools/r8/internal/Un0
instanceKlass com/android/tools/r8/internal/p30
instanceKlass com/android/tools/r8/internal/yx
instanceKlass com/android/tools/r8/internal/xx
instanceKlass com/android/tools/r8/internal/wx
instanceKlass com/android/tools/r8/internal/ux
instanceKlass com/android/tools/r8/internal/tx
instanceKlass com/android/tools/r8/internal/sx
instanceKlass com/android/tools/r8/internal/rx
instanceKlass com/android/tools/r8/internal/qx
instanceKlass com/android/tools/r8/internal/px
instanceKlass com/android/tools/r8/internal/ox
instanceKlass com/android/tools/r8/internal/nx
instanceKlass com/android/tools/r8/internal/mx
instanceKlass com/android/tools/r8/internal/kx
instanceKlass com/android/tools/r8/internal/Gx
instanceKlass com/android/tools/r8/internal/Fx
instanceKlass com/android/tools/r8/internal/Ex
instanceKlass com/android/tools/r8/internal/Dx
instanceKlass com/android/tools/r8/internal/Cx
instanceKlass com/android/tools/r8/internal/Bx
instanceKlass com/android/tools/r8/internal/Ax
instanceKlass com/android/tools/r8/internal/zx
instanceKlass com/android/tools/r8/internal/lx
instanceKlass com/android/tools/r8/internal/wd
instanceKlass com/android/tools/r8/internal/Vb0
instanceKlass com/android/tools/r8/internal/Rb0
instanceKlass com/android/tools/r8/internal/SK
instanceKlass com/android/tools/r8/internal/hc
instanceKlass com/android/tools/r8/internal/TK
instanceKlass com/android/tools/r8/internal/EO
instanceKlass com/android/tools/r8/internal/TJ
instanceKlass com/android/tools/r8/internal/TO
instanceKlass com/android/tools/r8/internal/sO
instanceKlass com/android/tools/r8/internal/LO
instanceKlass com/android/tools/r8/internal/VO
instanceKlass com/android/tools/r8/internal/HO
instanceKlass com/android/tools/r8/internal/wO
instanceKlass com/android/tools/r8/internal/PO
instanceKlass com/android/tools/r8/internal/DO
instanceKlass com/android/tools/r8/internal/fK
instanceKlass com/android/tools/r8/internal/Ur0
instanceKlass com/android/tools/r8/internal/Fo0
instanceKlass  @bci com/android/tools/r8/internal/NU <clinit> ()V 10 <appendix> argL0 ; # com/android/tools/r8/internal/NU$$Lambda+0x0000000803040ce0
instanceKlass com/android/tools/r8/internal/NU
instanceKlass com/android/tools/r8/internal/OU
instanceKlass com/android/tools/r8/internal/rO
instanceKlass com/android/tools/r8/internal/Bk0
instanceKlass com/android/tools/r8/internal/ft
instanceKlass com/android/tools/r8/internal/ie
instanceKlass com/android/tools/r8/internal/jC
instanceKlass com/android/tools/r8/internal/lC
instanceKlass com/android/tools/r8/internal/MT
instanceKlass com/android/tools/r8/internal/sP
instanceKlass com/android/tools/r8/internal/jx
instanceKlass com/android/tools/r8/internal/kC
instanceKlass com/android/tools/r8/internal/X3
instanceKlass com/android/tools/r8/internal/Be
instanceKlass com/android/tools/r8/internal/rK
instanceKlass com/android/tools/r8/internal/cv0
instanceKlass com/android/tools/r8/internal/B6
instanceKlass com/android/tools/r8/internal/Ju
instanceKlass com/android/tools/r8/internal/yH
instanceKlass com/android/tools/r8/internal/Tx
instanceKlass  @bci com/android/tools/r8/internal/go b (Lcom/android/tools/r8/internal/mz;)V 0 <appendix> argL0 ; # com/android/tools/r8/internal/go$$Lambda+0x0000000803036528
instanceKlass  @bci com/android/tools/r8/internal/hH b (Lcom/android/tools/r8/synthesis/M;)V 12 <appendix> argL0 ; # com/android/tools/r8/internal/hH$$Lambda+0x00000008030356b8
instanceKlass  @bci com/android/tools/r8/internal/hH a (Lcom/android/tools/r8/graph/x2;Lcom/android/tools/r8/graph/f0;Lcom/android/tools/r8/graph/y;)Lcom/android/tools/r8/graph/e0; 41 <appendix> argL0 ; # com/android/tools/r8/internal/hH$$Lambda+0x0000000803035468
instanceKlass  @bci com/android/tools/r8/internal/hH a (Lcom/android/tools/r8/graph/x2;Lcom/android/tools/r8/graph/f0;Lcom/android/tools/r8/graph/y;)Lcom/android/tools/r8/graph/e0; 35 <appendix> argL0 ; # com/android/tools/r8/internal/hH$$Lambda+0x0000000803034f58
instanceKlass  @bci com/android/tools/r8/internal/hH a (Lcom/android/tools/r8/graph/x2;Lcom/android/tools/r8/graph/f0;Lcom/android/tools/r8/graph/y;)Lcom/android/tools/r8/graph/e0; 29 <appendix> argL0 ; # com/android/tools/r8/internal/hH$$Lambda+0x0000000803034d08
instanceKlass com/android/tools/r8/internal/vk0
instanceKlass  @bci com/android/tools/r8/internal/hH a (Lcom/android/tools/r8/graph/x2;Lcom/android/tools/r8/graph/f0;Lcom/android/tools/r8/graph/y;)Lcom/android/tools/r8/graph/e0; 16 <appendix> argL0 ; # com/android/tools/r8/internal/hH$$Lambda+0x0000000803034868
instanceKlass com/android/tools/r8/internal/zk0
instanceKlass com/android/tools/r8/internal/Nx
instanceKlass com/android/tools/r8/internal/Y7
instanceKlass com/android/tools/r8/internal/Mv
instanceKlass com/android/tools/r8/internal/xk0
instanceKlass com/android/tools/r8/internal/be
instanceKlass com/android/tools/r8/internal/Sx
instanceKlass com/android/tools/r8/internal/KK
instanceKlass com/android/tools/r8/internal/Ku
instanceKlass com/android/tools/r8/internal/LK
instanceKlass com/android/tools/r8/internal/N0
instanceKlass com/android/tools/r8/internal/BU
instanceKlass com/android/tools/r8/internal/yO
instanceKlass com/android/tools/r8/internal/i1
instanceKlass com/android/tools/r8/internal/x30
instanceKlass com/android/tools/r8/internal/hP
instanceKlass com/android/tools/r8/kotlin/S
instanceKlass com/android/tools/r8/internal/JU
instanceKlass com/android/tools/r8/kotlin/r
instanceKlass  @bci com/android/tools/r8/kotlin/Z a (Lcom/android/tools/r8/internal/I6;Lcom/android/tools/r8/kotlin/Y;Lcom/android/tools/r8/graph/E2;)V 36 <appendix> member <vmtarget> ; # com/android/tools/r8/kotlin/Z$$Lambda+0x000000080302b810
instanceKlass com/android/tools/r8/internal/SD
instanceKlass com/android/tools/r8/internal/MD
instanceKlass com/android/tools/r8/internal/UD
instanceKlass com/android/tools/r8/internal/XD
instanceKlass  @bci com/android/tools/r8/graph/e4 a (Ljava/lang/String;Ljava/lang/String;)Lcom/android/tools/r8/internal/K2; 12 <appendix> member <vmtarget> ; # com/android/tools/r8/graph/e4$$Lambda+0x000000080302a450
instanceKlass com/android/build/gradle/internal/cxx/settings/EnvironmentVariable
instanceKlass com/google/gson/internal/ConstructorConstructor$11
# instanceKlass java/lang/invoke/LambdaForm$MH+0x000000080302c400
# instanceKlass java/lang/invoke/LambdaForm$MH+0x000000080302c000
instanceKlass com/google/gson/internal/ConstructorConstructor$3
instanceKlass com/google/protobuf/CheckReturnValue
instanceKlass com/google/protobuf/UnknownFieldSet$Field
instanceKlass com/google/protobuf/UnknownFieldSet$1
instanceKlass com/android/build/gradle/internal/cxx/logging/PassThroughRecordingLoggingEnvironmentKt
instanceKlass com/android/build/gradle/internal/cxx/logging/NewStringOrBuilder
instanceKlass com/android/build/gradle/internal/cxx/logging/NewListOrBuilder
instanceKlass com/android/build/gradle/internal/cxx/logging/PayloadHeaderOrBuilder
instanceKlass com/android/build/gradle/internal/cxx/logging/StructuredLogRecordOrBuilder
instanceKlass com/android/build/gradle/internal/cxx/string/StringTable$getIdCreateIfAbsent$2
instanceKlass com/android/build/gradle/internal/cxx/io/EncodedFileFingerPrintOrBuilder
instanceKlass com/android/build/gradle/internal/cxx/io/IoStructuredLogCodecKt
instanceKlass com/android/build/gradle/internal/cxx/logging/CxxStructuredLogDecoder
instanceKlass com/android/build/gradle/internal/cxx/logging/CxxStructuredLogCodecKt
instanceKlass com/android/build/gradle/internal/cxx/string/StringTable
instanceKlass com/android/build/gradle/internal/cxx/string/StringDecoder
instanceKlass com/android/build/gradle/internal/cxx/logging/CxxStructuredLogEncoder
instanceKlass com/android/build/gradle/internal/cxx/string/StringEncoder
instanceKlass com/android/build/gradle/internal/cxx/io/FileFingerPrintOrBuilder
instanceKlass com/google/wireless/android/sdk/stats/GradleBuildVariant$NativeBuildConfigInfo$GenerationOutcome$1
instanceKlass com/android/build/gradle/internal/cxx/json/LintKt
instanceKlass com/android/build/gradle/internal/cxx/json/NativeLibraryValueMini
instanceKlass  @bci com/android/build/gradle/internal/cxx/json/AndroidBuildGradleJsonCompositeVisitor endToolchain ()V 4 <appendix> argL0 ; # com/android/build/gradle/internal/cxx/json/AndroidBuildGradleJsonCompositeVisitor$$Lambda+0x000000080301d708
instanceKlass  @bci com/android/build/gradle/internal/cxx/json/AndroidBuildGradleJsonCompositeVisitor visitToolchainCppCompilerExecutable (Ljava/lang/String;)V 5 <appendix> member <vmtarget> ; # com/android/build/gradle/internal/cxx/json/AndroidBuildGradleJsonCompositeVisitor$$Lambda+0x000000080301d4b0
instanceKlass  @bci com/android/build/gradle/internal/cxx/json/AndroidBuildGradleJsonCompositeVisitor visitToolchainCCompilerExecutable (Ljava/lang/String;)V 5 <appendix> member <vmtarget> ; # com/android/build/gradle/internal/cxx/json/AndroidBuildGradleJsonCompositeVisitor$$Lambda+0x000000080301d258
instanceKlass  @bci com/android/build/gradle/internal/cxx/json/AndroidBuildGradleJsonCompositeVisitor beginToolchain (Ljava/lang/String;)V 5 <appendix> member <vmtarget> ; # com/android/build/gradle/internal/cxx/json/AndroidBuildGradleJsonCompositeVisitor$$Lambda+0x000000080301d000
instanceKlass  @bci com/android/build/gradle/internal/cxx/json/AndroidBuildGradleJsonCompositeVisitor visitBuildTargetsCommandComponents (Ljava/util/List;)V 5 <appendix> member <vmtarget> ; # com/android/build/gradle/internal/cxx/json/AndroidBuildGradleJsonCompositeVisitor$$Lambda+0x000000080301fc68
instanceKlass  @bci com/android/build/gradle/internal/cxx/json/AndroidBuildGradleJsonCompositeVisitor visitCleanCommandsComponents (Ljava/util/List;)V 5 <appendix> member <vmtarget> ; # com/android/build/gradle/internal/cxx/json/AndroidBuildGradleJsonCompositeVisitor$$Lambda+0x000000080301fa10
instanceKlass  @bci com/android/build/gradle/internal/cxx/json/AndroidBuildGradleJsonCompositeVisitor visitBuildFile (Ljava/lang/String;)V 5 <appendix> member <vmtarget> ; # com/android/build/gradle/internal/cxx/json/AndroidBuildGradleJsonCompositeVisitor$$Lambda+0x000000080301f7b8
instanceKlass com/android/build/gradle/internal/cxx/json/AndroidBuildGradleJsonStreamingParser$1
instanceKlass com/android/build/gradle/internal/cxx/json/AndroidBuildGradleJsonStreamingParser
instanceKlass com/android/build/gradle/internal/cxx/json/NativeBuildConfigValueMini
instanceKlass com/android/build/gradle/tasks/ExternalNativeBuildTaskUtils
instanceKlass com/android/build/gradle/internal/cxx/json/AndroidBuildGradleJsonsKtKt
instanceKlass com/android/build/gradle/internal/cxx/configure/CompileCommandsKt
instanceKlass com/android/build/gradle/internal/cxx/json/NativeHeaderFileValue
instanceKlass com/android/build/gradle/internal/cxx/json/NativeSourceFileValue
instanceKlass com/android/build/gradle/internal/cxx/json/NativeSourceFolderValue
instanceKlass com/android/build/gradle/internal/cxx/json/NativeLibraryValue
instanceKlass com/google/gson/internal/ConstructorConstructor$17
instanceKlass com/android/build/gradle/internal/cxx/json/AndroidBuildGradleJsonStreamingVisitor
instanceKlass com/android/build/gradle/internal/cxx/json/AndroidBuildGradleJsons
instanceKlass com/android/build/gradle/internal/cxx/cmake/ConfigurationTargetDataV2
instanceKlass com/android/build/gradle/internal/cxx/cmake/ConfigurationDataV2
instanceKlass com/android/build/gradle/internal/cxx/cmake/CmakeFileApiCodeModelDataV2
# instanceKlass java/lang/invoke/LambdaForm$MH+0x000000080301c400
# instanceKlass java/lang/invoke/LambdaForm$MH+0x000000080301c000
instanceKlass com/android/build/gradle/internal/cxx/cmake/CmakeFilesInputDataV1
instanceKlass com/android/build/gradle/internal/cxx/cmake/CmakeFilesPathsDataV1
instanceKlass com/android/build/gradle/internal/cxx/cmake/CmakeFileApiCmakeFilesDataV1
instanceKlass com/android/build/gradle/internal/cxx/json/NativeToolchainValue
instanceKlass com/android/build/gradle/internal/cxx/cmake/CacheEntryV2
instanceKlass com/android/build/gradle/internal/cxx/cmake/CmakeFileApiIndexDataKt
instanceKlass com/android/build/gradle/internal/cxx/cmake/CmakeFileApiCacheDataV2
instanceKlass com/android/build/gradle/internal/cxx/json/NativeBuildConfigValue
instanceKlass com/android/build/gradle/internal/cxx/cmake/IndexObjectVersionData
instanceKlass com/android/build/gradle/internal/cxx/cmake/IndexObjectData
instanceKlass com/android/build/gradle/internal/cxx/cmake/IndexData
instanceKlass com/android/build/gradle/internal/cxx/cmake/CmakeFileApiV1Kt
instanceKlass com/android/build/gradle/internal/cxx/process/ExecuteProcessResult
instanceKlass com/android/utils/cxx/process/NativeBuildOutputClassifier$WhenMappings
instanceKlass com/android/utils/cxx/process/NativeBuildOutputClassifierKt
instanceKlass com/android/build/gradle/internal/cxx/process/DefaultProcessOutput
instanceKlass com/android/utils/cxx/process/NativeBuildOutputClassifier$Companion
instanceKlass com/android/utils/cxx/process/NativeBuildOutputClassifier
instanceKlass com/android/build/gradle/internal/cxx/process/LifecycleLineOutputStream
instanceKlass com/android/utils/cxx/process/LineOutputStream
instanceKlass com/android/build/gradle/internal/cxx/process/DefaultProcessOutputHandler
instanceKlass com/android/build/gradle/internal/cxx/process/ExecuteProcessKt$execute$result$1
instanceKlass  @bci com/android/build/gradle/internal/cxx/timing/TimingEnvironment$Companion closeTimingScope$gradle_core ()V 202 <adapter> ; # java/lang/invoke/LambdaForm$MH+0x0000000803013400
instanceKlass  @bci com/android/build/gradle/internal/cxx/timing/TimingEnvironment$Companion closeTimingScope$gradle_core ()V 202 <appendix> form vmentry <vmtarget> ; # java/lang/invoke/LambdaForm$MH+0x0000000803013000
# instanceKlass java/lang/invoke/LambdaForm$MH+0x0000000803012c00
instanceKlass  @bci com/android/build/gradle/internal/cxx/timing/TimingEnvironment$Companion closeTimingScope$gradle_core ()V 202 <appendix> form names 8 function resolvedHandle form vmentry <vmtarget> ; # java/lang/invoke/LambdaForm$DMH+0x0000000803012800
instanceKlass  @bci com/android/build/gradle/internal/cxx/timing/TimingEnvironment$Companion closeTimingScope$gradle_core ()V 202 <appendix> argL3 form vmentry <vmtarget> ; # java/lang/invoke/LambdaForm$MH+0x0000000803012400
# instanceKlass java/lang/invoke/LambdaForm$MH+0x0000000803012000
# instanceKlass java/lang/invoke/LambdaForm$MH+0x0000000803011c00
# instanceKlass java/lang/invoke/LambdaForm$MH+0x0000000803011800
# instanceKlass java/lang/invoke/LambdaForm$MH+0x0000000803011400
instanceKlass  @bci com/android/build/gradle/internal/cxx/timing/TimingEnvironment$Companion closeTimingScope$gradle_core ()V 202 <appendix> form names 12 function resolvedHandle form vmentry <vmtarget> ; # java/lang/invoke/LambdaForm$DMH+0x0000000803011000
instanceKlass  @bci com/android/build/gradle/internal/cxx/timing/TimingEnvironment$Companion closeTimingScope$gradle_core ()V 202 <appendix> argL1 form vmentry <vmtarget> ; # java/lang/invoke/LambdaForm$MH+0x0000000803010c00
# instanceKlass java/lang/invoke/LambdaForm$MH+0x0000000803010800
# instanceKlass java/lang/invoke/LambdaForm$MH+0x0000000803010400
# instanceKlass java/lang/invoke/LambdaForm$MH+0x0000000803010000
instanceKlass com/android/build/gradle/internal/cxx/configure/ConfigureType$1
instanceKlass com/android/build/gradle/internal/cxx/configure/ChangedFileOrBuilder
instanceKlass com/android/build/gradle/internal/cxx/configure/ConfigureInvalidationStateOrBuilder
instanceKlass com/android/build/gradle/internal/cxx/configure/ConfigureInvalidationStateKt
instanceKlass com/android/build/gradle/internal/cxx/timing/TimingEnvironmentKt
instanceKlass com/android/build/gradle/internal/cxx/model/JsonUtilKt
instanceKlass com/android/build/gradle/internal/cxx/model/PrefabConfigurationState$Companion
instanceKlass com/android/build/gradle/internal/cxx/model/PrefabConfigurationState
instanceKlass com/android/build/gradle/internal/cxx/io/IoUtilsKt
instanceKlass com/android/build/gradle/internal/cxx/process/ExecuteProcessCommand
instanceKlass com/android/build/gradle/internal/cxx/process/ExecuteProcessKt
instanceKlass com/google/wireless/android/sdk/stats/DeviceInfo$ApplicationBinaryInterface$1
instanceKlass com/google/wireless/android/sdk/stats/GradleBuildVariant$NativeLibraryInfoOrBuilder
instanceKlass com/android/build/gradle/internal/cxx/timing/TimingEnvironment$TimingScope
instanceKlass  @bci com/android/build/gradle/internal/cxx/timing/TimingEnvironment$Companion closeTimingScope$gradle_core ()V 154 <appendix> form vmentry <vmtarget> ; # java/lang/invoke/LambdaForm$MH+0x000000080300b400
# instanceKlass java/lang/invoke/LambdaForm$MH+0x000000080300b000
instanceKlass  @bci com/android/build/gradle/internal/cxx/timing/TimingEnvironment$Companion closeTimingScope$gradle_core ()V 154 <appendix> form names 6 function resolvedHandle form vmentry <vmtarget> ; # java/lang/invoke/LambdaForm$DMH+0x000000080300ac00
instanceKlass  @bci com/android/build/gradle/internal/cxx/timing/TimingEnvironment$Companion closeTimingScope$gradle_core ()V 154 <appendix> argL3 form vmentry <vmtarget> ; # java/lang/invoke/LambdaForm$MH+0x000000080300a800
# instanceKlass java/lang/invoke/LambdaForm$MH+0x000000080300a400
# instanceKlass java/lang/invoke/LambdaForm$MH+0x000000080300a000
# instanceKlass java/lang/invoke/LambdaForm$MH+0x0000000803009c00
# instanceKlass java/lang/invoke/LambdaForm$MH+0x0000000803009800
instanceKlass  @bci com/android/build/gradle/internal/cxx/timing/TimingEnvironment$Companion closeTimingScope$gradle_core ()V 154 <appendix> form names 10 function resolvedHandle form vmentry <vmtarget> ; # java/lang/invoke/LambdaForm$DMH+0x0000000803009400
instanceKlass  @bci com/android/build/gradle/internal/cxx/timing/TimingEnvironment$Companion closeTimingScope$gradle_core ()V 154 <appendix> argL1 form vmentry <vmtarget> ; # java/lang/invoke/LambdaForm$MH+0x0000000803009000
instanceKlass  @bci com/android/build/gradle/internal/cxx/timing/TimingEnvironment$Companion closeTimingScope$gradle_core ()V 154 <appendix> argL1 argL1 form vmentry <vmtarget> ; # java/lang/invoke/LambdaForm$MH+0x0000000803008c00
# instanceKlass java/lang/invoke/LambdaForm$MH+0x0000000803008800
# instanceKlass java/lang/invoke/LambdaForm$MH+0x0000000803008400
# instanceKlass java/lang/invoke/LambdaForm$MH+0x0000000803008000
instanceKlass com/android/build/gradle/internal/cxx/timing/TimingEnvironment$Companion$TimingStack
instanceKlass com/android/build/gradle/internal/cxx/timing/TimingEnvironment$Companion$stack$1
instanceKlass com/android/build/gradle/internal/cxx/timing/TimingEnvironment$Companion
instanceKlass com/android/build/gradle/internal/cxx/timing/TimingEnvironment
instanceKlass com/android/build/gradle/tasks/CmakeExternalNativeJsonGeneratorUtilsKt
instanceKlass com/google/wireless/android/sdk/stats/GradleNativeAndroidModule$NativeBuildSystemType$1
instanceKlass com/android/build/gradle/tasks/ExternalNativeJsonGenerator$Companion
instanceKlass com/android/build/gradle/tasks/ExternalNativeJsonGenerator
instanceKlass com/android/build/gradle/internal/cxx/gradle/generator/CxxMetadataGenerator
instanceKlass  @bci org/gradle/internal/classpath/Instrumented getenv (Ljava/lang/String;)Ljava/util/Map; 5 <appendix> member <vmtarget> ; # org/gradle/internal/classpath/Instrumented$$Lambda+0x0000000802d35650
instanceKlass com/android/build/gradle/internal/cxx/configure/NativeLocationsBuildServiceKt$rewriteWithLocations$1$WhenMappings
instanceKlass com/android/build/gradle/internal/cxx/configure/NinjaLocatorKt
instanceKlass com/android/build/gradle/internal/cxx/configure/NinjaLocator
instanceKlass com/android/build/gradle/internal/cxx/configure/NativeLocationsBuildService$locateNinja$1$1
instanceKlass com/android/build/gradle/internal/cxx/configure/NativeLocationsBuildService$NinjaLocatorParameters
# instanceKlass java/lang/invoke/LambdaForm$MH+0x0000000803005c00
# instanceKlass java/lang/invoke/LambdaForm$MH+0x0000000803005800
# instanceKlass java/lang/invoke/LambdaForm$MH+0x0000000803005400
# instanceKlass java/lang/invoke/LambdaForm$MH+0x0000000803005000
# instanceKlass java/lang/invoke/LambdaForm$MH+0x0000000803004c00
# instanceKlass java/lang/invoke/LambdaForm$MH+0x0000000803004800
# instanceKlass java/lang/invoke/LambdaForm$MH+0x0000000803004400
# instanceKlass java/lang/invoke/LambdaForm$DMH+0x0000000803004000
instanceKlass  @bci com/android/builder/sdk/DefaultSdkLoader lambda$checkResults$3 (Ljava/util/Map;Lcom/android/builder/sdk/DefaultSdkLoader$InstallResultType;)Ljava/util/List; 22 <appendix> argL0 ; # com/android/builder/sdk/DefaultSdkLoader$$Lambda+0x00000008030006f8
instanceKlass  @bci com/android/builder/sdk/DefaultSdkLoader lambda$checkResults$3 (Ljava/util/Map;Lcom/android/builder/sdk/DefaultSdkLoader$InstallResultType;)Ljava/util/List; 12 <appendix> member <vmtarget> ; # com/android/builder/sdk/DefaultSdkLoader$$Lambda+0x0000000803000480
instanceKlass  @bci com/android/builder/sdk/DefaultSdkLoader checkResults (Ljava/util/Map;)V 1 <appendix> member <vmtarget> ; # com/android/builder/sdk/DefaultSdkLoader$$Lambda+0x0000000803000218
instanceKlass  @bci javax/xml/datatype/FactoryFinder newInstance (Ljava/lang/Class;Ljava/lang/String;Ljava/lang/ClassLoader;ZZ)Ljava/lang/Object; 104 <appendix> member <vmtarget> ; # javax/xml/datatype/FactoryFinder$$Lambda+0x0000000802ff4b88
instanceKlass  @bci javax/xml/datatype/FactoryFinder find (Ljava/lang/Class;Ljava/lang/String;)Ljava/lang/Object; 104 <appendix> member <vmtarget> ; # javax/xml/datatype/FactoryFinder$$Lambda+0x0000000802ff4940
instanceKlass javax/xml/bind/DatatypeConverterImpl
instanceKlass javax/xml/bind/DatatypeConverter
instanceKlass com/sun/org/apache/xerces/internal/impl/xpath/regex/RegularExpression$ClosureContext
instanceKlass com/sun/org/apache/xerces/internal/impl/xpath/regex/RegularExpression$ExpressionTarget
instanceKlass com/sun/org/apache/xerces/internal/impl/xpath/regex/RegularExpression$Context
instanceKlass com/sun/org/apache/xerces/internal/impl/xpath/regex/Op
instanceKlass com/sun/org/apache/xerces/internal/impl/xs/AttributePSVImpl
instanceKlass com/sun/org/apache/xerces/internal/xs/AttributePSVI
instanceKlass com/sun/xml/bind/v2/runtime/reflect/Lister$IDREFSIterator
instanceKlass com/sun/xml/bind/v2/runtime/reflect/Lister$CollectionLister$1
instanceKlass com/sun/xml/bind/util/AttributesImpl
instanceKlass com/sun/xml/bind/v2/util/FatalAdapter
instanceKlass com/sun/org/apache/xerces/internal/jaxp/validation/ValidatorHandlerImpl$ResolutionForwarder
instanceKlass com/sun/org/apache/xerces/internal/util/AttributesProxy
instanceKlass com/sun/org/apache/xerces/internal/util/SAXLocatorWrapper
instanceKlass com/sun/org/apache/xerces/internal/impl/xs/XMLSchemaValidator$LocalIDKey
instanceKlass com/sun/org/apache/xerces/internal/impl/xs/XMLSchemaValidator$ValueStoreCache
instanceKlass com/sun/org/apache/xerces/internal/util/IntStack
instanceKlass com/sun/org/apache/xerces/internal/impl/xs/identity/XPathMatcher
instanceKlass com/sun/org/apache/xerces/internal/impl/xs/XMLSchemaValidator$XPathMatcherStack
instanceKlass com/sun/org/apache/xerces/internal/impl/xs/XSNotationDecl
instanceKlass com/sun/org/apache/xerces/internal/xs/XSNotationDeclaration
instanceKlass com/sun/org/apache/xerces/internal/impl/xs/XMLSchemaValidator$XSIErrorReporter
instanceKlass com/sun/org/apache/xerces/internal/impl/xs/ElementPSVImpl
instanceKlass com/sun/org/apache/xerces/internal/xs/ElementPSVI
instanceKlass com/sun/org/apache/xerces/internal/xs/ItemPSVI
instanceKlass com/sun/org/apache/xerces/internal/impl/xs/XMLSchemaValidator
instanceKlass com/sun/org/apache/xerces/internal/impl/xs/identity/FieldActivator
instanceKlass com/sun/org/apache/xerces/internal/jaxp/validation/ValidatorHelper
instanceKlass com/sun/xml/bind/marshaller/MinimumEscapeHandler
instanceKlass com/sun/xml/bind/v2/runtime/output/Encoded
instanceKlass com/sun/org/apache/xerces/internal/jaxp/validation/ReadOnlyGrammarPool
instanceKlass com/sun/org/apache/xerces/internal/jaxp/validation/XSGrammarPoolContainer
instanceKlass com/sun/org/apache/xerces/internal/dom/DOMInputImpl
instanceKlass com/sun/org/apache/xerces/internal/impl/xs/models/XSAllCM
instanceKlass com/sun/org/apache/xerces/internal/impl/dtd/models/CMStateSet
instanceKlass com/sun/org/apache/xerces/internal/impl/xs/models/XSDFACM
instanceKlass com/sun/org/apache/xerces/internal/impl/dtd/models/CMNode
instanceKlass com/sun/org/apache/xerces/internal/impl/xs/XSConstraints$1
instanceKlass com/sun/org/apache/xerces/internal/impl/xs/XSConstraints
instanceKlass com/sun/org/apache/xerces/internal/impl/xs/traversers/XSDAbstractTraverser$FacetInfo
instanceKlass com/sun/org/apache/xerces/internal/impl/xs/XSAnnotationImpl
instanceKlass com/sun/org/apache/xerces/internal/xs/XSAnnotation
instanceKlass com/sun/org/apache/xerces/internal/impl/xs/util/XSObjectListImpl$EmptyIterator
instanceKlass com/sun/org/apache/xerces/internal/xs/XSObjectList
instanceKlass com/sun/org/apache/xerces/internal/xs/datatypes/XSQName
instanceKlass com/sun/org/apache/xerces/internal/impl/xs/opti/NamedNodeMapImpl
instanceKlass com/sun/org/apache/xerces/internal/impl/xs/identity/IdentityConstraint
instanceKlass com/sun/org/apache/xerces/internal/xs/XSIDCDefinition
instanceKlass com/sun/org/apache/xerces/internal/impl/xs/traversers/XSDAbstractParticleTraverser$ParticleArray
instanceKlass com/sun/org/apache/xerces/internal/impl/xs/traversers/XSDAbstractTraverser
instanceKlass com/sun/org/apache/xerces/internal/impl/xs/traversers/Container
instanceKlass com/sun/org/apache/xerces/internal/impl/xs/traversers/OneAttr
instanceKlass com/sun/org/apache/xerces/internal/impl/xs/XSAttributeDecl
instanceKlass com/sun/org/apache/xerces/internal/xs/XSAttributeDeclaration
instanceKlass com/sun/org/apache/xerces/internal/impl/xs/XSGroupDecl
instanceKlass com/sun/org/apache/xerces/internal/xs/XSModelGroupDefinition
instanceKlass com/sun/org/apache/xerces/internal/impl/xs/XSAttributeUseImpl
instanceKlass com/sun/org/apache/xerces/internal/xs/XSAttributeUse
instanceKlass com/sun/org/apache/xerces/internal/impl/xs/XSAttributeGroupDecl
instanceKlass com/sun/org/apache/xerces/internal/xs/XSAttributeGroupDefinition
instanceKlass com/sun/org/apache/xerces/internal/impl/xs/XSModelGroupImpl
instanceKlass com/sun/org/apache/xerces/internal/xs/XSModelGroup
instanceKlass com/sun/org/apache/xerces/internal/impl/xs/XSWildcardDecl
instanceKlass com/sun/org/apache/xerces/internal/xs/XSWildcard
instanceKlass com/sun/org/apache/xerces/internal/impl/xs/XSComplexTypeDecl
instanceKlass com/sun/org/apache/xerces/internal/xs/XSComplexTypeDefinition
instanceKlass com/sun/org/apache/xerces/internal/impl/xs/SchemaGrammar
instanceKlass com/sun/org/apache/xerces/internal/xs/XSNamespaceItem
instanceKlass com/sun/org/apache/xerces/internal/xni/grammars/XSGrammar
instanceKlass com/sun/org/apache/xerces/internal/impl/xs/util/XInt
instanceKlass com/sun/org/apache/xerces/internal/impl/xs/util/XIntPool
instanceKlass com/sun/org/apache/xerces/internal/impl/xs/traversers/XSAttributeChecker
instanceKlass com/sun/org/apache/xerces/internal/impl/xs/traversers/XSDHandler$XSDKey
instanceKlass com/sun/org/apache/xerces/internal/util/DOMUtil
instanceKlass com/sun/org/apache/xerces/internal/impl/xs/SchemaSymbols
instanceKlass com/sun/org/apache/xerces/internal/impl/xs/opti/DefaultNode
instanceKlass  @bci com/sun/org/apache/xerces/internal/utils/ObjectFactory newInstance (Ljava/lang/String;Ljava/lang/ClassLoader;Z)Ljava/lang/Object; 26 <appendix> member <vmtarget> ; # com/sun/org/apache/xerces/internal/utils/ObjectFactory$$Lambda+0x0000000801feace8
instanceKlass com/sun/org/apache/xerces/internal/impl/xpath/regex/Token
instanceKlass  @bci jdk/xml/internal/SecuritySupport getResourceBundle (Ljava/lang/String;Ljava/util/Locale;)Ljava/util/ResourceBundle; 2 <appendix> member <vmtarget> ; # jdk/xml/internal/SecuritySupport$$Lambda+0x0000000801fe99b0
instanceKlass com/sun/org/apache/xerces/internal/impl/xpath/regex/RegexParser
instanceKlass com/sun/org/apache/xerces/internal/impl/xpath/regex/REUtil
instanceKlass com/sun/org/apache/xerces/internal/impl/xpath/regex/RegularExpression
instanceKlass com/sun/org/apache/xerces/internal/impl/dv/xs/DecimalDV$XDecimal
instanceKlass com/sun/org/apache/xerces/internal/xs/datatypes/XSDecimal
instanceKlass com/sun/org/apache/xerces/internal/impl/dv/ValidatedInfo
instanceKlass com/sun/org/apache/xerces/internal/xs/XSValue
instanceKlass com/sun/org/apache/xerces/internal/impl/dv/XSFacets
instanceKlass com/sun/org/apache/xerces/internal/impl/dv/xs/XSSimpleTypeDecl$4
instanceKlass com/sun/org/apache/xerces/internal/impl/dv/xs/XSSimpleTypeDecl$1
instanceKlass com/sun/org/apache/xerces/internal/impl/dv/xs/AbstractDateTimeDV$DateTimeData
instanceKlass com/sun/org/apache/xerces/internal/xs/datatypes/XSDateTime
instanceKlass com/sun/org/apache/xerces/internal/impl/dv/xs/TypeValidator
instanceKlass com/sun/org/apache/xerces/internal/impl/dv/xs/XSSimpleTypeDecl
instanceKlass com/sun/org/apache/xerces/internal/impl/dv/XSSimpleType
instanceKlass com/sun/org/apache/xerces/internal/xs/XSSimpleTypeDefinition
instanceKlass com/sun/org/apache/xerces/internal/xs/XSTypeDefinition
instanceKlass  @bci jdk/xml/internal/SecuritySupport getParentClassLoader (Ljava/lang/ClassLoader;)Ljava/lang/ClassLoader; 1 <appendix> member <vmtarget> ; # jdk/xml/internal/SecuritySupport$$Lambda+0x0000000801fe03e8
instanceKlass  @bci jdk/xml/internal/SecuritySupport getSystemClassLoader ()Ljava/lang/ClassLoader; 0 <appendix> argL0 ; # jdk/xml/internal/SecuritySupport$$Lambda+0x0000000801fe01a8
instanceKlass com/sun/org/apache/xerces/internal/utils/ObjectFactory
instanceKlass com/sun/org/apache/xerces/internal/impl/dv/SchemaDVFactory
instanceKlass com/sun/org/apache/xerces/internal/util/XMLGrammarPoolImpl$Entry
instanceKlass com/sun/org/apache/xerces/internal/util/XMLGrammarPoolImpl
instanceKlass com/android/repository/impl/meta/SchemaModuleUtil$1
instanceKlass com/sun/org/apache/xerces/internal/jaxp/validation/XMLSchemaFactory$XMLGrammarPoolWrapper
instanceKlass com/sun/org/apache/xerces/internal/util/DOMEntityResolverWrapper
instanceKlass com/sun/org/apache/xerces/internal/jaxp/validation/DraconianErrorHandler
instanceKlass com/sun/org/apache/xerces/internal/impl/xs/opti/SchemaDOMParser$BooleanStack
instanceKlass com/sun/org/apache/xerces/internal/impl/xs/opti/DefaultXMLDocumentHandler
instanceKlass com/sun/org/apache/xerces/internal/impl/xs/util/SimpleLocator
instanceKlass com/sun/org/apache/xerces/internal/util/SymbolHash$Entry
instanceKlass com/sun/org/apache/xerces/internal/util/SymbolHash
instanceKlass com/sun/org/apache/xerces/internal/impl/xs/traversers/XSDocumentInfo
instanceKlass com/sun/org/apache/xerces/internal/impl/xs/XSParticleDecl
instanceKlass com/sun/org/apache/xerces/internal/xs/XSParticle
instanceKlass com/sun/org/apache/xerces/internal/impl/xs/traversers/XSDHandler
instanceKlass com/sun/org/apache/xerces/internal/impl/xs/models/XSEmptyCM
instanceKlass com/sun/org/apache/xerces/internal/impl/xs/models/XSCMValidator
instanceKlass com/sun/org/apache/xerces/internal/impl/xs/models/CMBuilder
instanceKlass com/sun/org/apache/xerces/internal/impl/xs/SubstitutionGroupHandler$OneSubGroup
instanceKlass com/sun/org/apache/xerces/internal/impl/xs/XSElementDecl
instanceKlass com/sun/org/apache/xerces/internal/xs/XSElementDeclaration
instanceKlass com/sun/org/apache/xerces/internal/xs/XSTerm
instanceKlass com/sun/org/apache/xerces/internal/xs/XSObject
instanceKlass com/sun/org/apache/xerces/internal/impl/xs/SubstitutionGroupHandler
instanceKlass com/sun/org/apache/xerces/internal/impl/xs/XSGrammarBucket
instanceKlass com/sun/org/apache/xerces/internal/impl/xs/XSMessageFormatter
instanceKlass com/sun/org/apache/xerces/internal/util/DefaultErrorHandler
instanceKlass com/sun/org/apache/xerces/internal/xni/grammars/XMLSchemaDescription
instanceKlass com/sun/org/apache/xerces/internal/impl/xs/models/CMNodeFactory
instanceKlass com/sun/org/apache/xerces/internal/impl/xs/XMLSchemaLoader
instanceKlass com/sun/org/apache/xerces/internal/xs/XSLoader
instanceKlass com/sun/org/apache/xerces/internal/impl/xs/XSElementDeclHelper
instanceKlass com/sun/org/apache/xerces/internal/xni/grammars/XMLGrammarLoader
instanceKlass  @bci javax/xml/validation/SchemaFactoryFinder _newFactory (Ljava/lang/String;)Ljavax/xml/validation/SchemaFactory; 137 <appendix> argL0 ; # javax/xml/validation/SchemaFactoryFinder$$Lambda+0x0000000801fd7470
instanceKlass com/sun/xml/bind/v2/runtime/output/NamespaceContextImpl$Element
instanceKlass com/sun/xml/bind/marshaller/NamespacePrefixMapper
instanceKlass com/sun/xml/bind/v2/runtime/output/NamespaceContextImpl
instanceKlass com/sun/xml/bind/CycleRecoverable$Context
instanceKlass com/sun/xml/bind/v2/runtime/NamespaceContext2
instanceKlass com/sun/xml/bind/marshaller/CharacterEscapeHandler
instanceKlass com/sun/xml/bind/v2/runtime/output/XmlOutputAbstractImpl
instanceKlass com/sun/xml/bind/v2/runtime/output/XmlOutput
instanceKlass javax/xml/bind/helpers/AbstractMarshallerImpl
instanceKlass com/sun/org/apache/xerces/internal/dom/DOMImplementationSourceImpl
instanceKlass com/android/repository/impl/meta/SchemaModuleUtil$SchemaModuleResourceResolver
instanceKlass org/apache/commons/compress/archivers/zip/ZipFile$2
instanceKlass  @bci com/android/repository/api/DelegatingProgressIndicator setSecondaryText (Ljava/lang/String;)V 5 <appendix> member <vmtarget> ; # com/android/repository/api/DelegatingProgressIndicator$$Lambda+0x0000000802fe8c20
instanceKlass  @bci org/apache/commons/compress/archivers/zip/ZipFile fillNameMap ()V 39 <appendix> argL0 ; # org/apache/commons/compress/archivers/zip/ZipFile$$Lambda+0x0000000802fe89c0
instanceKlass org/apache/commons/compress/archivers/zip/ZipFile$NameAndComment
instanceKlass org/apache/commons/compress/archivers/zip/ResourceAlignmentExtraField
instanceKlass org/apache/commons/compress/archivers/zip/PKWareExtraHeader
instanceKlass org/apache/commons/compress/archivers/zip/X000A_NTFS
instanceKlass org/apache/commons/compress/archivers/zip/ZipEightByteInteger
instanceKlass org/apache/commons/compress/archivers/zip/Zip64ExtendedInformationExtraField
instanceKlass org/apache/commons/compress/archivers/zip/JarMarker
instanceKlass org/apache/commons/compress/archivers/zip/X7875_NewUnix
instanceKlass org/apache/commons/compress/archivers/zip/X5455_ExtendedTimestamp
instanceKlass org/apache/commons/compress/archivers/zip/AsiExtraField
instanceKlass org/apache/commons/compress/archivers/zip/UnixStat
instanceKlass org/apache/commons/compress/archivers/zip/ExtraFieldUtils
instanceKlass org/apache/commons/compress/archivers/zip/ExtraFieldUtils$UnparseableExtraField
instanceKlass org/apache/commons/compress/archivers/zip/AbstractUnicodeExtraField
instanceKlass org/apache/commons/compress/archivers/zip/ZipUtil
instanceKlass org/apache/commons/compress/archivers/zip/ZipShort
instanceKlass org/apache/commons/compress/archivers/zip/GeneralPurposeBit
instanceKlass org/apache/commons/compress/utils/IOUtils
instanceKlass org/apache/commons/compress/archivers/zip/NioZipEncoding
instanceKlass org/apache/commons/compress/archivers/zip/CharsetAccessor
instanceKlass org/apache/commons/compress/archivers/zip/ZipEncoding
instanceKlass org/apache/commons/compress/archivers/zip/ZipEncodingHelper
instanceKlass org/apache/commons/compress/utils/MultiReadOnlySeekableByteChannel
instanceKlass  @bci org/apache/commons/compress/archivers/zip/ZipFile <init> (Ljava/nio/channels/SeekableByteChannel;Ljava/lang/String;Ljava/lang/String;ZZZ)V 117 <appendix> argL0 ; # org/apache/commons/compress/archivers/zip/ZipFile$$Lambda+0x0000000802fe15b8
instanceKlass  @bci org/apache/commons/compress/archivers/zip/ZipFile <init> (Ljava/nio/channels/SeekableByteChannel;Ljava/lang/String;Ljava/lang/String;ZZZ)V 109 <appendix> argL0 ; # org/apache/commons/compress/archivers/zip/ZipFile$$Lambda+0x0000000802fe1378
instanceKlass org/apache/commons/compress/archivers/zip/ExtraFieldParsingBehavior
instanceKlass org/apache/commons/compress/archivers/zip/UnparseableExtraFieldBehavior
instanceKlass org/apache/commons/compress/utils/ByteUtils
instanceKlass org/apache/commons/compress/archivers/zip/ZipLong
instanceKlass org/apache/commons/compress/archivers/zip/ZipExtraField
instanceKlass org/apache/commons/compress/archivers/EntryStreamOffsets
instanceKlass org/apache/commons/compress/archivers/ArchiveEntry
instanceKlass org/apache/commons/compress/compressors/bzip2/BZip2Constants
instanceKlass org/apache/commons/compress/utils/InputStreamStatistics
instanceKlass org/apache/commons/compress/archivers/zip/ZipFile
instanceKlass  @bci com/android/repository/api/DelegatingProgressIndicator isCanceled ()Z 9 <appendix> argL0 ; # com/android/repository/api/DelegatingProgressIndicator$$Lambda+0x0000000802fdb948
instanceKlass  @bci com/android/repository/api/DelegatingProgressIndicator setText (Ljava/lang/String;)V 5 <appendix> member <vmtarget> ; # com/android/repository/api/DelegatingProgressIndicator$$Lambda+0x0000000802fdb6f0
instanceKlass  @bci com/android/utils/PathUtils addRemovePathHook (Ljava/nio/file/Path;)V 8 <appendix> member <vmtarget> ; # com/android/utils/PathUtils$$Lambda+0x0000000802fdb4a8
instanceKlass  @bci com/android/repository/api/DelegatingProgressIndicator logInfo (Ljava/lang/String;)V 5 <appendix> member <vmtarget> ; # com/android/repository/api/DelegatingProgressIndicator$$Lambda+0x0000000802fdb250
instanceKlass  @bci com/android/repository/impl/installer/AbstractInstaller <init> (Lcom/android/repository/api/RemotePackage;Lcom/android/repository/api/RepoManager;Lcom/android/repository/api/Downloader;)V 22 <appendix> member <vmtarget> ; # com/android/repository/impl/installer/AbstractInstaller$$Lambda+0x0000000802fdab88
instanceKlass com/android/repository/api/PackageOperation$StatusChangeListener
instanceKlass com/android/repository/impl/installer/AbstractPackageOperation
instanceKlass com/android/sdklib/repository/installer/SdkInstallListenerFactory
instanceKlass com/android/repository/api/Installer
instanceKlass com/android/repository/api/Uninstaller
instanceKlass com/android/repository/api/PackageOperation
instanceKlass com/android/repository/impl/installer/AbstractInstallerFactory
instanceKlass com/android/repository/api/InstallerFactory
instanceKlass com/android/repository/api/InstallerFactory$StatusChangeListenerFactory
instanceKlass com/android/sdklib/repository/installer/SdkInstallerUtil
instanceKlass com/google/common/hash/Hashing$Sha1Holder
instanceKlass com/android/repository/api/UpdatablePackage
instanceKlass com/android/repository/util/InstallerUtil
instanceKlass  @bci com/android/sdklib/repository/AndroidSdkHandler getLatestRemotePackageForPrefix (Ljava/lang/String;Ljava/util/function/Predicate;ZLcom/android/repository/api/ProgressIndicator;)Lcom/android/repository/api/RemotePackage; 4 <appendix> argL0 ; # com/android/sdklib/repository/AndroidSdkHandler$$Lambda+0x0000000802fc5c88
# instanceKlass java/lang/invoke/LambdaForm$DMH+0x0000000802fd7800
# instanceKlass java/lang/invoke/LambdaForm$MH+0x0000000802fd7400
# instanceKlass java/lang/invoke/LambdaForm$MH+0x0000000802fd7000
# instanceKlass java/lang/invoke/LambdaForm$MH+0x0000000802fd6c00
# instanceKlass java/lang/invoke/LambdaForm$MH+0x0000000802fd6800
# instanceKlass java/lang/invoke/LambdaForm$MH+0x0000000802fd6400
# instanceKlass java/lang/invoke/LambdaForm$MH+0x0000000802fd6000
# instanceKlass java/lang/invoke/LambdaForm$MH+0x0000000802fd5c00
# instanceKlass java/lang/invoke/LambdaForm$DMH+0x0000000802fd5800
# instanceKlass java/lang/invoke/LambdaForm$MH+0x0000000802fd5400
# instanceKlass java/lang/invoke/LambdaForm$MH+0x0000000802fd5000
# instanceKlass java/lang/invoke/LambdaForm$MH+0x0000000802fd4c00
# instanceKlass java/lang/invoke/LambdaForm$DMH+0x0000000802fd4800
# instanceKlass java/lang/invoke/LambdaForm$MH+0x0000000802fd4400
# instanceKlass java/lang/invoke/LambdaForm$DMH+0x0000000802fd4000
# instanceKlass java/lang/invoke/LambdaForm$MH+0x0000000802fd3c00
# instanceKlass java/lang/invoke/LambdaForm$MH+0x0000000802fd3800
# instanceKlass java/lang/invoke/LambdaForm$MH+0x0000000802fd3400
# instanceKlass java/lang/invoke/LambdaForm$DMH+0x0000000802fd3000
# instanceKlass java/lang/invoke/LambdaForm$MH+0x0000000802fd2c00
# instanceKlass java/lang/invoke/LambdaForm$MH+0x0000000802fd2800
# instanceKlass java/lang/invoke/LambdaForm$DMH+0x0000000802fd2400
# instanceKlass java/lang/invoke/LambdaForm$MH+0x0000000802fd2000
# instanceKlass java/lang/invoke/LambdaForm$DMH+0x0000000802fd1c00
# instanceKlass java/lang/invoke/LambdaForm$DMH+0x0000000802fd1800
# instanceKlass java/lang/invoke/LambdaForm$MH+0x0000000802fd1400
# instanceKlass java/lang/invoke/LambdaForm$MH+0x0000000802fd1000
# instanceKlass java/lang/invoke/LambdaForm$MH+0x0000000802fd0c00
# instanceKlass java/lang/invoke/LambdaForm$MH+0x0000000802fd0800
# instanceKlass java/lang/invoke/LambdaForm$DMH+0x0000000802fd0400
# instanceKlass java/lang/invoke/LambdaForm$DMH+0x0000000802fd0000
# instanceKlass java/lang/invoke/LambdaForm$MH+0x0000000802fcfc00
# instanceKlass java/lang/invoke/LambdaForm$MH+0x0000000802fcf800
# instanceKlass java/lang/invoke/LambdaForm$MH+0x0000000802fcf400
# instanceKlass java/lang/invoke/LambdaForm$MH+0x0000000802fcf000
# instanceKlass java/lang/invoke/LambdaForm$MH+0x0000000802fcec00
# instanceKlass java/lang/invoke/LambdaForm$MH+0x0000000802fce800
# instanceKlass java/lang/invoke/LambdaForm$DMH+0x0000000802fce400
# instanceKlass java/lang/invoke/LambdaForm$MH+0x0000000802fce000
# instanceKlass java/lang/invoke/LambdaForm$MH+0x0000000802fcdc00
# instanceKlass java/lang/invoke/LambdaForm$DMH+0x0000000802fcd800
# instanceKlass java/lang/invoke/LambdaForm$MH+0x0000000802fcd400
# instanceKlass java/lang/invoke/LambdaForm$MH+0x0000000802fcd000
# instanceKlass java/lang/invoke/LambdaForm$MH+0x0000000802fccc00
# instanceKlass java/lang/invoke/LambdaForm$MH+0x0000000802fcc800
# instanceKlass java/lang/invoke/LambdaForm$MH+0x0000000802fcc400
# instanceKlass java/lang/invoke/LambdaForm$DMH+0x0000000802fcc000
# instanceKlass java/lang/invoke/LambdaForm$MH+0x0000000802fcbc00
# instanceKlass java/lang/invoke/LambdaForm$MH+0x0000000802fcb800
# instanceKlass java/lang/invoke/LambdaForm$MH+0x0000000802fcb400
# instanceKlass java/lang/invoke/LambdaForm$MH+0x0000000802fcb000
# instanceKlass java/lang/invoke/LambdaForm$MH+0x0000000802fcac00
# instanceKlass java/lang/invoke/LambdaForm$MH+0x0000000802fca800
# instanceKlass java/lang/invoke/LambdaForm$DMH+0x0000000802fca400
# instanceKlass java/lang/invoke/LambdaForm$MH+0x0000000802fca000
# instanceKlass java/lang/invoke/LambdaForm$DMH+0x0000000802fc9c00
# instanceKlass java/lang/invoke/LambdaForm$DMH+0x0000000802fc9800
# instanceKlass java/lang/invoke/LambdaForm$MH+0x0000000802fc9400
# instanceKlass java/lang/invoke/LambdaForm$MH+0x0000000802fc9000
# instanceKlass java/lang/invoke/LambdaForm$MH+0x0000000802fc8c00
# instanceKlass java/lang/invoke/LambdaForm$DMH+0x0000000802fc8800
# instanceKlass java/lang/invoke/LambdaForm$MH+0x0000000802fc8400
# instanceKlass java/lang/invoke/LambdaForm$MH+0x0000000802fc8000
# instanceKlass java/lang/invoke/LambdaForm$MH+0x0000000802fc4c00
instanceKlass com/android/repository/impl/meta/Archive$1
instanceKlass com/google/wireless/android/sdk/stats/ProductDetails$CpuArchitecture$1
# instanceKlass java/lang/invoke/LambdaForm$MH+0x0000000802fc4800
instanceKlass  @bci com/android/repository/impl/manager/RemoteRepoLoaderImpl fetchPackages (Lcom/android/repository/api/ProgressIndicator;Lcom/android/repository/api/Downloader;Lcom/android/repository/api/SettingsController;)Ljava/util/Map; 215 <appendix> member <vmtarget> ; # com/android/repository/impl/manager/RemoteRepoLoaderImpl$$Lambda+0x0000000802fc7c30
instanceKlass  @bci com/android/repository/api/DelegatingProgressIndicator setIndeterminate (Z)V 5 <appendix> member <vmtarget> ; # com/android/repository/api/DelegatingProgressIndicator$$Lambda+0x0000000802fc7680
instanceKlass  @bci com/android/repository/api/DelegatingProgressIndicator isIndeterminate ()Z 9 <appendix> argL0 ; # com/android/repository/api/DelegatingProgressIndicator$$Lambda+0x0000000802fc7410
instanceKlass com/android/repository/api/RemoteListSourceProvider$GenericSite
instanceKlass  @bci com/android/repository/api/DelegatingProgressIndicator setFraction (D)V 5 <appendix> member <vmtarget> ; # com/android/repository/api/DelegatingProgressIndicator$$Lambda+0x0000000802fc2148
instanceKlass org/apache/http/util/Args
instanceKlass org/apache/http/HeaderElement
instanceKlass org/apache/http/message/BasicHeader
instanceKlass org/apache/http/Header
instanceKlass org/apache/http/NameValuePair
instanceKlass com/android/repository/api/DelegatingProgressIndicator
instanceKlass com/android/repository/impl/manager/RemoteRepoLoaderImpl
# instanceKlass java/lang/invoke/LambdaForm$MH+0x0000000802fc4400
# instanceKlass java/lang/invoke/LambdaForm$DMH+0x0000000802fc4000
instanceKlass  @bci com/android/tools/r8/internal/yo a (Lcom/android/tools/r8/internal/ko0;)V 17 <appendix> argL0 ; # com/android/tools/r8/internal/yo$$Lambda+0x0000000802fc0480
instanceKlass  @bci com/android/tools/r8/internal/yo a (Lcom/android/tools/r8/internal/ko0;)V 9 <appendix> argL0 ; # com/android/tools/r8/internal/yo$$Lambda+0x0000000802fc0240
instanceKlass  @bci com/android/tools/r8/internal/yo a (Lcom/android/tools/r8/internal/ko0;)V 1 <appendix> argL0 ; # com/android/tools/r8/internal/yo$$Lambda+0x0000000802fc0000
instanceKlass  @bci com/android/tools/r8/internal/yo b (Lcom/android/tools/r8/internal/mz;)V 0 <appendix> argL0 ; # com/android/tools/r8/internal/yo$$Lambda+0x0000000802fbbc58
instanceKlass  @bci com/android/tools/r8/internal/io b (Lcom/android/tools/r8/internal/mz;)V 21 <appendix> member <vmtarget> ; # com/android/tools/r8/internal/io$$Lambda+0x0000000802fbba10
instanceKlass  @bci com/android/sdklib/repository/AndroidSdkHandler getLatestPackageFromPrefixCollection (Ljava/util/Collection;Ljava/util/function/Predicate;ZLjava/util/function/Function;)Lcom/android/repository/api/RepoPackage; 16 <appendix> member <vmtarget> ; # com/android/sdklib/repository/AndroidSdkHandler$$Lambda+0x0000000802fbb798
instanceKlass  @bci com/android/sdklib/repository/AndroidSdkHandler getLatestPackageFromPrefixCollection (Ljava/util/Collection;Ljava/util/function/Predicate;ZLjava/util/function/Function;)Lcom/android/repository/api/RepoPackage; 1 <appendix> member <vmtarget> ; # com/android/sdklib/repository/AndroidSdkHandler$$Lambda+0x0000000802fbb530
instanceKlass  @bci com/android/sdklib/repository/AndroidSdkHandler getLatestLocalPackageForPrefix (Ljava/lang/String;Ljava/util/function/Predicate;ZLcom/android/repository/api/ProgressIndicator;)Lcom/android/repository/api/LocalPackage; 4 <appendix> argL0 ; # com/android/sdklib/repository/AndroidSdkHandler$$Lambda+0x0000000802fbb2d0
# instanceKlass java/lang/invoke/LambdaForm$DMH+0x0000000802fb9c00
instanceKlass com/android/utils/StdLogger
instanceKlass com/android/builder/sdk/SdkInfo
instanceKlass com/android/builder/sdk/DefaultSdkLoader
instanceKlass com/android/builder/sdk/SdkLoader
instanceKlass com/android/build/gradle/internal/SdkHandler$1
instanceKlass com/android/utils/cxx/os/OsBehaviorKt$createOsBehavior$1
instanceKlass com/android/utils/cxx/os/OsBehavior
instanceKlass com/android/utils/cxx/os/OsBehaviorKt
instanceKlass  @bci com/android/sdklib/repository/AndroidSdkHandler getSdkManager (Lcom/android/repository/api/ProgressIndicator;)Lcom/android/repository/api/RepoManager; 50 <appendix> member <vmtarget> ; # com/android/sdklib/repository/AndroidSdkHandler$$Lambda+0x0000000802fbe4e0
instanceKlass com/android/repository/api/RepoManager$RepoLoadedListener
instanceKlass com/google/common/collect/ComparisonChain
instanceKlass com/android/repository/util/RepoPackageUtilKt
instanceKlass  @bci com/android/repository/impl/meta/RepositoryPackages mapByPath (Ljava/util/Collection;)Ljava/util/Map; 6 <appendix> argL0 ; # com/android/repository/impl/meta/RepositoryPackages$$Lambda+0x0000000802fbd480
instanceKlass com/google/common/hash/Hashing$Md5Holder
instanceKlass  @bci com/android/tools/r8/internal/Xm a (Lcom/android/tools/r8/internal/ko0;)V 1 <appendix> argL0 ; # com/android/tools/r8/internal/Xm$$Lambda+0x0000000802fbcff8
instanceKlass com/google/common/collect/Comparators
instanceKlass com/android/build/gradle/internal/cxx/logging/LoggingMessageKt$WhenMappings
# instanceKlass java/lang/invoke/LambdaForm$MH+0x0000000802fb9800
# instanceKlass java/lang/invoke/LambdaForm$MH+0x0000000802fb9400
# instanceKlass java/lang/invoke/LambdaForm$MH+0x0000000802fb9000
# instanceKlass java/lang/invoke/LambdaForm$MH+0x0000000802fb8c00
# instanceKlass java/lang/invoke/LambdaForm$MH+0x0000000802fb8800
instanceKlass  @bci com/android/tools/r8/synthesis/l a ([Ljava/util/List;)J 51 <appendix> member <vmtarget> ; # com/android/tools/r8/synthesis/l$$Lambda+0x0000000802fbc950
instanceKlass  @bci com/android/tools/r8/graph/K5 a (Lcom/android/tools/r8/graph/G2;)Z 16 <appendix> member <vmtarget> ; # com/android/tools/r8/graph/K5$$Lambda+0x0000000802fbc4d0
instanceKlass  @bci com/android/tools/r8/graph/K5 a (Lcom/android/tools/r8/graph/G2;)Z 10 <appendix> member <vmtarget> ; # com/android/tools/r8/graph/K5$$Lambda+0x0000000802fbc268
instanceKlass  @bci com/android/tools/r8/graph/K5 a (Lcom/android/tools/r8/graph/G2;)Z 4 <appendix> member <vmtarget> ; # com/android/tools/r8/graph/K5$$Lambda+0x0000000802fbc000
instanceKlass  @bci com/android/tools/r8/graph/E0 B0 ()Ljava/lang/Iterable; 90 <appendix> member <vmtarget> ; # com/android/tools/r8/graph/E0$$Lambda+0x0000000802fb7c48
# instanceKlass java/lang/invoke/LambdaForm$MH+0x0000000802fb8400
# instanceKlass java/lang/invoke/LambdaForm$MH+0x0000000802fb8000
instanceKlass  @bci com/android/tools/r8/internal/mz a (Lcom/android/tools/r8/graph/G2;)V 16 <appendix> member <vmtarget> ; # com/android/tools/r8/internal/mz$$Lambda+0x0000000802fb7778
instanceKlass  @bci com/android/tools/r8/internal/mz a (Lcom/android/tools/r8/graph/G2;)V 10 <appendix> member <vmtarget> ; # com/android/tools/r8/internal/mz$$Lambda+0x0000000802fb7520
instanceKlass  @bci com/android/tools/r8/internal/mz a (Lcom/android/tools/r8/graph/G2;)V 4 <appendix> member <vmtarget> ; # com/android/tools/r8/internal/mz$$Lambda+0x0000000802fb72c8
instanceKlass  @bci com/android/tools/r8/ir/optimize/F a (Ljava/util/Queue;Lcom/android/tools/r8/internal/aA;Lcom/android/tools/r8/internal/K5;Lcom/android/tools/r8/ir/optimize/a;Lcom/android/tools/r8/internal/Dt0;)V 329 <appendix> argL0 ; # com/android/tools/r8/ir/optimize/F$$Lambda+0x0000000802fb7078
instanceKlass  @bci com/android/tools/r8/internal/no b (Lcom/android/tools/r8/internal/mz;)V 0 <appendix> argL0 ; # com/android/tools/r8/internal/no$$Lambda+0x0000000802fb6e38
instanceKlass  @bci com/android/tools/r8/internal/xo b (Lcom/android/tools/r8/internal/mz;)V 0 <appendix> argL0 ; # com/android/tools/r8/internal/xo$$Lambda+0x0000000802fb6bf8
instanceKlass  @bci com/android/tools/r8/graph/J0 a (Lcom/android/tools/r8/internal/ko0;)V 49 <appendix> argL0 ; # com/android/tools/r8/graph/J0$$Lambda+0x0000000802fb6998
instanceKlass  @bci com/android/tools/r8/graph/J0 a (Lcom/android/tools/r8/internal/ko0;)V 41 <appendix> argL0 ; # com/android/tools/r8/graph/J0$$Lambda+0x0000000802fb6738
instanceKlass  @bci com/android/tools/r8/graph/J0 a (Lcom/android/tools/r8/internal/ko0;)V 33 <appendix> argL0 ; # com/android/tools/r8/graph/J0$$Lambda+0x0000000802fb64d8
instanceKlass  @bci com/android/tools/r8/graph/J0 a (Lcom/android/tools/r8/internal/ko0;)V 25 <appendix> argL0 ; # com/android/tools/r8/graph/J0$$Lambda+0x0000000802fb6278
instanceKlass  @bci com/android/tools/r8/graph/J0 a (Lcom/android/tools/r8/internal/ko0;)V 17 <appendix> argL0 ; # com/android/tools/r8/graph/J0$$Lambda+0x0000000802fb6038
instanceKlass  @bci com/android/tools/r8/graph/J0 a (Lcom/android/tools/r8/internal/ko0;)V 9 <appendix> argL0 ; # com/android/tools/r8/graph/J0$$Lambda+0x0000000802fb5df8
instanceKlass  @bci com/android/tools/r8/graph/J0 a (Lcom/android/tools/r8/internal/ko0;)V 1 <appendix> argL0 ; # com/android/tools/r8/graph/J0$$Lambda+0x0000000802fb5bb8
instanceKlass  @bci com/android/tools/r8/graph/J0 m ()Lcom/android/tools/r8/internal/io0; 0 <appendix> argL0 ; # com/android/tools/r8/graph/J0$$Lambda+0x0000000802fb5748
instanceKlass com/android/tools/r8/dex/o
instanceKlass  @bci com/android/tools/r8/internal/Fl a (Ljava/util/Collection;Lcom/android/tools/r8/internal/Aa;)V 184 <appendix> member <vmtarget> ; # com/android/tools/r8/internal/Fl$$Lambda+0x0000000802fb54f0
instanceKlass com/android/tools/r8/internal/Od
instanceKlass com/android/tools/r8/internal/Pd
instanceKlass com/android/tools/r8/internal/Qd
instanceKlass com/android/tools/r8/internal/Ur
instanceKlass  @bci com/android/tools/r8/internal/VS b (Lcom/android/tools/r8/graph/J2;)Z 10 <appendix> member <vmtarget> ; # com/android/tools/r8/internal/VS$$Lambda+0x0000000802fb4958
instanceKlass  @bci com/android/tools/r8/internal/VS a (Lcom/android/tools/r8/graph/J2;)Z 10 <appendix> member <vmtarget> ; # com/android/tools/r8/internal/VS$$Lambda+0x0000000802fb46b0
instanceKlass com/android/tools/r8/internal/C00
instanceKlass  @bci com/android/tools/r8/dex/n a ()Ljava/lang/String; 35 <appendix> member <vmtarget> ; # com/android/tools/r8/dex/n$$Lambda+0x0000000802fb3f90
instanceKlass  @bci com/android/tools/r8/dex/n a ()Ljava/lang/String; 21 <appendix> argL0 ; # com/android/tools/r8/dex/n$$Lambda+0x0000000802fb3d30
instanceKlass com/android/tools/r8/internal/A00
instanceKlass com/android/tools/r8/internal/E00
# instanceKlass com/android/tools/r8/graph/B1$$Lambda+0x0000000802fb2fb0
instanceKlass  @bci com/android/tools/r8/graph/B1 a (Lcom/android/tools/r8/internal/B40;)Lcom/android/tools/r8/graph/S0; 19 <appendix> argL0 ; # com/android/tools/r8/graph/B1$$Lambda+0x0000000802fb2d50
instanceKlass com/android/tools/r8/dex/n
instanceKlass com/android/tools/r8/internal/Dn
instanceKlass  @bci com/android/tools/r8/synthesis/I a (Lcom/android/tools/r8/graph/I2;Lcom/android/tools/r8/graph/F2;Lcom/android/tools/r8/synthesis/Q$b;Lcom/android/tools/r8/graph/y;Ljava/util/function/Consumer;Lcom/android/tools/r8/graph/I0;)Lcom/android/tools/r8/graph/e0; 18 <appendix> member <vmtarget> ; # com/android/tools/r8/synthesis/I$$Lambda+0x0000000802fb1d68
instanceKlass  @bci com/android/tools/r8/internal/Jl a (Lcom/android/tools/r8/graph/x2;Lcom/android/tools/r8/internal/Gl;)Lcom/android/tools/r8/graph/x2; 135 <appendix> argL0 ; # com/android/tools/r8/internal/Jl$$Lambda+0x0000000802fb1b18
instanceKlass  @bci com/android/tools/r8/internal/Jl a (Lcom/android/tools/r8/graph/x2;Lcom/android/tools/r8/internal/Gl;)Lcom/android/tools/r8/graph/x2; 128 <appendix> member <vmtarget> ; # com/android/tools/r8/internal/Jl$$Lambda+0x0000000802fb18c0
instanceKlass com/android/tools/r8/internal/Ya0
instanceKlass  @bci com/android/tools/r8/internal/Jl a (Lcom/android/tools/r8/graph/x2;Lcom/android/tools/r8/internal/Gl;)Lcom/android/tools/r8/graph/x2; 118 <appendix> argL0 ; # com/android/tools/r8/internal/Jl$$Lambda+0x0000000802fb12f0
instanceKlass  @bci com/android/tools/r8/internal/Jl a (Lcom/android/tools/r8/graph/x2;Lcom/android/tools/r8/internal/Gl;)Lcom/android/tools/r8/graph/x2; 93 <appendix> argL0 ; # com/android/tools/r8/internal/Jl$$Lambda+0x0000000802fb0dd0
instanceKlass com/android/tools/r8/graph/a1
instanceKlass com/android/tools/r8/graph/V0
instanceKlass com/android/tools/r8/internal/En
instanceKlass  @bci com/android/tools/r8/kotlin/Z a (Ljava/util/concurrent/ExecutorService;)V 56 <appendix> member <vmtarget> ; # com/android/tools/r8/kotlin/Z$$Lambda+0x0000000802fb0450
instanceKlass com/android/tools/r8/kotlin/Y
instanceKlass com/android/tools/r8/internal/s7
instanceKlass  @bci com/android/tools/r8/internal/Fl a (Ljava/util/Collection;Lcom/android/tools/r8/internal/Aa;)V 47 <appendix> member <vmtarget> ; # com/android/tools/r8/internal/Fl$$Lambda+0x0000000802fafbc8
instanceKlass com/android/tools/r8/internal/DS
instanceKlass com/android/tools/r8/internal/Fl
instanceKlass com/android/tools/r8/ir/optimize/b
instanceKlass  @bci com/android/repository/impl/manager/LocalRepoLoaderImpl collectPackages (Ljava/util/Collection;Ljava/nio/file/Path;I)V 137 <appendix> member <vmtarget> ; # com/android/repository/impl/manager/LocalRepoLoaderImpl$$Lambda+0x0000000802faf2c0
instanceKlass com/google/common/base/Predicates$InPredicate
instanceKlass com/google/common/base/Predicates
# instanceKlass com/android/tools/r8/synthesis/I$$Lambda+0x0000000802faeb90
instanceKlass  @bci com/android/tools/r8/synthesis/I a (Lcom/android/tools/r8/graph/y;)V 164 <appendix> member <vmtarget> ; # com/android/tools/r8/synthesis/I$$Lambda+0x0000000802fae938
# instanceKlass com/android/tools/r8/synthesis/I$$Lambda+0x0000000802fae6e0
# instanceKlass com/android/tools/r8/synthesis/I$$Lambda+0x0000000802fae488
instanceKlass  @bci com/android/repository/impl/manager/LocalRepoLoaderImpl resourceCachePaths ()Lcom/google/common/collect/ImmutableSet; 15 <appendix> member <vmtarget> ; # com/android/repository/impl/manager/LocalRepoLoaderImpl$$Lambda+0x0000000802fae220
instanceKlass  @bci com/android/repository/impl/manager/LocalRepoLoaderImpl collectPackages (Ljava/util/Collection;Ljava/nio/file/Path;I)V 107 <appendix> argL0 ; # com/android/repository/impl/manager/LocalRepoLoaderImpl$$Lambda+0x0000000802fadfb0
# instanceKlass com/android/builder/dexing/r8/CachingArchiveClassFileProvider$$Lambda+0x0000000802fad878
# instanceKlass com/android/builder/dexing/r8/CachingArchiveClassFileProvider$$Lambda+0x0000000802fadd48
# instanceKlass com/android/builder/dexing/r8/CachingArchiveClassFileProvider$$Lambda+0x0000000802fadae0
# instanceKlass com/android/builder/dexing/r8/CachingArchiveClassFileProvider$$Lambda+0x0000000802fad610
instanceKlass  @bci com/android/builder/dexing/r8/CachingArchiveClassFileProvider getProgramResource (Ljava/lang/String;)Lcom/android/tools/r8/ProgramResource; 6 <appendix> member <vmtarget> ; # com/android/builder/dexing/r8/CachingArchiveClassFileProvider$$Lambda+0x0000000802fad3a8
instanceKlass com/android/repository/impl/manager/LocalRepoLoaderImpl
# instanceKlass com/android/tools/r8/graph/f4$$Lambda+0x0000000802fac858
# instanceKlass com/android/tools/r8/graph/f4$$Lambda+0x0000000802facf18
# instanceKlass com/android/tools/r8/graph/f4$$Lambda+0x0000000802faca98
# instanceKlass com/android/tools/r8/graph/f4$$Lambda+0x0000000802faccd8
# instanceKlass com/android/tools/r8/graph/f4$$Lambda+0x0000000802fac618
instanceKlass  @bci com/android/tools/r8/graph/f4 a (Lcom/android/tools/r8/graph/V;)Lcom/android/tools/r8/graph/E2$a; 46 <appendix> member <vmtarget> ; # com/android/tools/r8/graph/f4$$Lambda+0x0000000802fac3d8
instanceKlass com/android/repository/impl/manager/RepoManagerImpl$LoadTask
# instanceKlass com/android/tools/r8/internal/z4$$Lambda+0x0000000802faba70
# instanceKlass com/android/tools/r8/internal/z4$$Lambda+0x0000000802fab5c0
# instanceKlass com/android/tools/r8/internal/z4$$Lambda+0x0000000802fabf20
# instanceKlass com/android/tools/r8/internal/z4$$Lambda+0x0000000802fabcc8
instanceKlass  @bci com/android/tools/r8/internal/z4 a ()Ljava/util/List; 61 <appendix> member <vmtarget> ; # com/android/tools/r8/internal/z4$$Lambda+0x0000000802fab818
# instanceKlass com/android/tools/r8/internal/z4$$Lambda+0x0000000802fab368
instanceKlass com/android/repository/api/RepoManager$DummyProgressRunner
instanceKlass  @bci com/android/repository/api/RepoManager loadSynchronously (JLcom/android/repository/api/ProgressIndicator;Lcom/android/repository/api/Downloader;Lcom/android/repository/api/SettingsController;)Z 16 <appendix> member <vmtarget> ; # com/android/repository/api/RepoManager$$Lambda+0x0000000802faaeb0
instanceKlass com/android/tools/r8/utils/i
instanceKlass com/google/common/collect/ForwardingObject
instanceKlass com/android/sdklib/repository/legacy/local/LocalPkgInfo
instanceKlass com/android/sdklib/repository/legacy/local/LocalSdk
# instanceKlass com/android/tools/r8/BaseCommand$Builder$$Lambda+0x0000000802fa7770
# instanceKlass com/android/tools/r8/BaseCommand$Builder$$Lambda+0x0000000802fa7528
# instanceKlass com/android/tools/r8/BaseCommand$Builder$$Lambda+0x0000000802fa72e0
# instanceKlass com/android/tools/r8/BaseCommand$Builder$$Lambda+0x0000000802fa7098
instanceKlass  @bci com/android/tools/r8/BaseCommand$Builder addClasspathResourceProvider (Lcom/android/tools/r8/ClassFileResourceProvider;)Lcom/android/tools/r8/BaseCommand$Builder; 4 <appendix> member <vmtarget> ; # com/android/tools/r8/BaseCommand$Builder$$Lambda+0x0000000802fa6e50
# instanceKlass com/android/builder/dexing/D8DexArchiveBuilder$$Lambda+0x0000000802fa6bf0
# instanceKlass com/android/builder/dexing/D8DexArchiveBuilder$$Lambda+0x0000000802fa6270
instanceKlass  @bci com/android/builder/dexing/D8DexArchiveBuilder convert (Ljava/util/stream/Stream;Ljava/nio/file/Path;Ljava/nio/file/Path;Lcom/android/builder/dexing/DependencyGraphUpdater;)V 148 <appendix> argL0 ; # com/android/builder/dexing/D8DexArchiveBuilder$$Lambda+0x0000000802fa6990
# instanceKlass com/android/builder/dexing/D8DexArchiveBuilder$$Lambda+0x0000000802fa6730
# instanceKlass com/android/builder/dexing/D8DexArchiveBuilder$$Lambda+0x0000000802fa64d0
instanceKlass com/android/tools/r8/internal/es
instanceKlass com/android/sdklib/repository/legacy/LegacyLocalRepoLoader
instanceKlass com/android/builder/dexing/DexIndexed
# instanceKlass com/android/tools/r8/BaseCommand$Builder$$Lambda+0x0000000802fa5280
# instanceKlass com/android/tools/r8/BaseCommand$Builder$$Lambda+0x0000000802fa54c8
# instanceKlass com/android/tools/r8/BaseCommand$Builder$$Lambda+0x0000000802fa4ae0
# instanceKlass com/android/tools/r8/BaseCommand$Builder$$Lambda+0x0000000802fa5038
instanceKlass  @bci com/android/tools/r8/BaseCommand$Builder addClassProgramData ([BLcom/android/tools/r8/origin/Origin;)Lcom/android/tools/r8/BaseCommand$Builder; 5 <appendix> member <vmtarget> ; # com/android/tools/r8/BaseCommand$Builder$$Lambda+0x0000000802fa4898
instanceKlass com/android/builder/dexing/NoCacheJarClassFileEntry
instanceKlass com/android/build/gradle/internal/dependency/BaseDexingTransform$process$1$1$1
instanceKlass com/android/sdklib/repository/legacy/remote/internal/sources/SdkSource
instanceKlass com/android/sdklib/repository/legacy/LegacyRemoteRepoLoader
instanceKlass  @bci com/android/sdklib/repository/AndroidSdkHandler$RepoConfig createRepoManager (Lcom/android/repository/api/ProgressIndicator;Ljava/nio/file/Path;Lcom/android/repository/impl/sources/LocalSourceProvider;)Lcom/android/repository/api/RepoManager; 73 <appendix> member <vmtarget> ; # com/android/sdklib/repository/AndroidSdkHandler$RepoConfig$$Lambda+0x0000000802f9f5c8
instanceKlass com/android/repository/impl/manager/RemoteRepoLoader
instanceKlass com/android/repository/impl/manager/RepoManagerImpl$RemoteRepoLoaderFactoryImpl
instanceKlass com/android/repository/impl/manager/LocalRepoLoader
instanceKlass com/android/repository/impl/manager/RepoManagerImpl$LocalRepoLoaderFactoryImpl
instanceKlass com/android/build/gradle/internal/dependency/DexingTransformKt
# instanceKlass org/gradle/api/internal/artifacts/transform/DefaultTransform$TransformServiceLookup$$Lambda+0x0000000802fa0da0
# instanceKlass org/gradle/api/internal/artifacts/transform/DefaultTransform$TransformServiceLookup$$Lambda+0x0000000802fa0fe0
instanceKlass  @bci org/gradle/api/internal/artifacts/transform/DefaultTransform$TransformServiceLookup lambda$new$2 (Lorg/gradle/api/internal/artifacts/transform/TransformDependencies;)Ljava/lang/Object; 6 <appendix> argL0 ; # org/gradle/api/internal/artifacts/transform/DefaultTransform$TransformServiceLookup$$Lambda+0x0000000802fa1220
# instanceKlass org/gradle/api/internal/artifacts/transform/DefaultTransform$TransformServiceLookup$$Lambda+0x0000000802fa0b60
# instanceKlass org/gradle/api/internal/artifacts/transform/DefaultTransform$TransformServiceLookup$$Lambda+0x0000000802fa0920
instanceKlass com/google/common/collect/SortedSetMultimap
# instanceKlass com/android/build/gradle/internal/dependency/DexingWithClasspathTransform$Inject1$$Lambda+0x0000000802f9cd10
# instanceKlass com/android/build/gradle/internal/dependency/DexingWithClasspathTransform$Inject1$$Lambda+0x0000000802f9d1a0
# instanceKlass com/android/build/gradle/internal/dependency/DexingWithClasspathTransform$Inject1$$Lambda+0x0000000802f9cf58
# instanceKlass com/android/build/gradle/internal/dependency/DexingWithClasspathTransform$Inject1$$Lambda+0x0000000802f9c880
instanceKlass  @bci com/android/build/gradle/internal/dependency/DexingWithClasspathTransform$Inject1 $gradleInit ()V 1 <appendix> member <vmtarget> ; # com/android/build/gradle/internal/dependency/DexingWithClasspathTransform$Inject1$$Lambda+0x0000000802f9cac8
# instanceKlass org/gradle/api/internal/artifacts/transform/DefaultTransform$TransformServiceLookup$$Lambda+0x0000000802fa0490
# instanceKlass org/gradle/api/internal/artifacts/transform/DefaultTransform$TransformServiceLookup$$Lambda+0x0000000802fa0248
# instanceKlass org/gradle/api/internal/artifacts/transform/DefaultTransform$TransformServiceLookup$$Lambda+0x0000000802fa06d8
instanceKlass  @bci org/gradle/api/internal/artifacts/transform/DefaultTransform$TransformServiceLookup <init> (Lorg/gradle/api/provider/Provider;Lorg/gradle/api/internal/artifacts/transform/TransformDependencies;Lorg/gradle/work/InputChanges;Lorg/gradle/internal/service/ServiceLookup;)V 65 <appendix> member <vmtarget> ; # org/gradle/api/internal/artifacts/transform/DefaultTransform$TransformServiceLookup$$Lambda+0x0000000802fa0000
# instanceKlass org/gradle/api/internal/artifacts/transform/DefaultTransform$TransformServiceLookup$$Lambda+0x0000000802397c78
# instanceKlass org/gradle/api/internal/artifacts/transform/DefaultTransform$TransformServiceLookup$$Lambda+0x0000000802397110
# instanceKlass org/gradle/api/internal/artifacts/transform/DefaultTransform$TransformServiceLookup$$Lambda+0x0000000802397a30
# instanceKlass org/gradle/api/internal/artifacts/transform/DefaultTransform$TransformServiceLookup$$Lambda+0x00000008023977e8
instanceKlass  @bci org/gradle/api/internal/artifacts/transform/DefaultTransform$TransformServiceLookup <init> (Lorg/gradle/api/provider/Provider;Lorg/gradle/api/internal/artifacts/transform/TransformDependencies;Lorg/gradle/work/InputChanges;Lorg/gradle/internal/service/ServiceLookup;)V 44 <appendix> member <vmtarget> ; # org/gradle/api/internal/artifacts/transform/DefaultTransform$TransformServiceLookup$$Lambda+0x00000008023975a0
# instanceKlass org/gradle/api/internal/artifacts/transform/DefaultTransform$TransformServiceLookup$$Lambda+0x0000000802397358
instanceKlass com/android/repository/impl/meta/RepositoryPackages
instanceKlass com/android/repository/api/ProgressRunner$ProgressRunnable
instanceKlass com/android/repository/impl/manager/RepoManagerImpl$RemoteRepoLoaderFactory
instanceKlass com/android/repository/impl/manager/RepoManagerImpl$LocalRepoLoaderFactory
instanceKlass com/android/repository/impl/sources/LocalSourceProvider
instanceKlass com/android/repository/api/SimpleRepositorySource
instanceKlass com/android/repository/api/ConstantSourceProvider
instanceKlass com/android/repository/impl/sources/generated/v1/package-info
instanceKlass com/android/repository/impl/sources/generated/v1/ObjectFactory
instanceKlass com/android/repository/api/RemoteListSourceProvider
instanceKlass com/android/sdklib/repository/sources/generated/v6/package-info
instanceKlass com/android/sdklib/repository/sources/generated/v6/ObjectFactory
instanceKlass com/android/sdklib/repository/sources/generated/v5/package-info
instanceKlass com/android/sdklib/repository/sources/generated/v5/ObjectFactory
instanceKlass com/android/sdklib/repository/sources/generated/v4/package-info
instanceKlass com/android/sdklib/repository/sources/generated/v4/ObjectFactory
instanceKlass com/android/sdklib/repository/sources/generated/v3/package-info
instanceKlass com/android/sdklib/repository/sources/generated/v3/ObjectFactory
instanceKlass com/android/sdklib/repository/sources/generated/v2/package-info
instanceKlass com/android/sdklib/repository/sources/RemoteSiteType$SysImgSiteType
instanceKlass com/android/sdklib/repository/sources/generated/v2/ObjectFactory
instanceKlass com/android/sdklib/repository/sources/generated/v1/package-info
instanceKlass com/android/repository/impl/sources/RemoteListSourceProviderImpl$SiteList
instanceKlass com/android/sdklib/repository/sources/RemoteSiteType$AddonSiteType
instanceKlass com/android/repository/api/RemoteSource
instanceKlass com/android/sdklib/repository/sources/generated/v1/ObjectFactory
instanceKlass com/android/sdklib/repository/sources/RemoteSiteType
instanceKlass com/android/repository/api/FallbackLocalRepoLoader
instanceKlass com/android/repository/api/FallbackRemoteRepoLoader
instanceKlass com/android/repository/api/RepositorySourceProvider
instanceKlass com/android/sdklib/repository/AndroidSdkHandler$RepoConfig
instanceKlass  @bci com/android/builder/dexing/D8DexArchiveBuilder convert (Ljava/util/stream/Stream;Ljava/nio/file/Path;Ljava/nio/file/Path;Lcom/android/builder/dexing/DependencyGraphUpdater;)V 31 <appendix> member <vmtarget> ; # com/android/builder/dexing/D8DexArchiveBuilder$$Lambda+0x0000000802f95558
instanceKlass com/android/builder/dexing/D8DiagnosticsHandler
instanceKlass com/android/build/gradle/internal/cxx/logging/ThreadLoggingEnvironment$Companion$getILogger$1
instanceKlass  @bci com/android/builder/dexing/JarClassFileInput entries (Ljava/util/function/BiPredicate;)Ljava/util/stream/Stream; 150 <appendix> member <vmtarget> ; # com/android/builder/dexing/JarClassFileInput$$Lambda+0x0000000802f97718
instanceKlass com/android/build/gradle/internal/tasks/DexFileDependenciesTask$DexFileDependenciesWorkerAction$run$1$1$1
instanceKlass com/android/builder/dexing/ClassFileEntry
instanceKlass com/android/builder/dexing/JarClassFileInput
instanceKlass com/android/builder/dexing/ClassFileInputs
instanceKlass com/android/tools/r8/DesugarGraphConsumer
instanceKlass com/android/builder/dexing/DexOutputMode
instanceKlass com/android/builder/dexing/DexParameters
instanceKlass  @bci com/android/sdklib/repository/AndroidSdkHandler getInstance (Lcom/android/prefs/AndroidLocationsProvider;Ljava/nio/file/Path;)Lcom/android/sdklib/repository/AndroidSdkHandler; 24 <appendix> member <vmtarget> ; # com/android/sdklib/repository/AndroidSdkHandler$$Lambda+0x0000000802f93768
instanceKlass com/android/build/gradle/internal/cxx/configure/NativeLocationsBuildService$locateCMake$1$location$2
instanceKlass com/android/build/gradle/internal/cxx/configure/CmakeLocator
instanceKlass com/android/build/gradle/internal/cxx/configure/NativeLocationsBuildService$CMakeLocatorParameters
instanceKlass com/android/build/gradle/internal/cxx/configure/NativeLocationsBuildServiceKt
instanceKlass com/android/build/gradle/internal/tasks/UnsafeOutputsTask$taskAction$$inlined$recordTaskAction$1
instanceKlass org/gradle/internal/execution/workspace/impl/NonLockingMutableWorkspaceProvider
instanceKlass  @bci com/android/builder/dexing/r8/ClassFileProviderFactory$OrderedClassFileResourceProvider <init> (Ljava/util/List;)V 6 <appendix> member <vmtarget> ; # com/android/builder/dexing/r8/ClassFileProviderFactory$OrderedClassFileResourceProvider$$Lambda+0x0000000802f91c78
instanceKlass com/android/builder/dexing/r8/ClassFileProviderFactory$OrderedClassFileResourceProvider
instanceKlass  @bci com/android/tools/r8/ArchiveClassFileProvider <init> (Ljava/nio/file/Path;)V 1 <appendix> argL0 ; # com/android/tools/r8/ArchiveClassFileProvider$$Lambda+0x0000000802f91798
instanceKlass com/android/tools/r8/ArchiveClassFileProvider
instanceKlass com/android/builder/dexing/r8/ClassFileProviderFactory
instanceKlass com/android/builder/dexing/DexArchiveBuilder$Companion
instanceKlass com/android/builder/dexing/DexArchiveBuilder
instanceKlass  @bci com/android/build/gradle/internal/tasks/DexFileDependenciesTask$DexFileDependenciesWorkerAction$Inject $gradleInit ()V 1 <appendix> member <vmtarget> ; # com/android/build/gradle/internal/tasks/DexFileDependenciesTask$DexFileDependenciesWorkerAction$Inject$$Lambda+0x0000000802f90928
instanceKlass  @bci com/android/build/gradle/internal/tasks/DexFileDependenciesTask$WorkerActionParams$Inject $gradleInit ()V 1 <appendix> member <vmtarget> ; # com/android/build/gradle/internal/tasks/DexFileDependenciesTask$WorkerActionParams$Inject$$Lambda+0x0000000802f90390
instanceKlass  @bci com/android/build/gradle/internal/tasks/DexFileDependenciesTask$WorkerActionParams_Decorated $gradleInit ()V 1 <appendix> member <vmtarget> ; # com/android/build/gradle/internal/tasks/DexFileDependenciesTask$WorkerActionParams_Decorated$$Lambda+0x0000000802f8ccd8
instanceKlass com/android/build/gradle/internal/tasks/DexFileDependenciesTask$doTaskAction$1$1
# instanceKlass com/android/build/gradle/internal/dependency/AarTransform$$Lambda+0x0000000802f8fb08
# instanceKlass com/android/build/gradle/internal/dependency/AarTransform$$Lambda+0x0000000802f8d258
# instanceKlass com/android/build/gradle/internal/dependency/AarTransform$$Lambda+0x0000000802f8d000
# instanceKlass com/android/build/gradle/internal/dependency/AarTransform$$Lambda+0x0000000802f8d4b0
# instanceKlass com/android/build/gradle/internal/dependency/AarTransform$$Lambda+0x0000000802f8fd60
instanceKlass  @bci com/android/build/gradle/internal/dependency/AarTransform transform (Lorg/gradle/api/artifacts/transform/TransformOutputs;)V 178 <appendix> member <vmtarget> ; # com/android/build/gradle/internal/dependency/AarTransform$$Lambda+0x0000000802f8f8b0
# instanceKlass com/android/build/gradle/internal/dependency/AarTransform$$Lambda+0x0000000802f8f658
# instanceKlass com/android/build/gradle/internal/dependency/AarTransformUtil$$Lambda+0x0000000802f8ed58
# instanceKlass com/android/build/gradle/internal/dependency/AarTransformUtil$$Lambda+0x0000000802f8eb18
# instanceKlass com/android/build/gradle/internal/dependency/AarTransformUtil$$Lambda+0x0000000802f8f1d8
# instanceKlass com/android/build/gradle/internal/dependency/AarTransformUtil$$Lambda+0x0000000802f8f418
instanceKlass  @bci com/android/build/gradle/internal/dependency/AarTransformUtil getJars (Ljava/io/File;)Ljava/util/List; 60 <appendix> argL0 ; # com/android/build/gradle/internal/dependency/AarTransformUtil$$Lambda+0x0000000802f8ef98
# instanceKlass com/android/build/gradle/internal/dependency/AarTransformUtil$$Lambda+0x0000000802f8e698
# instanceKlass com/android/build/gradle/internal/dependency/AarTransformUtil$$Lambda+0x0000000802f8e8d8
instanceKlass com/android/build/gradle/internal/dependency/AarTransformUtil
instanceKlass com/android/build/gradle/internal/dependency/AarTransform$1
# instanceKlass com/android/build/gradle/internal/dependency/AarTransform$Inject1$$Lambda+0x0000000802f8e000
# instanceKlass com/android/build/gradle/internal/dependency/AarTransform$Inject1$$Lambda+0x0000000802f8b858
# instanceKlass com/android/build/gradle/internal/dependency/AarTransform$Inject1$$Lambda+0x0000000802f8b3c8
# instanceKlass com/android/build/gradle/internal/dependency/AarTransform$Inject1$$Lambda+0x0000000802f8b180
# instanceKlass com/android/build/gradle/internal/dependency/AarTransform$Inject1$$Lambda+0x0000000802f8bce8
# instanceKlass com/android/build/gradle/internal/dependency/AarTransform$Inject1$$Lambda+0x0000000802f8baa0
instanceKlass  @bci com/android/build/gradle/internal/dependency/AarTransform$Inject1 $gradleInit ()V 1 <appendix> member <vmtarget> ; # com/android/build/gradle/internal/dependency/AarTransform$Inject1$$Lambda+0x0000000802f8b610
instanceKlass org/jetbrains/kotlin/metadata/jvm/JvmProtoBuf$1
instanceKlass org/gradle/api/internal/file/copy/SyncCopyActionDecorator$SyncCopyActionDecoratorFileVisitor
instanceKlass  @bci org/gradle/api/internal/file/copy/SyncCopyActionDecorator lambda$execute$1 (Lorg/gradle/api/internal/file/copy/CopyActionProcessingStream;Ljava/util/Set;Lorg/gradle/api/internal/file/CopyActionProcessingStreamAction;)V 3 <appendix> member <vmtarget> ; # org/gradle/api/internal/file/copy/SyncCopyActionDecorator$$Lambda+0x0000000802d34720
instanceKlass  @bci org/gradle/api/internal/file/copy/SyncCopyActionDecorator execute (Lorg/gradle/api/internal/file/copy/CopyActionProcessingStream;)Lorg/gradle/api/tasks/WorkResult; 14 <appendix> member <vmtarget> ; # org/gradle/api/internal/file/copy/SyncCopyActionDecorator$$Lambda+0x0000000802d344d8
instanceKlass org/gradle/api/internal/file/copy/SyncCopyActionDecorator
# instanceKlass java/lang/invoke/LambdaForm$MH+0x0000000802f8c400
instanceKlass com/android/build/gradle/internal/tasks/CheckDuplicateClassesDelegate
instanceKlass  @bci com/android/build/gradle/internal/tasks/CheckDuplicatesRunnable$Inject $gradleInit ()V 1 <appendix> member <vmtarget> ; # com/android/build/gradle/internal/tasks/CheckDuplicatesRunnable$Inject$$Lambda+0x0000000802f8ad10
instanceKlass  @bci com/android/build/gradle/internal/tasks/CheckDuplicatesParams$Inject $gradleInit ()V 1 <appendix> member <vmtarget> ; # com/android/build/gradle/internal/tasks/CheckDuplicatesParams$Inject$$Lambda+0x0000000802f8a778
instanceKlass  @bci com/android/build/gradle/internal/tasks/CheckDuplicatesParams_Decorated $gradleInit ()V 1 <appendix> member <vmtarget> ; # com/android/build/gradle/internal/tasks/CheckDuplicatesParams_Decorated$$Lambda+0x0000000802f8a208
instanceKlass com/android/build/gradle/internal/tasks/CheckDuplicatesParams
instanceKlass com/android/build/gradle/internal/tasks/CheckDuplicateClassesTask$doTaskAction$1
instanceKlass com/android/build/gradle/internal/tasks/CheckDuplicatesRunnable
instanceKlass com/android/tools/r8/dex/G
instanceKlass java/util/zip/Adler32
instanceKlass  @bci com/android/tools/r8/dex/L a (II)Lcom/android/tools/r8/dex/G; 2813 <appendix> member <vmtarget> ; # com/android/tools/r8/dex/L$$Lambda+0x0000000802f892a8
instanceKlass  @bci com/android/tools/r8/dex/L a (II)Lcom/android/tools/r8/dex/G; 2783 <appendix> member <vmtarget> ; # com/android/tools/r8/dex/L$$Lambda+0x0000000802f89050
instanceKlass  @bci com/android/tools/r8/dex/L a (II)Lcom/android/tools/r8/dex/G; 2704 <appendix> member <vmtarget> ; # com/android/tools/r8/dex/L$$Lambda+0x0000000802f88df8
instanceKlass  @bci com/android/tools/r8/dex/L a (II)Lcom/android/tools/r8/dex/G; 2676 <appendix> member <vmtarget> ; # com/android/tools/r8/dex/L$$Lambda+0x0000000802f88ba0
instanceKlass  @bci com/android/tools/r8/dex/L a (II)Lcom/android/tools/r8/dex/G; 2646 <appendix> member <vmtarget> ; # com/android/tools/r8/dex/L$$Lambda+0x0000000802f88948
instanceKlass  @bci com/android/tools/r8/dex/L a (II)Lcom/android/tools/r8/dex/G; 2616 <appendix> member <vmtarget> ; # com/android/tools/r8/dex/L$$Lambda+0x0000000802f886f0
instanceKlass  @bci com/android/tools/r8/dex/L a (II)Lcom/android/tools/r8/dex/G; 2586 <appendix> member <vmtarget> ; # com/android/tools/r8/dex/L$$Lambda+0x0000000802f88498
instanceKlass  @bci com/android/tools/r8/dex/L a (II)Lcom/android/tools/r8/dex/G; 2523 <appendix> member <vmtarget> ; # com/android/tools/r8/dex/L$$Lambda+0x0000000802f88240
instanceKlass  @bci com/android/tools/r8/dex/H a (Lcom/android/tools/r8/dex/L;IIII)Ljava/util/ArrayList; 1051 <appendix> argL0 ; # com/android/tools/r8/dex/H$$Lambda+0x0000000802f88000
instanceKlass com/android/tools/r8/dex/I
instanceKlass  @bci com/android/tools/r8/dex/L a (Lcom/android/tools/r8/graph/s0;)V 253 <appendix> member <vmtarget> ; # com/android/tools/r8/dex/L$$Lambda+0x0000000802f87998
instanceKlass  @bci com/android/tools/r8/dex/L a (Lcom/android/tools/r8/graph/s0;)V 184 <appendix> member <vmtarget> ; # com/android/tools/r8/dex/L$$Lambda+0x0000000802f87750
instanceKlass  @bci com/android/tools/r8/dex/L a (Lcom/android/tools/r8/graph/s0;)V 112 <appendix> member <vmtarget> ; # com/android/tools/r8/dex/L$$Lambda+0x0000000802f87508
instanceKlass  @bci com/android/tools/r8/graph/s0 a (Lcom/android/tools/r8/graph/q5;)Ljava/util/ArrayList; 6 <appendix> member <vmtarget> ; # com/android/tools/r8/graph/s0$$Lambda+0x0000000802f87248
instanceKlass  @bci com/android/tools/r8/graph/s0 c (Lcom/android/tools/r8/graph/q5;)Ljava/util/ArrayList; 6 <appendix> member <vmtarget> ; # com/android/tools/r8/graph/s0$$Lambda+0x0000000802f86f88
instanceKlass  @bci com/android/tools/r8/graph/s0 b (Lcom/android/tools/r8/graph/q5;)Ljava/util/ArrayList; 6 <appendix> member <vmtarget> ; # com/android/tools/r8/graph/s0$$Lambda+0x0000000802f86cc8
instanceKlass  @bci com/android/tools/r8/dex/L a (II)Lcom/android/tools/r8/dex/G; 2257 <appendix> member <vmtarget> ; # com/android/tools/r8/dex/L$$Lambda+0x0000000802f86a70
instanceKlass  @bci com/android/tools/r8/dex/L a (II)Lcom/android/tools/r8/dex/G; 2250 <appendix> member <vmtarget> ; # com/android/tools/r8/dex/L$$Lambda+0x0000000802f86818
instanceKlass  @bci com/android/tools/r8/dex/L a (II)Lcom/android/tools/r8/dex/G; 2231 <appendix> member <vmtarget> ; # com/android/tools/r8/dex/L$$Lambda+0x0000000802f865c0
instanceKlass  @bci com/android/tools/r8/dex/L a (II)Lcom/android/tools/r8/dex/G; 2224 <appendix> member <vmtarget> ; # com/android/tools/r8/dex/L$$Lambda+0x0000000802f86368
instanceKlass  @bci com/android/tools/r8/dex/L a (Lcom/android/tools/r8/graph/u0;)V 84 <appendix> member <vmtarget> ; # com/android/tools/r8/dex/L$$Lambda+0x0000000802f860a8
instanceKlass  @bci com/android/tools/r8/dex/L a (II)Lcom/android/tools/r8/dex/G; 2205 <appendix> member <vmtarget> ; # com/android/tools/r8/dex/L$$Lambda+0x0000000802f85e50
instanceKlass  @bci com/android/tools/r8/dex/L a (II)Lcom/android/tools/r8/dex/G; 2198 <appendix> member <vmtarget> ; # com/android/tools/r8/dex/L$$Lambda+0x0000000802f85bf8
instanceKlass  @bci com/android/tools/r8/dex/L a (II)Lcom/android/tools/r8/dex/G; 2179 <appendix> member <vmtarget> ; # com/android/tools/r8/dex/L$$Lambda+0x0000000802f859a0
instanceKlass  @bci com/android/tools/r8/dex/L a (II)Lcom/android/tools/r8/dex/G; 2172 <appendix> member <vmtarget> ; # com/android/tools/r8/dex/L$$Lambda+0x0000000802f85748
instanceKlass  @bci com/android/tools/r8/graph/L4 f ()I 2 <appendix> member <vmtarget> ; # com/android/tools/r8/graph/L4$$Lambda+0x0000000802f854d0
instanceKlass  @bci com/android/tools/r8/dex/L a (Ljava/lang/Iterable;)V 6 <appendix> member <vmtarget> ; # com/android/tools/r8/dex/L$$Lambda+0x0000000802f85210
instanceKlass  @bci com/android/tools/r8/dex/L a (Ljava/util/List;)V 11 <appendix> member <vmtarget> ; # com/android/tools/r8/dex/L$$Lambda+0x0000000802f84f50
instanceKlass  @bci com/android/tools/r8/dex/L a (II)Lcom/android/tools/r8/dex/G; 2153 <appendix> member <vmtarget> ; # com/android/tools/r8/dex/L$$Lambda+0x0000000802f84cf8
instanceKlass  @bci com/android/tools/r8/dex/L a (II)Lcom/android/tools/r8/dex/G; 2146 <appendix> member <vmtarget> ; # com/android/tools/r8/dex/L$$Lambda+0x0000000802f84aa0
instanceKlass com/android/tools/r8/internal/pt
instanceKlass  @bci com/android/tools/r8/dex/L a (Lcom/android/tools/r8/graph/e1;Lcom/android/tools/r8/dex/y;Lcom/android/tools/r8/graph/s5;)V 23 <appendix> member <vmtarget> ; # com/android/tools/r8/dex/L$$Lambda+0x0000000802f845b8
instanceKlass  @bci com/android/tools/r8/dex/L a (II)Lcom/android/tools/r8/dex/G; 2127 <appendix> member <vmtarget> ; # com/android/tools/r8/dex/L$$Lambda+0x0000000802f84360
instanceKlass  @bci com/android/tools/r8/dex/L a (II)Lcom/android/tools/r8/dex/G; 2120 <appendix> member <vmtarget> ; # com/android/tools/r8/dex/L$$Lambda+0x0000000802f84108
instanceKlass  @bci com/android/tools/r8/dex/L a (II)Lcom/android/tools/r8/dex/G; 2088 <appendix> member <vmtarget> ; # com/android/tools/r8/dex/L$$Lambda+0x0000000802f83eb0
instanceKlass  @bci com/android/tools/r8/dex/L a (II)Lcom/android/tools/r8/dex/G; 2081 <appendix> member <vmtarget> ; # com/android/tools/r8/dex/L$$Lambda+0x0000000802f83c58
instanceKlass com/android/tools/r8/internal/j00
instanceKlass  @bci com/android/tools/r8/dex/L a (II)Lcom/android/tools/r8/dex/G; 2054 <appendix> member <vmtarget> ; # com/android/tools/r8/dex/L$$Lambda+0x0000000802f83468
instanceKlass  @bci com/android/tools/r8/dex/L a (II)Lcom/android/tools/r8/dex/G; 2047 <appendix> member <vmtarget> ; # com/android/tools/r8/dex/L$$Lambda+0x0000000802f83210
instanceKlass com/android/tools/r8/dex/u
instanceKlass com/android/tools/r8/internal/UP
instanceKlass  @bci com/android/tools/r8/dex/w a (Lcom/android/tools/r8/internal/wb0;)Ljava/util/ArrayList; 93 <appendix> member <vmtarget> ; # com/android/tools/r8/dex/w$$Lambda+0x0000000802f822a8
instanceKlass com/android/tools/r8/naming/V
instanceKlass com/android/tools/r8/naming/U
instanceKlass  @bci com/android/tools/r8/dex/w a (Lcom/android/tools/r8/internal/wb0;)Ljava/util/ArrayList; 78 <appendix> member <vmtarget> ; # com/android/tools/r8/dex/w$$Lambda+0x0000000802f81ba0
instanceKlass  @bci com/android/tools/r8/dex/w a (Lcom/android/tools/r8/internal/wb0;)Ljava/util/ArrayList; 69 <appendix> argL0 ; # com/android/tools/r8/dex/w$$Lambda+0x0000000802f81930
instanceKlass com/android/tools/r8/dex/v
instanceKlass  @bci com/android/tools/r8/internal/g60 k ()Lcom/android/tools/r8/internal/g60; 4 <appendix> argL0 ; # com/android/tools/r8/internal/g60$$Lambda+0x0000000802f814c0
instanceKlass  @bci com/android/tools/r8/internal/g60 <clinit> ()V 4 <appendix> argL0 ; # com/android/tools/r8/internal/g60$$Lambda+0x0000000802f81280
instanceKlass com/android/tools/r8/dex/H
instanceKlass  @bci com/android/tools/r8/dex/k a (Lcom/android/tools/r8/graph/s5;Lcom/android/tools/r8/ByteBufferProvider;Lcom/android/tools/r8/dex/t0;Lcom/android/tools/r8/internal/Gp0;)Lcom/android/tools/r8/dex/F; 53 <appendix> member <vmtarget> ; # com/android/tools/r8/dex/k$$Lambda+0x0000000802f80b90
instanceKlass com/android/tools/r8/dex/F
instanceKlass  @bci com/android/tools/r8/graph/s0 <init> (Lcom/android/tools/r8/graph/E2;)V 86 <appendix> member <vmtarget> ; # com/android/tools/r8/graph/s0$$Lambda+0x0000000802f80708
instanceKlass  @bci com/android/tools/r8/graph/n3 b ()Z 1 <appendix> argL0 ; # com/android/tools/r8/graph/n3$$Lambda+0x0000000802f80260
instanceKlass  @bci com/android/tools/r8/graph/J4 e ()Z 1 <appendix> argL0 ; # com/android/tools/r8/graph/J4$$Lambda+0x0000000802f80000
instanceKlass  @bci com/android/tools/r8/graph/n1 a (Lcom/android/tools/r8/dex/X;Ljava/util/Collection;)V 2 <appendix> member <vmtarget> ; # com/android/tools/r8/graph/n1$$Lambda+0x0000000802f7fcd8
instanceKlass  @bci com/android/tools/r8/graph/E2 a (Lcom/android/tools/r8/naming/r0;)Lcom/android/tools/r8/graph/f1; 74 <appendix> member <vmtarget> ; # com/android/tools/r8/graph/E2$$Lambda+0x0000000802f7f7d0
instanceKlass  @bci com/android/tools/r8/dex/L a ()Lcom/android/tools/r8/dex/L; 68 <appendix> member <vmtarget> ; # com/android/tools/r8/dex/L$$Lambda+0x0000000802f7f578
instanceKlass  @bci com/android/tools/r8/graph/O0$d a (Lcom/android/tools/r8/internal/ko0;)V 25 <appendix> argL0 ; # com/android/tools/r8/graph/O0$d$$Lambda+0x0000000802f7eab8
instanceKlass  @bci com/android/tools/r8/graph/O0$d a (Lcom/android/tools/r8/internal/ko0;)V 17 <appendix> argL0 ; # com/android/tools/r8/graph/O0$d$$Lambda+0x0000000802f7e858
instanceKlass  @bci com/android/tools/r8/graph/O0$d a (Lcom/android/tools/r8/internal/ko0;)V 9 <appendix> argL0 ; # com/android/tools/r8/graph/O0$d$$Lambda+0x0000000802f7e5f8
instanceKlass  @bci com/android/tools/r8/graph/O0$d a (Lcom/android/tools/r8/internal/ko0;)V 1 <appendix> argL0 ; # com/android/tools/r8/graph/O0$d$$Lambda+0x0000000802f7e3b8
instanceKlass  @bci com/android/tools/r8/graph/O0$d b (Lcom/android/tools/r8/graph/O0;Lcom/android/tools/r8/internal/Qe;)I 6 <appendix> argL0 ; # com/android/tools/r8/graph/O0$d$$Lambda+0x0000000802f7e178
instanceKlass  @bci com/android/tools/r8/graph/W0$a a (Lcom/android/tools/r8/internal/ko0;)V 17 <appendix> argL0 ; # com/android/tools/r8/graph/W0$a$$Lambda+0x0000000802f7df18
instanceKlass  @bci com/android/tools/r8/internal/ko0 g (Ljava/util/function/Function;)Lcom/android/tools/r8/internal/ko0; 17 <appendix> argL0 ; # com/android/tools/r8/internal/ko0$$Lambda+0x0000000802f7dcd8
instanceKlass  @bci com/android/tools/r8/internal/ko0 g (Ljava/util/function/Function;)Lcom/android/tools/r8/internal/ko0; 12 <appendix> argL0 ; # com/android/tools/r8/internal/ko0$$Lambda+0x0000000802f7da98
instanceKlass  @bci com/android/tools/r8/internal/ko0 g (Ljava/util/function/Function;)Lcom/android/tools/r8/internal/ko0; 2 <appendix> argL0 ; # com/android/tools/r8/internal/ko0$$Lambda+0x0000000802f7d838
instanceKlass  @bci com/android/tools/r8/graph/W0$a a (Lcom/android/tools/r8/internal/ko0;)V 9 <appendix> argL0 ; # com/android/tools/r8/graph/W0$a$$Lambda+0x0000000802f7d5d8
instanceKlass  @bci com/android/tools/r8/graph/W0$a a (Lcom/android/tools/r8/internal/ko0;)V 1 <appendix> argL0 ; # com/android/tools/r8/graph/W0$a$$Lambda+0x0000000802f7d398
instanceKlass  @bci com/android/tools/r8/graph/W0$a a (Lcom/android/tools/r8/graph/W0;Lcom/android/tools/r8/internal/Qe;)I 30 <appendix> argL0 ; # com/android/tools/r8/graph/W0$a$$Lambda+0x0000000802f7d158
instanceKlass  @bci com/android/tools/r8/dex/k a (Lcom/android/tools/r8/graph/s5;Lcom/android/tools/r8/ByteBufferProvider;Lcom/android/tools/r8/dex/t0;Lcom/android/tools/r8/internal/Gp0;)Lcom/android/tools/r8/dex/F; 40 <appendix> member <vmtarget> ; # com/android/tools/r8/dex/k$$Lambda+0x0000000802f7cf10
instanceKlass com/android/tools/r8/dex/s
instanceKlass com/android/tools/r8/dex/y
instanceKlass com/android/tools/r8/graph/y5
instanceKlass com/android/tools/r8/dex/L
instanceKlass  @bci com/android/tools/r8/dex/k a (Ljava/util/concurrent/ExecutorService;Ljava/util/List;Ljava/util/ArrayList;Lcom/android/tools/r8/internal/Gp0;)V 27 <appendix> member <vmtarget> ; # com/android/tools/r8/dex/k$$Lambda+0x0000000802f7b438
instanceKlass com/android/tools/r8/internal/Di
instanceKlass  @bci com/android/tools/r8/graph/s5 <init> (Lcom/android/tools/r8/graph/y;Lcom/android/tools/r8/graph/s5;Lcom/android/tools/r8/internal/jQ;Ljava/util/Set;Ljava/util/Map;Ljava/util/Collection;Ljava/util/Collection;Ljava/util/Collection;Ljava/util/Collection;Ljava/util/Collection;Ljava/util/Collection;ILcom/android/tools/r8/internal/Ml0;Lcom/android/tools/r8/dex/t0;Lcom/android/tools/r8/internal/Gp0;)V 723 <appendix> member <vmtarget> ; # com/android/tools/r8/graph/s5$$Lambda+0x0000000802f7afc0
instanceKlass  @bci com/android/tools/r8/graph/s5 <init> (Lcom/android/tools/r8/graph/y;Lcom/android/tools/r8/graph/s5;Lcom/android/tools/r8/internal/jQ;Ljava/util/Set;Ljava/util/Map;Ljava/util/Collection;Ljava/util/Collection;Ljava/util/Collection;Ljava/util/Collection;Ljava/util/Collection;Ljava/util/Collection;ILcom/android/tools/r8/internal/Ml0;Lcom/android/tools/r8/dex/t0;Lcom/android/tools/r8/internal/Gp0;)V 717 <appendix> member <vmtarget> ; # com/android/tools/r8/graph/s5$$Lambda+0x0000000802f7ad78
instanceKlass  @bci com/android/tools/r8/graph/s5 <init> (Lcom/android/tools/r8/graph/y;Lcom/android/tools/r8/graph/s5;Lcom/android/tools/r8/internal/jQ;Ljava/util/Set;Ljava/util/Map;Ljava/util/Collection;Ljava/util/Collection;Ljava/util/Collection;Ljava/util/Collection;Ljava/util/Collection;Ljava/util/Collection;ILcom/android/tools/r8/internal/Ml0;Lcom/android/tools/r8/dex/t0;Lcom/android/tools/r8/internal/Gp0;)V 683 <appendix> member <vmtarget> ; # com/android/tools/r8/graph/s5$$Lambda+0x0000000802f7a890
instanceKlass  @bci com/android/tools/r8/graph/s5 <init> (Lcom/android/tools/r8/graph/y;Lcom/android/tools/r8/graph/s5;Lcom/android/tools/r8/internal/jQ;Ljava/util/Set;Ljava/util/Map;Ljava/util/Collection;Ljava/util/Collection;Ljava/util/Collection;Ljava/util/Collection;Ljava/util/Collection;Ljava/util/Collection;ILcom/android/tools/r8/internal/Ml0;Lcom/android/tools/r8/dex/t0;Lcom/android/tools/r8/internal/Gp0;)V 656 <appendix> member <vmtarget> ; # com/android/tools/r8/graph/s5$$Lambda+0x0000000802f7a638
instanceKlass  @bci com/android/tools/r8/graph/s5 <init> (Lcom/android/tools/r8/graph/y;Lcom/android/tools/r8/graph/s5;Lcom/android/tools/r8/internal/jQ;Ljava/util/Set;Ljava/util/Map;Ljava/util/Collection;Ljava/util/Collection;Ljava/util/Collection;Ljava/util/Collection;Ljava/util/Collection;Ljava/util/Collection;ILcom/android/tools/r8/internal/Ml0;Lcom/android/tools/r8/dex/t0;Lcom/android/tools/r8/internal/Gp0;)V 629 <appendix> member <vmtarget> ; # com/android/tools/r8/graph/s5$$Lambda+0x0000000802f7a3e0
instanceKlass  @bci com/android/tools/r8/graph/s5 <init> (Lcom/android/tools/r8/graph/y;Lcom/android/tools/r8/graph/s5;Lcom/android/tools/r8/internal/jQ;Ljava/util/Set;Ljava/util/Map;Ljava/util/Collection;Ljava/util/Collection;Ljava/util/Collection;Ljava/util/Collection;Ljava/util/Collection;Ljava/util/Collection;ILcom/android/tools/r8/internal/Ml0;Lcom/android/tools/r8/dex/t0;Lcom/android/tools/r8/internal/Gp0;)V 602 <appendix> member <vmtarget> ; # com/android/tools/r8/graph/s5$$Lambda+0x0000000802f7a188
instanceKlass  @bci com/android/tools/r8/graph/s5 <init> (Lcom/android/tools/r8/graph/y;Lcom/android/tools/r8/graph/s5;Lcom/android/tools/r8/internal/jQ;Ljava/util/Set;Ljava/util/Map;Ljava/util/Collection;Ljava/util/Collection;Ljava/util/Collection;Ljava/util/Collection;Ljava/util/Collection;Ljava/util/Collection;ILcom/android/tools/r8/internal/Ml0;Lcom/android/tools/r8/dex/t0;Lcom/android/tools/r8/internal/Gp0;)V 575 <appendix> member <vmtarget> ; # com/android/tools/r8/graph/s5$$Lambda+0x0000000802f79f30
instanceKlass  @bci com/android/tools/r8/graph/E0 a (Lcom/android/tools/r8/graph/d1;Ljava/util/function/BiPredicate;Ljava/util/function/BiConsumer;)V 4 <appendix> member <vmtarget> ; # com/android/tools/r8/graph/E0$$Lambda+0x0000000802f79cd8
instanceKlass  @bci com/android/tools/r8/graph/s5 a (Ljava/util/Set;Ljava/util/LinkedHashSet;Lcom/android/tools/r8/graph/E2;)V 27 <appendix> member <vmtarget> ; # com/android/tools/r8/graph/s5$$Lambda+0x0000000802f79a80
instanceKlass  @bci com/android/tools/r8/graph/s5 a (Ljava/util/Set;Ljava/util/LinkedHashSet;Lcom/android/tools/r8/graph/E2;)V 18 <appendix> member <vmtarget> ; # com/android/tools/r8/graph/s5$$Lambda+0x0000000802f79808
instanceKlass  @bci com/android/tools/r8/graph/s5 a (Ljava/util/Set;Ljava/util/LinkedHashSet;Lcom/android/tools/r8/internal/We;)V 85 <appendix> member <vmtarget> ; # com/android/tools/r8/graph/s5$$Lambda+0x0000000802f795b0
instanceKlass  @bci com/android/tools/r8/graph/s5 a (Ljava/util/Set;Ljava/util/LinkedHashSet;Lcom/android/tools/r8/internal/We;)V 76 <appendix> member <vmtarget> ; # com/android/tools/r8/graph/s5$$Lambda+0x0000000802f792f0
instanceKlass  @bci com/android/tools/r8/graph/s5 a (Ljava/util/Set;Ljava/util/LinkedHashSet;Lcom/android/tools/r8/internal/Ml0;)V 4 <appendix> member <vmtarget> ; # com/android/tools/r8/graph/s5$$Lambda+0x0000000802f79098
instanceKlass com/android/tools/r8/internal/Ul0
instanceKlass com/android/tools/r8/internal/q1
instanceKlass  @bci com/android/tools/r8/graph/s5 <init> (Lcom/android/tools/r8/graph/y;Lcom/android/tools/r8/graph/s5;Lcom/android/tools/r8/internal/jQ;Ljava/util/Set;Ljava/util/Map;Ljava/util/Collection;Ljava/util/Collection;Ljava/util/Collection;Ljava/util/Collection;Ljava/util/Collection;Ljava/util/Collection;ILcom/android/tools/r8/internal/Ml0;Lcom/android/tools/r8/dex/t0;Lcom/android/tools/r8/internal/Gp0;)V 376 <appendix> member <vmtarget> ; # com/android/tools/r8/graph/s5$$Lambda+0x0000000802f789a8
instanceKlass  @bci com/android/tools/r8/graph/s5 <init> (Lcom/android/tools/r8/graph/y;Lcom/android/tools/r8/graph/s5;Lcom/android/tools/r8/internal/jQ;Ljava/util/Set;Ljava/util/Map;Ljava/util/Collection;Ljava/util/Collection;Ljava/util/Collection;Ljava/util/Collection;Ljava/util/Collection;Ljava/util/Collection;ILcom/android/tools/r8/internal/Ml0;Lcom/android/tools/r8/dex/t0;Lcom/android/tools/r8/internal/Gp0;)V 370 <appendix> member <vmtarget> ; # com/android/tools/r8/graph/s5$$Lambda+0x0000000802f78760
instanceKlass  @bci com/android/tools/r8/graph/s5 <init> (Lcom/android/tools/r8/graph/y;Lcom/android/tools/r8/graph/s5;Lcom/android/tools/r8/internal/jQ;Ljava/util/Set;Ljava/util/Map;Ljava/util/Collection;Ljava/util/Collection;Ljava/util/Collection;Ljava/util/Collection;Ljava/util/Collection;Ljava/util/Collection;ILcom/android/tools/r8/internal/Ml0;Lcom/android/tools/r8/dex/t0;Lcom/android/tools/r8/internal/Gp0;)V 338 <appendix> member <vmtarget> ; # com/android/tools/r8/graph/s5$$Lambda+0x0000000802f78508
instanceKlass  @bci com/android/tools/r8/graph/s5 a (Lcom/android/tools/r8/internal/Ue;)Ljava/util/Comparator; 1 <appendix> member <vmtarget> ; # com/android/tools/r8/graph/s5$$Lambda+0x0000000802f78248
instanceKlass  @bci com/android/tools/r8/graph/s5 <init> (Lcom/android/tools/r8/graph/y;Lcom/android/tools/r8/graph/s5;Lcom/android/tools/r8/internal/jQ;Ljava/util/Set;Ljava/util/Map;Ljava/util/Collection;Ljava/util/Collection;Ljava/util/Collection;Ljava/util/Collection;Ljava/util/Collection;Ljava/util/Collection;ILcom/android/tools/r8/internal/Ml0;Lcom/android/tools/r8/dex/t0;Lcom/android/tools/r8/internal/Gp0;)V 317 <appendix> member <vmtarget> ; # com/android/tools/r8/graph/s5$$Lambda+0x0000000802f78000
instanceKlass com/android/tools/r8/internal/wb0
instanceKlass com/android/tools/r8/internal/Pa0
instanceKlass  @bci com/android/tools/r8/graph/s5 <init> (Lcom/android/tools/r8/graph/y;Lcom/android/tools/r8/graph/s5;Lcom/android/tools/r8/internal/jQ;Ljava/util/Set;Ljava/util/Map;Ljava/util/Collection;Ljava/util/Collection;Ljava/util/Collection;Ljava/util/Collection;Ljava/util/Collection;Ljava/util/Collection;ILcom/android/tools/r8/internal/Ml0;Lcom/android/tools/r8/dex/t0;Lcom/android/tools/r8/internal/Gp0;)V 253 <appendix> member <vmtarget> ; # com/android/tools/r8/graph/s5$$Lambda+0x0000000802f77760
instanceKlass  @bci com/android/tools/r8/graph/s5 <init> (Lcom/android/tools/r8/graph/y;Lcom/android/tools/r8/graph/s5;Lcom/android/tools/r8/internal/jQ;Ljava/util/Set;Ljava/util/Map;Ljava/util/Collection;Ljava/util/Collection;Ljava/util/Collection;Ljava/util/Collection;Ljava/util/Collection;Ljava/util/Collection;ILcom/android/tools/r8/internal/Ml0;Lcom/android/tools/r8/dex/t0;Lcom/android/tools/r8/internal/Gp0;)V 247 <appendix> argL0 ; # com/android/tools/r8/graph/s5$$Lambda+0x0000000802f774a8
instanceKlass com/android/tools/r8/graph/s5
instanceKlass  @bci com/android/tools/r8/dex/k a (Ljava/util/concurrent/ExecutorService;Ljava/util/List;Ljava/util/ArrayList;)Ljava/util/ArrayList; 3 <appendix> member <vmtarget> ; # com/android/tools/r8/dex/k$$Lambda+0x0000000802f76b10
instanceKlass  @bci com/android/tools/r8/graph/j5 a (Lcom/android/tools/r8/graph/j5;Lcom/android/tools/r8/naming/r0;)I 12 <appendix> argL0 ; # com/android/tools/r8/graph/j5$$Lambda+0x0000000802f76690
instanceKlass  @bci com/android/tools/r8/graph/E2 b (Lcom/android/tools/r8/dex/X;)V 119 <appendix> member <vmtarget> ; # com/android/tools/r8/graph/E2$$Lambda+0x0000000802f76438
instanceKlass  @bci com/android/tools/r8/graph/n1 a (Lcom/android/tools/r8/dex/X;[Lcom/android/tools/r8/graph/n1;)V 2 <appendix> member <vmtarget> ; # com/android/tools/r8/graph/n1$$Lambda+0x0000000802f761e0
instanceKlass  @bci com/android/tools/r8/graph/e1 n0 ()V 48 <appendix> argL0 ; # com/android/tools/r8/graph/e1$$Lambda+0x0000000802f75f28
instanceKlass  @bci com/android/tools/r8/graph/u0 a (Lcom/android/tools/r8/naming/r0;)V 49 <appendix> member <vmtarget> ; # com/android/tools/r8/graph/u0$$Lambda+0x0000000802f75c68
instanceKlass  @bci com/android/tools/r8/graph/E2 b (Lcom/android/tools/r8/dex/X;)V 98 <appendix> member <vmtarget> ; # com/android/tools/r8/graph/E2$$Lambda+0x0000000802f75a10
instanceKlass  @bci com/android/tools/r8/dex/k a (Lcom/android/tools/r8/utils/j;Ljava/util/concurrent/ExecutorService;)V 541 <appendix> member <vmtarget> ; # com/android/tools/r8/dex/k$$Lambda+0x0000000802f757b8
instanceKlass  @bci com/android/tools/r8/internal/U3 a ([Ljava/lang/Object;Ljava/util/function/Predicate;[Ljava/lang/Object;)[Ljava/lang/Object; 2 <appendix> member <vmtarget> ; # com/android/tools/r8/internal/U3$$Lambda+0x0000000802f75118
instanceKlass  @bci com/android/tools/r8/graph/W0 a (Lcom/android/tools/r8/graph/W0;)Lcom/android/tools/r8/graph/Z0; 27 <appendix> argL0 ; # com/android/tools/r8/graph/W0$$Lambda+0x0000000802f74ea8
instanceKlass  @bci com/android/tools/r8/dex/n0 a (Lcom/android/tools/r8/graph/l1;)Z 36 <appendix> member <vmtarget> ; # com/android/tools/r8/dex/n0$$Lambda+0x0000000802f74c30
instanceKlass  @bci com/android/tools/r8/dex/t0 a (Lcom/android/tools/r8/graph/F2;Ljava/util/AbstractMap;Ljava/util/HashMap;Ljava/util/function/Consumer;Lcom/android/tools/r8/graph/B1;)Z 28 <appendix> member <vmtarget> ; # com/android/tools/r8/dex/t0$$Lambda+0x0000000802f73ff0
instanceKlass  @bci com/android/tools/r8/dex/n0 b (Lcom/android/tools/r8/graph/F2;)Z 15 <appendix> member <vmtarget> ; # com/android/tools/r8/dex/n0$$Lambda+0x0000000802f73d98
instanceKlass  @bci com/android/tools/r8/dex/n0 a (Lcom/android/tools/r8/graph/F2;)Z 28 <appendix> member <vmtarget> ; # com/android/tools/r8/dex/n0$$Lambda+0x0000000802f73b20
instanceKlass  @bci com/android/tools/r8/dex/n0 a (Lcom/android/tools/r8/graph/x2;)Z 36 <appendix> member <vmtarget> ; # com/android/tools/r8/dex/n0$$Lambda+0x0000000802f738a8
instanceKlass  @bci com/android/tools/r8/graph/E2 a (Lcom/android/tools/r8/graph/y;Lcom/android/tools/r8/dex/M;Lcom/android/tools/r8/internal/jQ;)V 265 <appendix> member <vmtarget> ; # com/android/tools/r8/graph/E2$$Lambda+0x0000000802f73650
instanceKlass  @bci com/android/tools/r8/graph/E2 a (Lcom/android/tools/r8/graph/y;Lcom/android/tools/r8/dex/M;Lcom/android/tools/r8/internal/jQ;)V 254 <appendix> member <vmtarget> ; # com/android/tools/r8/graph/E2$$Lambda+0x0000000802f733f8
instanceKlass  @bci com/android/tools/r8/dex/n0 a (Lcom/android/tools/r8/graph/J2;)Z 53 <appendix> member <vmtarget> ; # com/android/tools/r8/dex/n0$$Lambda+0x0000000802f73180
instanceKlass  @bci com/android/tools/r8/dex/n0 a (Lcom/android/tools/r8/graph/E2;)Z 41 <appendix> member <vmtarget> ; # com/android/tools/r8/dex/n0$$Lambda+0x0000000802f72f08
instanceKlass com/android/tools/r8/internal/bJ
instanceKlass com/android/tools/r8/internal/XI
instanceKlass com/android/tools/r8/dex/r0
instanceKlass  @bci com/android/tools/r8/dex/p0 a (Lcom/android/tools/r8/internal/Ml0;)Ljava/util/function/Predicate; 1 <appendix> member <vmtarget> ; # com/android/tools/r8/dex/p0$$Lambda+0x0000000802f71f00
instanceKlass  @bci com/android/tools/r8/dex/p0 a (Ljava/util/IdentityHashMap;)Ljava/util/Comparator; 1 <appendix> member <vmtarget> ; # com/android/tools/r8/dex/p0$$Lambda+0x0000000802f71c40
instanceKlass com/android/tools/r8/dex/p0
instanceKlass com/android/tools/r8/dex/q0
instanceKlass  @bci com/android/tools/r8/internal/Fy a (Lcom/android/tools/r8/internal/Fy;Lcom/android/tools/r8/graph/J2;)Lcom/android/tools/r8/graph/J2; 2 <appendix> argL0 ; # com/android/tools/r8/internal/Fy$$Lambda+0x0000000802f71590
instanceKlass  @bci com/android/tools/r8/dex/t0 a (Ljava/util/Collection;Lcom/android/tools/r8/internal/Fy;Lcom/android/tools/r8/naming/b;)Ljava/util/IdentityHashMap; 19 <appendix> member <vmtarget> ; # com/android/tools/r8/dex/t0$$Lambda+0x0000000802f71338
instanceKlass com/android/tools/r8/naming/b
instanceKlass  @bci com/android/tools/r8/dex/n0 a ()V 161 <appendix> member <vmtarget> ; # com/android/tools/r8/dex/n0$$Lambda+0x0000000802f70e70
instanceKlass  @bci com/android/tools/r8/dex/n0 a ()V 141 <appendix> member <vmtarget> ; # com/android/tools/r8/dex/n0$$Lambda+0x0000000802f70c08
instanceKlass  @bci com/android/tools/r8/dex/n0 a ()V 121 <appendix> member <vmtarget> ; # com/android/tools/r8/dex/n0$$Lambda+0x0000000802f709a0
instanceKlass  @bci com/android/tools/r8/dex/n0 a ()V 101 <appendix> member <vmtarget> ; # com/android/tools/r8/dex/n0$$Lambda+0x0000000802f70738
instanceKlass  @bci com/android/tools/r8/dex/n0 a ()V 81 <appendix> member <vmtarget> ; # com/android/tools/r8/dex/n0$$Lambda+0x0000000802f704d0
instanceKlass  @bci com/android/tools/r8/dex/n0 a ()V 58 <appendix> member <vmtarget> ; # com/android/tools/r8/dex/n0$$Lambda+0x0000000802f70268
instanceKlass  @bci com/android/tools/r8/dex/n0 a ()V 38 <appendix> member <vmtarget> ; # com/android/tools/r8/dex/n0$$Lambda+0x0000000802f70000
instanceKlass  @bci com/android/tools/r8/dex/n0 a (Ljava/util/Set;Ljava/util/function/Function;)V 3 <appendix> member <vmtarget> ; # com/android/tools/r8/dex/n0$$Lambda+0x0000000802f6c400
instanceKlass  @bci com/android/tools/r8/dex/n0 a ()V 18 <appendix> member <vmtarget> ; # com/android/tools/r8/dex/n0$$Lambda+0x0000000802f6cca0
instanceKlass  @bci com/android/tools/r8/dex/n0 a (Lcom/android/tools/r8/graph/I2;)Z 45 <appendix> member <vmtarget> ; # com/android/tools/r8/dex/n0$$Lambda+0x0000000802f6ca28
instanceKlass com/android/tools/r8/dex/m0
instanceKlass com/android/tools/r8/dex/n0
instanceKlass com/android/tools/r8/dex/s0
instanceKlass com/android/tools/r8/dex/M
instanceKlass  @bci com/android/tools/r8/internal/Ml0 b (Lcom/android/tools/r8/graph/y;)Lcom/android/tools/r8/internal/Ml0; 5 <appendix> member <vmtarget> ; # com/android/tools/r8/internal/Ml0$$Lambda+0x0000000802f6d4a0
instanceKlass com/android/tools/r8/startup/diagnostic/MissingStartupProfileItemsDiagnostic$a
instanceKlass  @bci com/android/tools/r8/dex/k a (Lcom/android/tools/r8/graph/E2;)V 6 <appendix> argL0 ; # com/android/tools/r8/dex/k$$Lambda+0x0000000802f6fdb0
instanceKlass  @bci com/android/tools/r8/dex/k a (Lcom/android/tools/r8/graph/E2;)V 1 <appendix> argL0 ; # com/android/tools/r8/dex/k$$Lambda+0x0000000802f6d000
instanceKlass  @bci com/android/tools/r8/dex/k b (Ljava/util/concurrent/ExecutorService;)V 13 <appendix> member <vmtarget> ; # com/android/tools/r8/dex/k$$Lambda+0x0000000802f6fb58
instanceKlass  @bci com/android/tools/r8/dex/k a ()V 1819 <appendix> member <vmtarget> ; # com/android/tools/r8/dex/k$$Lambda+0x0000000802f6f900
instanceKlass  @bci com/android/tools/r8/dex/k a ()V 1804 <appendix> member <vmtarget> ; # com/android/tools/r8/dex/k$$Lambda+0x0000000802f6f6a8
instanceKlass  @bci com/android/tools/r8/dex/k a (Lcom/android/tools/r8/internal/q7;Ljava/util/ArrayList;)V 68 <appendix> member <vmtarget> ; # com/android/tools/r8/dex/k$$Lambda+0x0000000802f6f440
instanceKlass  @bci com/android/tools/r8/dex/k a (Lcom/android/tools/r8/internal/q7;Ljava/util/ArrayList;)V 55 <appendix> argL0 ; # com/android/tools/r8/dex/k$$Lambda+0x0000000802f6f1e0
instanceKlass  @bci com/android/tools/r8/dex/k a (Lcom/android/tools/r8/internal/q7;Ljava/util/ArrayList;)V 47 <appendix> member <vmtarget> ; # com/android/tools/r8/dex/k$$Lambda+0x0000000802f6ef88
instanceKlass  @bci com/android/tools/r8/dex/k <init> (Lcom/android/tools/r8/graph/y;Lcom/android/tools/r8/dex/W;Lcom/android/tools/r8/n;)V 139 <appendix> member <vmtarget> ; # com/android/tools/r8/dex/k$$Lambda+0x0000000802f6ed20
instanceKlass  @bci com/android/tools/r8/D8 d (Lcom/android/tools/r8/utils/j;Lcom/android/tools/r8/utils/w;Ljava/util/concurrent/ExecutorService;)V 679 <appendix> member <vmtarget> ; # com/android/tools/r8/D8$$Lambda+0x0000000802f6ead8
instanceKlass com/android/tools/r8/internal/S2
instanceKlass com/android/tools/r8/internal/T2
instanceKlass com/android/tools/r8/internal/R2
instanceKlass  @bci com/android/tools/r8/D8 a (Lcom/android/tools/r8/graph/y;Lcom/android/tools/r8/internal/Gp0;Ljava/util/concurrent/ExecutorService;)V 80 <appendix> member <vmtarget> ; # com/android/tools/r8/D8$$Lambda+0x0000000802f6e000
instanceKlass  @bci com/android/tools/r8/D8 a (Lcom/android/tools/r8/graph/y;Lcom/android/tools/r8/internal/Gp0;Ljava/util/concurrent/ExecutorService;)V 67 <appendix> member <vmtarget> ; # com/android/tools/r8/D8$$Lambda+0x0000000802f6bb78
instanceKlass com/android/tools/r8/kotlin/Z
instanceKlass  @bci com/android/tools/r8/D8 a (Lcom/android/tools/r8/graph/y;Lcom/android/tools/r8/internal/Gp0;Ljava/util/concurrent/ExecutorService;)V 54 <appendix> member <vmtarget> ; # com/android/tools/r8/D8$$Lambda+0x0000000802f6b480
instanceKlass  @bci com/android/tools/r8/D8 a (Lcom/android/tools/r8/graph/y;Lcom/android/tools/r8/internal/Gp0;Ljava/util/concurrent/ExecutorService;)V 41 <appendix> member <vmtarget> ; # com/android/tools/r8/D8$$Lambda+0x0000000802f6b238
instanceKlass com/android/tools/r8/internal/t40
instanceKlass com/android/tools/r8/internal/qz
instanceKlass  @bci com/android/tools/r8/D8 a (Lcom/android/tools/r8/graph/y;Lcom/android/tools/r8/internal/Gp0;Ljava/util/concurrent/ExecutorService;)V 28 <appendix> member <vmtarget> ; # com/android/tools/r8/D8$$Lambda+0x0000000802f69b08
instanceKlass  @bci com/android/tools/r8/D8 a (Lcom/android/tools/r8/graph/y;Lcom/android/tools/r8/internal/Gp0;Ljava/util/concurrent/ExecutorService;)V 14 <appendix> member <vmtarget> ; # com/android/tools/r8/D8$$Lambda+0x0000000802f698c0
instanceKlass  @bci com/android/tools/r8/D8 d (Lcom/android/tools/r8/utils/j;Lcom/android/tools/r8/utils/w;Ljava/util/concurrent/ExecutorService;)V 418 <appendix> member <vmtarget> ; # com/android/tools/r8/D8$$Lambda+0x0000000802f69400
instanceKlass  @bci com/android/tools/r8/D8 d (Lcom/android/tools/r8/utils/j;Lcom/android/tools/r8/utils/w;Ljava/util/concurrent/ExecutorService;)V 399 <appendix> member <vmtarget> ; # com/android/tools/r8/D8$$Lambda+0x0000000802f691b8
instanceKlass  @bci com/android/tools/r8/D8 d (Lcom/android/tools/r8/utils/j;Lcom/android/tools/r8/utils/w;Ljava/util/concurrent/ExecutorService;)V 380 <appendix> member <vmtarget> ; # com/android/tools/r8/D8$$Lambda+0x0000000802f68f70
instanceKlass  @bci com/android/tools/r8/internal/Mh a (Lcom/android/tools/r8/graph/E2;Ljava/util/LinkedList;Ljava/util/LinkedList;Lcom/android/tools/r8/internal/Oh;)V 7 <appendix> member <vmtarget> ; # com/android/tools/r8/internal/Mh$$Lambda+0x0000000802f68d18
instanceKlass com/android/tools/r8/internal/Nh
instanceKlass  @bci com/android/tools/r8/internal/CQ a (Lcom/android/tools/r8/internal/YR;IZ)V 145 <appendix> member <vmtarget> ; # com/android/tools/r8/internal/CQ$$Lambda+0x0000000802f68880
instanceKlass  @cpi com/android/tools/r8/internal/CQ 473 form vmentry <vmtarget> ; # java/lang/invoke/LambdaForm$DMH+0x0000000802f6c000
instanceKlass  @bci com/android/tools/r8/internal/Me b (Lcom/android/tools/r8/internal/aA;)Lcom/android/tools/r8/internal/Xd; 515 <appendix> argL0 ; # com/android/tools/r8/internal/Me$$Lambda+0x0000000802f61c40
instanceKlass com/android/tools/r8/internal/nJ
instanceKlass  @bci com/android/tools/r8/internal/CQ a (Lcom/android/tools/r8/internal/mI;Lcom/android/tools/r8/internal/N5;)V 100 <appendix> argL0 ; # com/android/tools/r8/internal/CQ$$Lambda+0x0000000802f63b10
instanceKlass  @bci com/android/tools/r8/internal/aA A ()V 295 <appendix> member <vmtarget> ; # com/android/tools/r8/internal/aA$$Lambda+0x0000000802f638b8
instanceKlass  @bci com/android/tools/r8/internal/aA A ()V 278 <appendix> member <vmtarget> ; # com/android/tools/r8/internal/aA$$Lambda+0x0000000802f63660
instanceKlass  @bci com/android/tools/r8/internal/O5 a (Lcom/android/tools/r8/internal/K5;)V 4 <appendix> member <vmtarget> ; # com/android/tools/r8/internal/O5$$Lambda+0x0000000802f633e8
instanceKlass com/android/tools/r8/internal/js
instanceKlass org/jetbrains/kotlin/gradle/plugin/statistics/KotlinTaskExecutionMetrics
instanceKlass  @bci com/android/tools/r8/internal/r9 a (Lcom/android/tools/r8/internal/kq0;Lcom/android/tools/r8/internal/r9;Lcom/android/tools/r8/internal/R40;)Lcom/android/tools/r8/internal/r9; 3 <appendix> member <vmtarget> ; # com/android/tools/r8/internal/r9$$Lambda+0x0000000802f62d20
instanceKlass org/jetbrains/kotlin/gradle/report/TaskExecutionResult
instanceKlass org/jetbrains/kotlin/gradle/report/TaskExecutionInfo
instanceKlass org/jetbrains/kotlin/gradle/tasks/TasksUtilsKt$WhenMappings
instanceKlass org/jetbrains/kotlin/compilerRunner/ReportUtilsKt
instanceKlass  @bci com/android/tools/r8/internal/no b (Lcom/android/tools/r8/internal/ko0;)V 17 <appendix> argL0 ; # com/android/tools/r8/internal/no$$Lambda+0x0000000802f677d8
instanceKlass  @bci com/android/tools/r8/internal/no b (Lcom/android/tools/r8/internal/ko0;)V 9 <appendix> argL0 ; # com/android/tools/r8/internal/no$$Lambda+0x0000000802f67598
instanceKlass  @bci com/android/tools/r8/internal/no b (Lcom/android/tools/r8/internal/ko0;)V 1 <appendix> argL0 ; # com/android/tools/r8/internal/no$$Lambda+0x0000000802f67358
instanceKlass  @bci com/android/tools/r8/internal/no a (Lcom/android/tools/r8/internal/Yo;Lcom/android/tools/r8/internal/Qe;)I 6 <appendix> argL0 ; # com/android/tools/r8/internal/no$$Lambda+0x0000000802f67118
instanceKlass  @bci com/android/tools/r8/ir/optimize/t0 a (Lcom/android/tools/r8/internal/aA;Lcom/android/tools/r8/utils/w;)V 124 <appendix> argL0 ; # com/android/tools/r8/ir/optimize/t0$$Lambda+0x0000000802f66ea8
instanceKlass com/android/tools/r8/internal/Nm
instanceKlass  @bci com/android/tools/r8/internal/cw b (Lcom/android/tools/r8/internal/EX;)Z 79 <appendix> argL0 ; # com/android/tools/r8/internal/cw$$Lambda+0x0000000802f669d8
instanceKlass  @bci com/android/tools/r8/internal/sq a (Lcom/android/tools/r8/internal/ko0;)V 1 <appendix> argL0 ; # com/android/tools/r8/internal/sq$$Lambda+0x0000000802f66778
instanceKlass  @bci com/android/tools/r8/internal/io b (Lcom/android/tools/r8/internal/ko0;)V 11 <appendix> member <vmtarget> ; # com/android/tools/r8/internal/io$$Lambda+0x0000000802f66530
instanceKlass  @bci com/android/tools/r8/internal/io b (Lcom/android/tools/r8/internal/ko0;)V 2 <appendix> argL0 ; # com/android/tools/r8/internal/io$$Lambda+0x0000000802f662f0
instanceKlass  @bci com/android/tools/r8/internal/io a (Lcom/android/tools/r8/internal/Yo;Lcom/android/tools/r8/internal/Qe;)I 8 <appendix> member <vmtarget> ; # com/android/tools/r8/internal/io$$Lambda+0x0000000802f660a8
instanceKlass  @bci com/android/tools/r8/ir/optimize/e0 a (Lcom/android/tools/r8/internal/K5;Lcom/android/tools/r8/internal/CQ;Ljava/util/Set;Lcom/android/tools/r8/ir/optimize/Z;)V 282 <appendix> member <vmtarget> ; # com/android/tools/r8/ir/optimize/e0$$Lambda+0x0000000802f653f8
instanceKlass  @cpi com/android/tools/r8/ir/optimize/e0 241 form vmentry <vmtarget> ; # java/lang/invoke/LambdaForm$DMH+0x0000000802f61400
instanceKlass  @bci com/android/tools/r8/internal/go a (Lcom/android/tools/r8/internal/ko0;)V 9 <appendix> argL0 ; # com/android/tools/r8/internal/go$$Lambda+0x0000000802f651b8
instanceKlass  @bci com/android/tools/r8/internal/go a (Lcom/android/tools/r8/internal/ko0;)V 1 <appendix> argL0 ; # com/android/tools/r8/internal/go$$Lambda+0x0000000802f64f78
instanceKlass  @bci com/android/tools/r8/internal/go a (Lcom/android/tools/r8/internal/Yo;Lcom/android/tools/r8/internal/Qe;)I 6 <appendix> argL0 ; # com/android/tools/r8/internal/go$$Lambda+0x0000000802f64d38
instanceKlass org/jetbrains/kotlin/cli/common/messages/CompilerMessageLocationWithRange$Companion
instanceKlass org/jetbrains/kotlin/cli/common/messages/CompilerMessageLocationWithRange
instanceKlass org/jetbrains/kotlin/cli/common/messages/CompilerMessageSourceLocation
instanceKlass org/jetbrains/kotlin/gradle/logging/GradleBufferingMessageCollector$MessageData
instanceKlass org/jetbrains/kotlin/daemon/client/BasicCompilerServicesWithResultsFacadeServerKt$WhenMappings
instanceKlass org/jetbrains/kotlin/daemon/client/BasicCompilerServicesWithResultsFacadeServerKt
instanceKlass org/jetbrains/kotlin/compilerRunner/GradleCompilerServicesFacadeImpl$WhenMappings
instanceKlass org/jetbrains/kotlin/build/report/metrics/BuildMetrics$Companion
# instanceKlass java/lang/invoke/LambdaForm$MH+0x0000000802f60c00
# instanceKlass java/lang/invoke/LambdaForm$MH+0x0000000802f60800
# instanceKlass java/lang/invoke/LambdaForm$MH+0x0000000802f60400
instanceKlass org/jetbrains/kotlin/daemon/common/CompileIterationResult$Companion
instanceKlass org/jetbrains/kotlin/daemon/common/CompileIterationResult
instanceKlass  @bci com/android/tools/r8/internal/Ra a (Lcom/android/tools/r8/internal/r9;Lcom/android/tools/r8/graph/y;Lcom/android/tools/r8/internal/A8;)Lcom/android/tools/r8/internal/r9; 130 <appendix> member <vmtarget> ; # com/android/tools/r8/internal/Ra$$Lambda+0x0000000802f5f458
instanceKlass  @bci com/android/tools/r8/internal/Ra a (Lcom/android/tools/r8/internal/r9;Lcom/android/tools/r8/graph/y;Lcom/android/tools/r8/internal/A8;)Lcom/android/tools/r8/internal/r9; 124 <appendix> member <vmtarget> ; # com/android/tools/r8/internal/Ra$$Lambda+0x0000000802f5f210
instanceKlass  @bci com/android/tools/r8/internal/CQ a (IZ)I 22 <appendix> member <vmtarget> ; # com/android/tools/r8/internal/CQ$$Lambda+0x0000000802f5ef50
instanceKlass  @bci com/android/tools/r8/internal/ro a (Lcom/android/tools/r8/internal/ko0;)V 17 <appendix> argL0 ; # com/android/tools/r8/internal/ro$$Lambda+0x0000000802f5d4b0
instanceKlass  @bci com/android/tools/r8/internal/ro a (Lcom/android/tools/r8/internal/ko0;)V 9 <appendix> argL0 ; # com/android/tools/r8/internal/ro$$Lambda+0x0000000802f5d270
instanceKlass  @bci com/android/tools/r8/internal/ro a (Lcom/android/tools/r8/internal/ko0;)V 1 <appendix> argL0 ; # com/android/tools/r8/internal/ro$$Lambda+0x0000000802f5d030
instanceKlass  @bci com/android/tools/r8/internal/ro a (Lcom/android/tools/r8/internal/Yo;Lcom/android/tools/r8/internal/Qe;)I 6 <appendix> argL0 ; # com/android/tools/r8/internal/ro$$Lambda+0x0000000802f5cdf0
instanceKlass com/android/tools/r8/internal/yA
instanceKlass  @bci com/android/tools/r8/internal/cw a (Lcom/android/tools/r8/internal/vt0;)Z 1 <appendix> argL0 ; # com/android/tools/r8/internal/cw$$Lambda+0x0000000802f5c180
instanceKlass  @bci com/android/tools/r8/internal/aA a (Lcom/android/tools/r8/internal/Vz;Lcom/android/tools/r8/ir/optimize/a;)Z 169 <appendix> argL0 ; # com/android/tools/r8/internal/aA$$Lambda+0x0000000802f5bf30
instanceKlass  @bci com/android/tools/r8/internal/u9 a (Lcom/android/tools/r8/internal/S9;)V 70 <appendix> member <vmtarget> ; # com/android/tools/r8/internal/u9$$Lambda+0x0000000802f5bcb8
instanceKlass  @bci com/android/tools/r8/internal/r9 b (Lcom/android/tools/r8/internal/kq0;Lcom/android/tools/r8/internal/r9;Lcom/android/tools/r8/internal/R40;)Lcom/android/tools/r8/internal/r9; 3 <appendix> member <vmtarget> ; # com/android/tools/r8/internal/r9$$Lambda+0x0000000802f5a200
instanceKlass  @bci com/android/tools/r8/internal/r9 a (Lcom/android/tools/r8/internal/kq0;)Lcom/android/tools/r8/internal/r9; 2 <appendix> member <vmtarget> ; # com/android/tools/r8/internal/r9$$Lambda+0x0000000802f59fa8
instanceKlass  @bci com/android/tools/r8/internal/Ra a (Lcom/android/tools/r8/internal/r9;Lcom/android/tools/r8/graph/y;Lcom/android/tools/r8/internal/A8;)Lcom/android/tools/r8/internal/r9; 154 <appendix> member <vmtarget> ; # com/android/tools/r8/internal/Ra$$Lambda+0x0000000802f59d60
instanceKlass  @bci com/android/tools/r8/internal/vt0 a ()Lcom/android/tools/r8/ir/optimize/a; 10 <appendix> member <vmtarget> ; # com/android/tools/r8/internal/vt0$$Lambda+0x0000000802f59b08
instanceKlass  @bci com/android/tools/r8/internal/aA a (Lcom/android/tools/r8/ir/optimize/a;Ljava/util/function/Consumer;)V 57 <appendix> member <vmtarget> ; # com/android/tools/r8/internal/aA$$Lambda+0x0000000802f59898
instanceKlass com/android/tools/r8/internal/aX
instanceKlass com/android/tools/r8/internal/C0
instanceKlass com/android/tools/r8/internal/ZW
instanceKlass com/android/tools/r8/internal/Lh
instanceKlass  @bci com/android/tools/r8/internal/Uk0 b (ILcom/android/tools/r8/internal/YR;Lcom/android/tools/r8/internal/YR;)V 32 <appendix> argL0 ; # com/android/tools/r8/internal/Uk0$$Lambda+0x0000000802f556e0
instanceKlass com/android/tools/r8/internal/sX
instanceKlass  @bci com/android/tools/r8/ir/optimize/M a (Lcom/android/tools/r8/internal/aA;)V 579 <appendix> member <vmtarget> ; # com/android/tools/r8/ir/optimize/M$$Lambda+0x0000000802f534a8
instanceKlass  @bci com/android/tools/r8/ir/optimize/M a (Lcom/android/tools/r8/internal/aA;)V 559 <appendix> argL0 ; # com/android/tools/r8/ir/optimize/M$$Lambda+0x0000000802f531f0
instanceKlass  @bci com/android/tools/r8/ir/optimize/M a (Lcom/android/tools/r8/internal/aA;)V 549 <appendix> argL0 ; # com/android/tools/r8/ir/optimize/M$$Lambda+0x0000000802f52f80
instanceKlass  @bci com/android/tools/r8/ir/optimize/M a (Lcom/android/tools/r8/internal/aA;)V 446 <appendix> argL0 ; # com/android/tools/r8/ir/optimize/M$$Lambda+0x0000000802f52d20
instanceKlass com/android/tools/r8/internal/Um
instanceKlass  @bci com/android/tools/r8/internal/ib a (Ljava/util/function/BiFunction;Lcom/android/tools/r8/internal/H9;Lcom/android/tools/r8/internal/r9;)Lcom/android/tools/r8/internal/gq0; 11 <appendix> member <vmtarget> ; # com/android/tools/r8/internal/ib$$Lambda+0x0000000802f51a88
instanceKlass com/android/tools/r8/internal/hq0
instanceKlass  @bci com/android/tools/r8/internal/Uk0 a (ILcom/android/tools/r8/internal/YR;Lcom/android/tools/r8/internal/YR;)V 32 <appendix> argL0 ; # com/android/tools/r8/internal/Uk0$$Lambda+0x0000000802f4fd08
instanceKlass  @bci com/android/tools/r8/internal/Ra a (Lcom/android/tools/r8/internal/r9;Lcom/android/tools/r8/graph/y;Lcom/android/tools/r8/internal/A8;)Lcom/android/tools/r8/internal/r9; 180 <appendix> argL0 ; # com/android/tools/r8/internal/Ra$$Lambda+0x0000000802f4b198
instanceKlass  @bci com/android/tools/r8/internal/Ra a (Lcom/android/tools/r8/internal/r9;Lcom/android/tools/r8/graph/y;Lcom/android/tools/r8/internal/A8;)Lcom/android/tools/r8/internal/r9; 175 <appendix> argL0 ; # com/android/tools/r8/internal/Ra$$Lambda+0x0000000802f4af58
instanceKlass  @bci com/android/tools/r8/internal/Ra b (Lcom/android/tools/r8/internal/A8;Lcom/android/tools/r8/internal/r9;Lcom/android/tools/r8/internal/R40;)Lcom/android/tools/r8/internal/r9; 3 <appendix> member <vmtarget> ; # com/android/tools/r8/internal/Ra$$Lambda+0x0000000802f4ad00
instanceKlass  @bci com/android/tools/r8/internal/r9 a (Ljava/util/function/BiFunction;Ljava/util/function/BiFunction;)Lcom/android/tools/r8/internal/r9; 3 <appendix> member <vmtarget> ; # com/android/tools/r8/internal/r9$$Lambda+0x0000000802f4aaa8
instanceKlass  @bci com/android/tools/r8/internal/r9 a (Lcom/android/tools/r8/internal/kq0;Ljava/util/function/BiFunction;)Lcom/android/tools/r8/internal/r9; 2 <appendix> member <vmtarget> ; # com/android/tools/r8/internal/r9$$Lambda+0x0000000802f4a850
instanceKlass  @bci com/android/tools/r8/internal/Ra a (Lcom/android/tools/r8/internal/r9;Lcom/android/tools/r8/graph/y;Lcom/android/tools/r8/internal/A8;)Lcom/android/tools/r8/internal/r9; 110 <appendix> member <vmtarget> ; # com/android/tools/r8/internal/Ra$$Lambda+0x0000000802f4a5f8
instanceKlass  @bci com/android/tools/r8/internal/Ra a (Lcom/android/tools/r8/internal/r9;Lcom/android/tools/r8/graph/y;Lcom/android/tools/r8/internal/A8;)Lcom/android/tools/r8/internal/r9; 104 <appendix> member <vmtarget> ; # com/android/tools/r8/internal/Ra$$Lambda+0x0000000802f4a3b0
instanceKlass  @bci com/android/tools/r8/graph/J0$b a (Lcom/android/tools/r8/internal/ko0;)V 9 <appendix> argL0 ; # com/android/tools/r8/graph/J0$b$$Lambda+0x0000000802f4a150
instanceKlass  @bci com/android/tools/r8/graph/J0$b a (Lcom/android/tools/r8/internal/ko0;)V 1 <appendix> argL0 ; # com/android/tools/r8/graph/J0$b$$Lambda+0x0000000802f49f10
instanceKlass  @bci com/android/tools/r8/graph/J0$b m ()Lcom/android/tools/r8/internal/io0; 0 <appendix> argL0 ; # com/android/tools/r8/graph/J0$b$$Lambda+0x0000000802f49cd0
instanceKlass com/android/tools/r8/internal/TR
instanceKlass  @bci com/android/tools/r8/internal/Wm a (Lcom/android/tools/r8/internal/az;)Ljava/util/ArrayList; 305 <appendix> argL0 ; # com/android/tools/r8/internal/Wm$$Lambda+0x0000000802f48b68
instanceKlass com/android/tools/r8/internal/Vm
instanceKlass  @bci com/android/tools/r8/internal/xo a (Lcom/android/tools/r8/internal/ko0;)V 49 <appendix> argL0 ; # com/android/tools/r8/internal/xo$$Lambda+0x0000000802f486c0
instanceKlass  @bci com/android/tools/r8/internal/xo a (Lcom/android/tools/r8/internal/ko0;)V 41 <appendix> argL0 ; # com/android/tools/r8/internal/xo$$Lambda+0x0000000802f48480
instanceKlass  @bci com/android/tools/r8/internal/xo a (Lcom/android/tools/r8/internal/ko0;)V 33 <appendix> argL0 ; # com/android/tools/r8/internal/xo$$Lambda+0x0000000802f48240
instanceKlass  @bci com/android/tools/r8/internal/xo a (Lcom/android/tools/r8/internal/ko0;)V 25 <appendix> argL0 ; # com/android/tools/r8/internal/xo$$Lambda+0x0000000802f48000
instanceKlass  @bci com/android/tools/r8/internal/xo a (Lcom/android/tools/r8/internal/ko0;)V 17 <appendix> argL0 ; # com/android/tools/r8/internal/xo$$Lambda+0x0000000802f40400
instanceKlass  @bci com/android/tools/r8/internal/xo a (Lcom/android/tools/r8/internal/ko0;)V 9 <appendix> argL0 ; # com/android/tools/r8/internal/xo$$Lambda+0x0000000802f40c80
instanceKlass  @bci com/android/tools/r8/internal/xo a (Lcom/android/tools/r8/internal/ko0;)V 1 <appendix> argL0 ; # com/android/tools/r8/internal/xo$$Lambda+0x0000000802f40a40
instanceKlass  @bci com/android/tools/r8/internal/xo a (Lcom/android/tools/r8/internal/Yo;Lcom/android/tools/r8/internal/Qe;)I 6 <appendix> argL0 ; # com/android/tools/r8/internal/xo$$Lambda+0x0000000802f40800
instanceKlass  @bci com/android/tools/r8/internal/K5 i ()Lcom/android/tools/r8/internal/z8; 27 <appendix> member <vmtarget> ; # com/android/tools/r8/internal/K5$$Lambda+0x0000000802f41c08
instanceKlass  @bci com/android/tools/r8/internal/K5 n ()Ljava/util/List; 18 <appendix> member <vmtarget> ; # com/android/tools/r8/internal/K5$$Lambda+0x0000000802f419b0
instanceKlass com/android/tools/r8/internal/La
instanceKlass  @bci com/android/tools/r8/internal/Oa h ()Ljava/lang/Iterable; 22 <appendix> argL0 ; # com/android/tools/r8/internal/Oa$$Lambda+0x0000000802f41270
instanceKlass  @bci com/android/tools/r8/internal/Oa h ()Ljava/lang/Iterable; 12 <appendix> argL0 ; # com/android/tools/r8/internal/Oa$$Lambda+0x0000000802f41000
instanceKlass  @bci com/android/tools/r8/internal/Oa a (I)Lcom/android/tools/r8/internal/B40; 23 <appendix> member <vmtarget> ; # com/android/tools/r8/internal/Oa$$Lambda+0x0000000802f43b68
instanceKlass  @bci com/android/tools/r8/internal/Vz a (Lcom/android/tools/r8/internal/B40;Lcom/android/tools/r8/internal/rD;)V 294 <appendix> member <vmtarget> ; # com/android/tools/r8/internal/Vz$$Lambda+0x0000000802f43910
instanceKlass  @bci com/android/tools/r8/internal/H8 a (Lcom/android/tools/r8/internal/r9;Lcom/android/tools/r8/graph/y;Lcom/android/tools/r8/internal/A8;)Lcom/android/tools/r8/internal/r9; 27 <appendix> member <vmtarget> ; # com/android/tools/r8/internal/H8$$Lambda+0x0000000802f3fbf0
instanceKlass com/android/tools/r8/internal/jc0
instanceKlass  @bci com/android/tools/r8/graph/B1 e (I)Lcom/android/tools/r8/graph/Q0; 15 <appendix> argL0 ; # com/android/tools/r8/graph/B1$$Lambda+0x0000000802f3f308
instanceKlass  @bci com/android/tools/r8/internal/L5 a (Lcom/android/tools/r8/internal/vt0;Lcom/android/tools/r8/internal/B40;Lcom/android/tools/r8/internal/M5;Lcom/android/tools/r8/internal/sD;Ljava/util/Set;)Z 544 <appendix> member <vmtarget> ; # com/android/tools/r8/internal/L5$$Lambda+0x0000000802f3eca0
instanceKlass  @bci com/android/tools/r8/internal/C9 a (Lcom/android/tools/r8/internal/r9;Lcom/android/tools/r8/graph/y;Lcom/android/tools/r8/internal/A8;)Lcom/android/tools/r8/internal/r9; 10 <appendix> argL0 ; # com/android/tools/r8/internal/C9$$Lambda+0x0000000802f3ea50
instanceKlass com/android/tools/r8/internal/u10
instanceKlass  @bci com/android/tools/r8/internal/Vk0 a (Ljava/util/ArrayList;)Ljava/util/LinkedHashMap; 278 <appendix> member <vmtarget> ; # com/android/tools/r8/internal/Vk0$$Lambda+0x0000000802f3d100
instanceKlass  @cpi com/android/tools/r8/internal/Vk0 248 form vmentry <vmtarget> ; # java/lang/invoke/LambdaForm$DMH+0x0000000802f40000
instanceKlass  @bci com/android/tools/r8/graph/B1 a (I)Lcom/android/tools/r8/graph/N0; 15 <appendix> argL0 ; # com/android/tools/r8/graph/B1$$Lambda+0x0000000802f3cea0
instanceKlass com/android/tools/r8/internal/eZ
instanceKlass com/android/tools/r8/internal/HA
instanceKlass  @bci com/android/tools/r8/internal/y7 a (Lcom/android/tools/r8/internal/aA;Lcom/android/tools/r8/internal/K5;Lcom/android/tools/r8/internal/zA;)Z 78 <appendix> argL0 ; # com/android/tools/r8/internal/y7$$Lambda+0x0000000802f3c3f0
instanceKlass  @bci com/android/tools/r8/internal/B9 a (Ljava/util/function/BiFunction;Lcom/android/tools/r8/internal/H9;Lcom/android/tools/r8/internal/r9;)Lcom/android/tools/r8/internal/gq0; 16 <appendix> member <vmtarget> ; # com/android/tools/r8/internal/B9$$Lambda+0x0000000802f3b7c8
instanceKlass com/android/tools/r8/internal/wZ
instanceKlass  @bci com/android/tools/r8/internal/r9 h ()Lcom/android/tools/r8/internal/r9; 1 <appendix> argL0 ; # com/android/tools/r8/internal/r9$$Lambda+0x0000000802f369c0
instanceKlass com/android/tools/r8/internal/m
instanceKlass  @bci com/android/tools/r8/internal/r9 b (Ljava/util/function/BiFunction;)Lcom/android/tools/r8/internal/r9; 2 <appendix> member <vmtarget> ; # com/android/tools/r8/internal/r9$$Lambda+0x0000000802f36540
instanceKlass  @bci com/android/tools/r8/internal/fb a (Lcom/android/tools/r8/internal/r9;Lcom/android/tools/r8/graph/y;Lcom/android/tools/r8/internal/A8;)Lcom/android/tools/r8/internal/r9; 13 <appendix> member <vmtarget> ; # com/android/tools/r8/internal/fb$$Lambda+0x0000000802f362e8
instanceKlass com/android/tools/r8/utils/a
instanceKlass  @bci com/android/tools/r8/ir/optimize/t0 a (Lcom/android/tools/r8/graph/y;Lcom/android/tools/r8/internal/aA;)Z 79 <appendix> argL0 ; # com/android/tools/r8/ir/optimize/t0$$Lambda+0x0000000802f35e50
instanceKlass  @bci com/android/tools/r8/internal/vt0 S ()Z 28 <appendix> argL0 ; # com/android/tools/r8/internal/vt0$$Lambda+0x0000000802f35be0
instanceKlass  @bci com/android/tools/r8/graph/B1 d (I)Lcom/android/tools/r8/graph/P0; 15 <appendix> argL0 ; # com/android/tools/r8/graph/B1$$Lambda+0x0000000802f32040
instanceKlass  @bci com/android/tools/r8/graph/B1 b (I)Lcom/android/tools/r8/graph/O0$a; 15 <appendix> argL0 ; # com/android/tools/r8/graph/B1$$Lambda+0x0000000802f2fd38
instanceKlass  @bci com/android/tools/r8/ir/optimize/e0 a (Lcom/android/tools/r8/internal/aA;Lcom/android/tools/r8/internal/ic0;I)V 305 <appendix> argL0 ; # com/android/tools/r8/ir/optimize/e0$$Lambda+0x0000000802f2dd98
instanceKlass com/android/tools/r8/internal/nn
instanceKlass  @bci com/android/tools/r8/internal/Bt0 a (Lcom/android/tools/r8/internal/vt0;Lcom/android/tools/r8/internal/vt0;)V 33 <appendix> argL0 ; # com/android/tools/r8/internal/Bt0$$Lambda+0x0000000802f2d608
instanceKlass  @bci com/android/tools/r8/internal/Bt0 a (Lcom/android/tools/r8/internal/vt0;Lcom/android/tools/r8/internal/vt0;)V 6 <appendix> argL0 ; # com/android/tools/r8/internal/Bt0$$Lambda+0x0000000802f2d3c8
instanceKlass  @bci com/android/tools/r8/internal/M5 <init> (Lcom/android/tools/r8/internal/K5;Lcom/android/tools/r8/internal/rD;)V 17 <appendix> member <vmtarget> ; # com/android/tools/r8/internal/M5$$Lambda+0x0000000802f2d150
instanceKlass  @bci com/android/tools/r8/internal/K5 a (Lcom/android/tools/r8/internal/rD;)Ljava/lang/Iterable; 2 <appendix> member <vmtarget> ; # com/android/tools/r8/internal/K5$$Lambda+0x0000000802f2cee8
instanceKlass  @bci com/android/tools/r8/ir/optimize/s0 a (Lcom/android/tools/r8/graph/j;Lcom/android/tools/r8/graph/D5;Lcom/android/tools/r8/internal/aA;)Ljava/util/Set; 146 <appendix> member <vmtarget> ; # com/android/tools/r8/ir/optimize/s0$$Lambda+0x0000000802f2ca30
instanceKlass  @bci com/android/tools/r8/internal/F1 c (Lcom/android/tools/r8/graph/J2;)Lcom/android/tools/r8/internal/Zj0; 5 <appendix> argL0 ; # com/android/tools/r8/internal/F1$$Lambda+0x0000000802f2c2f0
instanceKlass  @bci com/android/tools/r8/internal/T3 c (Lcom/android/tools/r8/internal/qZ;)Lcom/android/tools/r8/internal/T3; 20 <appendix> member <vmtarget> ; # com/android/tools/r8/internal/T3$$Lambda+0x0000000802f2ab48
instanceKlass  @bci com/android/tools/r8/internal/Nf g ()Lcom/android/tools/r8/internal/r9; 1 <appendix> argL0 ; # com/android/tools/r8/internal/Nf$$Lambda+0x0000000802f29eb8
instanceKlass  @bci com/android/tools/r8/internal/Dt0 a (Lcom/android/tools/r8/internal/Vu0;Lcom/android/tools/r8/internal/I6;)Lcom/android/tools/r8/internal/vt0; 228 <appendix> member <vmtarget> ; # com/android/tools/r8/internal/Dt0$$Lambda+0x0000000802f29c60
instanceKlass  @bci com/android/tools/r8/internal/OI b (Ljava/lang/Object;)Ljava/lang/Iterable; 1 <appendix> member <vmtarget> ; # com/android/tools/r8/internal/OI$$Lambda+0x0000000802f299f8
instanceKlass  @bci com/android/tools/r8/internal/Q3 a (Lcom/android/tools/r8/graph/y;Lcom/android/tools/r8/internal/aA;)Lcom/android/tools/r8/ir/optimize/E; 21 <appendix> argL0 ; # com/android/tools/r8/internal/Q3$$Lambda+0x0000000802f29788
instanceKlass  @bci com/android/tools/r8/internal/Q3 a (Lcom/android/tools/r8/graph/y;Lcom/android/tools/r8/graph/D5;Lcom/android/tools/r8/internal/L1;Lcom/android/tools/r8/internal/qD;)Z 9 <appendix> argL0 ; # com/android/tools/r8/internal/Q3$$Lambda+0x0000000802f29518
instanceKlass  @bci com/android/tools/r8/internal/bw b (Lcom/android/tools/r8/graph/Z3;)V 5 <appendix> argL0 ; # com/android/tools/r8/internal/bw$$Lambda+0x0000000802f292c8
instanceKlass  @bci com/android/tools/r8/internal/cw a (Lcom/android/tools/r8/internal/aA;Lcom/android/tools/r8/internal/N5;Lcom/android/tools/r8/internal/CX;Lcom/android/tools/r8/internal/vt0;Lcom/android/tools/r8/internal/bw;)Lcom/android/tools/r8/internal/vt0; 277 <appendix> argL0 ; # com/android/tools/r8/internal/cw$$Lambda+0x0000000802f29058
instanceKlass  @bci com/android/tools/r8/internal/bw a (Lcom/android/tools/r8/internal/vt0;)Lcom/android/tools/r8/internal/vt0; 83 <appendix> argL0 ; # com/android/tools/r8/internal/bw$$Lambda+0x0000000802f28de8
instanceKlass  @bci com/android/tools/r8/internal/cw a (Lcom/android/tools/r8/internal/aA;Lcom/android/tools/r8/internal/N5;Lcom/android/tools/r8/internal/CX;Lcom/android/tools/r8/internal/vt0;Lcom/android/tools/r8/internal/bw;)Lcom/android/tools/r8/internal/vt0; 32 <appendix> argL0 ; # com/android/tools/r8/internal/cw$$Lambda+0x0000000802f28b78
instanceKlass  @bci com/android/tools/r8/internal/bw a (Lcom/android/tools/r8/graph/Z3;)V 5 <appendix> argL0 ; # com/android/tools/r8/internal/bw$$Lambda+0x0000000802f28928
instanceKlass  @bci com/android/tools/r8/internal/bw <init> (Lcom/android/tools/r8/utils/w$p;Lcom/android/tools/r8/internal/EX;)V 117 <appendix> argL0 ; # com/android/tools/r8/internal/bw$$Lambda+0x0000000802f27ba0
instanceKlass com/android/tools/r8/internal/bw
instanceKlass com/android/tools/r8/internal/cw
instanceKlass  @bci com/android/tools/r8/internal/F1 a (I)Lcom/android/tools/r8/internal/gP; 8 <appendix> argL0 ; # com/android/tools/r8/internal/F1$$Lambda+0x0000000802f274e0
instanceKlass  @bci com/android/tools/r8/internal/F1 a (Lcom/android/tools/r8/graph/I2;)Lcom/android/tools/r8/internal/nk0; 5 <appendix> argL0 ; # com/android/tools/r8/internal/F1$$Lambda+0x0000000802f27280
instanceKlass com/android/tools/r8/graph/M2
instanceKlass com/android/tools/r8/internal/Lt0
instanceKlass com/android/tools/r8/internal/is
instanceKlass  @bci com/android/tools/r8/internal/ks <clinit> ()V 0 <appendix> argL0 ; # com/android/tools/r8/internal/ks$$Lambda+0x0000000802f25fd0
instanceKlass com/android/tools/r8/internal/ks
instanceKlass com/android/tools/r8/internal/Mt0
instanceKlass  @bci com/android/tools/r8/internal/Dd c (Lcom/android/tools/r8/internal/qZ;)Lcom/android/tools/r8/internal/Dd; 20 <appendix> member <vmtarget> ; # com/android/tools/r8/internal/Dd$$Lambda+0x0000000802f20000
instanceKlass com/android/tools/r8/graph/j3
instanceKlass  @bci com/android/tools/r8/internal/r9 c (Ljava/util/function/BiFunction;)Lcom/android/tools/r8/internal/r9; 2 <appendix> member <vmtarget> ; # com/android/tools/r8/internal/r9$$Lambda+0x0000000802f1c958
instanceKlass  @bci com/android/tools/r8/internal/Ra a (Lcom/android/tools/r8/internal/r9;Lcom/android/tools/r8/graph/y;Lcom/android/tools/r8/internal/A8;)Lcom/android/tools/r8/internal/r9; 165 <appendix> member <vmtarget> ; # com/android/tools/r8/internal/Ra$$Lambda+0x0000000802f1c700
instanceKlass com/android/tools/r8/internal/Qa
instanceKlass  @bci com/android/tools/r8/internal/T3 a (Lcom/android/tools/r8/internal/sr0;Lcom/android/tools/r8/internal/qZ;)Lcom/android/tools/r8/internal/T3; 3 <appendix> member <vmtarget> ; # com/android/tools/r8/internal/T3$$Lambda+0x0000000802f1b890
instanceKlass  @bci com/android/tools/r8/ir/optimize/z a (Lcom/android/tools/r8/internal/rD;)Z 390 <appendix> argL0 ; # com/android/tools/r8/ir/optimize/z$$Lambda+0x0000000802f1b620
instanceKlass  @bci com/android/tools/r8/internal/r9 b (Lcom/android/tools/r8/graph/y;Lcom/android/tools/r8/graph/J2;Lcom/android/tools/r8/internal/A8;Ljava/util/function/BiFunction;)Lcom/android/tools/r8/internal/r9; 15 <appendix> member <vmtarget> ; # com/android/tools/r8/internal/r9$$Lambda+0x0000000802f15340
instanceKlass  @bci com/android/tools/r8/internal/F9 a (Lcom/android/tools/r8/internal/r9;Lcom/android/tools/r8/graph/y;Lcom/android/tools/r8/internal/A8;)Lcom/android/tools/r8/internal/r9; 24 <appendix> member <vmtarget> ; # com/android/tools/r8/internal/F9$$Lambda+0x0000000802f150e8
instanceKlass com/android/tools/r8/internal/Lm
instanceKlass com/android/tools/r8/internal/KF
instanceKlass com/android/tools/r8/internal/nS
instanceKlass com/android/tools/r8/internal/Rd
instanceKlass com/android/tools/r8/internal/QZ
instanceKlass com/android/tools/r8/internal/E3
instanceKlass  @bci com/android/tools/r8/ir/optimize/e0 a (Lcom/android/tools/r8/internal/aA;Lcom/android/tools/r8/internal/ic0;I)V 227 <appendix> argL0 ; # com/android/tools/r8/ir/optimize/e0$$Lambda+0x0000000802f0e8b0
instanceKlass com/android/tools/r8/internal/F5
instanceKlass com/android/tools/r8/internal/kc0
instanceKlass  @bci com/android/tools/r8/internal/Uk0 a (Ljava/util/Set;Ljava/util/Set;Ljava/util/Set;)V 5 <appendix> member <vmtarget> ; # com/android/tools/r8/internal/Uk0$$Lambda+0x0000000802f0e1d0
instanceKlass  @bci com/android/tools/r8/internal/Uk0 a (Ljava/util/Set;)V 2 <appendix> member <vmtarget> ; # com/android/tools/r8/internal/Uk0$$Lambda+0x0000000802f0df58
instanceKlass  @bci com/android/tools/r8/internal/Uk0 c (ILcom/android/tools/r8/internal/YR;Lcom/android/tools/r8/internal/YR;)V 151 <appendix> argL0 ; # com/android/tools/r8/internal/Uk0$$Lambda+0x0000000802f0dcf8
instanceKlass com/android/tools/r8/internal/Tk0
instanceKlass com/android/tools/r8/internal/EQ
instanceKlass  @bci com/android/tools/r8/internal/Bn a (Lcom/android/tools/r8/internal/aA;Lcom/android/tools/r8/internal/K5;Lcom/android/tools/r8/internal/LP;Ljava/util/IdentityHashMap;Ljava/util/function/Predicate;)V 987 <appendix> argL0 ; # com/android/tools/r8/internal/Bn$$Lambda+0x0000000802f0d640
instanceKlass  @bci com/android/tools/r8/ir/optimize/z a ()V 1114 <appendix> argL0 ; # com/android/tools/r8/ir/optimize/z$$Lambda+0x0000000802f0d3d0
instanceKlass  @bci com/android/tools/r8/internal/N5 <init> (Lcom/android/tools/r8/internal/hA;Lcom/android/tools/r8/internal/K5;Lcom/android/tools/r8/internal/rD;)V 8 <appendix> member <vmtarget> ; # com/android/tools/r8/internal/N5$$Lambda+0x0000000802f0d158
instanceKlass com/android/tools/r8/internal/J00
instanceKlass com/android/tools/r8/internal/L00
instanceKlass  @bci com/android/tools/r8/ir/optimize/z a ()V 260 <appendix> argL0 ; # com/android/tools/r8/ir/optimize/z$$Lambda+0x0000000802f0c690
instanceKlass  @bci com/android/tools/r8/ir/optimize/z a ()V 250 <appendix> argL0 ; # com/android/tools/r8/ir/optimize/z$$Lambda+0x0000000802f0c420
instanceKlass  @bci com/android/tools/r8/ir/optimize/z a ()V 143 <appendix> argL0 ; # com/android/tools/r8/ir/optimize/z$$Lambda+0x0000000802f0b940
instanceKlass com/android/tools/r8/internal/Bt0
instanceKlass  @bci com/android/tools/r8/internal/Vk0 c (Lcom/android/tools/r8/internal/aA;)Ljava/util/ArrayList; 12 <appendix> argL0 ; # com/android/tools/r8/internal/Vk0$$Lambda+0x0000000802f0b238
instanceKlass  @bci com/android/tools/r8/internal/L5 a (Lcom/android/tools/r8/internal/vt0;Lcom/android/tools/r8/internal/B40;Lcom/android/tools/r8/internal/M5;Lcom/android/tools/r8/internal/sD;Ljava/util/Set;)Z 92 <appendix> member <vmtarget> ; # com/android/tools/r8/internal/L5$$Lambda+0x0000000802f0afc0
instanceKlass  @bci com/android/tools/r8/internal/L5 a (Lcom/android/tools/r8/internal/sD;Lcom/android/tools/r8/internal/vt0;Lcom/android/tools/r8/internal/B40;Ljava/util/function/Predicate;)Lcom/android/tools/r8/internal/rD; 6 <appendix> member <vmtarget> ; # com/android/tools/r8/internal/L5$$Lambda+0x0000000802f0ad48
instanceKlass  @bci com/android/tools/r8/internal/L5 a (Lcom/android/tools/r8/internal/vt0;Lcom/android/tools/r8/internal/B40;Lcom/android/tools/r8/internal/M5;Lcom/android/tools/r8/internal/sD;Ljava/util/Set;)Z 3 <appendix> member <vmtarget> ; # com/android/tools/r8/internal/L5$$Lambda+0x0000000802f0aad0
instanceKlass com/android/tools/r8/internal/Fi
instanceKlass  @bci com/android/tools/r8/internal/y7 a (Lcom/android/tools/r8/internal/aA;Lcom/android/tools/r8/internal/K5;)Z 55 <appendix> argL0 ; # com/android/tools/r8/internal/y7$$Lambda+0x0000000802f0a618
instanceKlass  @bci com/android/tools/r8/internal/Qk0 a (Ljava/util/List;Lcom/android/tools/r8/ir/optimize/a;Lcom/android/tools/r8/internal/I6;Ljava/util/Map$Entry;)V 40 <appendix> argL0 ; # com/android/tools/r8/internal/Qk0$$Lambda+0x0000000802f0a3a8
instanceKlass  @bci com/android/tools/r8/internal/F1 a (J)Lcom/android/tools/r8/internal/hk0; 8 <appendix> argL0 ; # com/android/tools/r8/internal/F1$$Lambda+0x0000000802f0a148
instanceKlass com/android/tools/r8/internal/Tz
instanceKlass com/android/tools/r8/internal/t9
instanceKlass com/android/tools/r8/internal/rr0
instanceKlass  @bci com/android/tools/r8/internal/Oa a (Lcom/android/tools/r8/internal/q9;)V 49 <appendix> member <vmtarget> ; # com/android/tools/r8/internal/Oa$$Lambda+0x0000000802f01228
instanceKlass com/android/tools/r8/internal/b1
instanceKlass com/android/tools/r8/internal/F10
instanceKlass com/android/tools/r8/internal/P10
instanceKlass com/android/tools/r8/internal/bk0
instanceKlass com/android/tools/r8/internal/Bu0
instanceKlass com/android/tools/r8/internal/B50
instanceKlass  @bci com/android/tools/r8/internal/z9 a (Ljava/util/function/BiFunction;Lcom/android/tools/r8/internal/H9;Lcom/android/tools/r8/internal/r9;)Lcom/android/tools/r8/internal/gq0; 16 <appendix> member <vmtarget> ; # com/android/tools/r8/internal/z9$$Lambda+0x0000000802ef3cf0
instanceKlass  @bci com/android/tools/r8/internal/u9 a ()I 1214 <appendix> member <vmtarget> ; # com/android/tools/r8/internal/u9$$Lambda+0x0000000802ef3a98
instanceKlass  @bci com/android/tools/r8/internal/r9 a (Lcom/android/tools/r8/graph/y;Lcom/android/tools/r8/internal/A8;Lcom/android/tools/r8/internal/It0;)Lcom/android/tools/r8/internal/r9; 4 <appendix> argL0 ; # com/android/tools/r8/internal/r9$$Lambda+0x0000000802ef3848
instanceKlass  @bci com/android/tools/r8/internal/fb a (Lcom/android/tools/r8/internal/r9;Lcom/android/tools/r8/graph/y;Lcom/android/tools/r8/internal/A8;)Lcom/android/tools/r8/internal/r9; 60 <appendix> member <vmtarget> ; # com/android/tools/r8/internal/fb$$Lambda+0x0000000802ef35f0
instanceKlass com/android/tools/r8/internal/TZ
instanceKlass  @bci com/android/tools/r8/internal/rD b1 ()Z 1 <appendix> argL0 ; # com/android/tools/r8/internal/rD$$Lambda+0x0000000802ef2000
instanceKlass  @bci com/android/tools/r8/internal/CQ a (Lcom/android/tools/r8/internal/YR;IZLcom/android/tools/r8/internal/nc0;Lcom/android/tools/r8/internal/lc0;)I 100 <appendix> member <vmtarget> ; # com/android/tools/r8/internal/CQ$$Lambda+0x0000000802ef0ec0
instanceKlass  @bci com/android/tools/r8/internal/CQ a (Lcom/android/tools/r8/internal/YR;IZLcom/android/tools/r8/internal/nc0;Lcom/android/tools/r8/internal/lc0;)I 93 <appendix> member <vmtarget> ; # com/android/tools/r8/internal/CQ$$Lambda+0x0000000802ef0c48
instanceKlass  @bci com/android/tools/r8/internal/CQ a (Lcom/android/tools/r8/internal/YR;IZLcom/android/tools/r8/internal/nc0;Lcom/android/tools/r8/internal/lc0;)I 72 <appendix> member <vmtarget> ; # com/android/tools/r8/internal/CQ$$Lambda+0x0000000802ef09d0
instanceKlass  @bci com/android/tools/r8/internal/CQ a (Lcom/android/tools/r8/internal/YR;IZLcom/android/tools/r8/internal/nc0;Lcom/android/tools/r8/internal/lc0;)I 65 <appendix> member <vmtarget> ; # com/android/tools/r8/internal/CQ$$Lambda+0x0000000802ef0758
instanceKlass  @bci com/android/tools/r8/internal/CQ a (Lcom/android/tools/r8/internal/YR;IZLcom/android/tools/r8/internal/nc0;Lcom/android/tools/r8/internal/lc0;)I 44 <appendix> member <vmtarget> ; # com/android/tools/r8/internal/CQ$$Lambda+0x0000000802ef04e0
instanceKlass  @bci com/android/tools/r8/internal/CQ a (Lcom/android/tools/r8/internal/YR;IZLcom/android/tools/r8/internal/nc0;Lcom/android/tools/r8/internal/lc0;)I 37 <appendix> member <vmtarget> ; # com/android/tools/r8/internal/CQ$$Lambda+0x0000000802ef0268
instanceKlass  @bci com/android/tools/r8/internal/W5 a ()Ljava/util/function/BiPredicate; 0 <appendix> argL0 ; # com/android/tools/r8/internal/W5$$Lambda+0x0000000802ee8400
instanceKlass com/android/tools/r8/internal/W5
instanceKlass  @bci com/android/tools/r8/internal/Qk0 b (Lcom/android/tools/r8/internal/rD;)V 69 <appendix> member <vmtarget> ; # com/android/tools/r8/internal/Qk0$$Lambda+0x0000000802ee8a70
instanceKlass  @bci com/android/tools/r8/internal/or0 a (Lcom/android/tools/r8/internal/vt0;Lcom/android/tools/r8/internal/sr0;)V 28 <appendix> argL0 ; # com/android/tools/r8/internal/or0$$Lambda+0x0000000802ee8800
instanceKlass com/android/tools/r8/graph/Z0
instanceKlass com/android/tools/r8/internal/cF
instanceKlass com/android/tools/r8/graph/U0
instanceKlass com/android/tools/r8/internal/j8
instanceKlass com/android/tools/r8/internal/Km
instanceKlass com/android/tools/r8/internal/g8
instanceKlass com/android/tools/r8/internal/Xz
instanceKlass com/android/tools/r8/internal/Wm
instanceKlass  @bci com/android/tools/r8/ir/optimize/a0 a (Lcom/android/tools/r8/internal/rD;)Z 246 <appendix> member <vmtarget> ; # com/android/tools/r8/ir/optimize/a0$$Lambda+0x0000000802ee6828
instanceKlass  @cpi com/android/tools/r8/ir/optimize/a0 87 form vmentry <vmtarget> ; # java/lang/invoke/LambdaForm$DMH+0x0000000802ee8000
instanceKlass com/android/tools/r8/ir/optimize/a0
instanceKlass com/android/tools/r8/ir/optimize/e0
instanceKlass  @bci com/android/tools/r8/internal/rD a (Lcom/android/tools/r8/internal/rD;)V 36 <appendix> argL0 ; # com/android/tools/r8/internal/rD$$Lambda+0x0000000802ee5940
instanceKlass  @bci com/android/tools/r8/internal/rD a (Lcom/android/tools/r8/internal/rD;)V 18 <appendix> argL0 ; # com/android/tools/r8/internal/rD$$Lambda+0x0000000802ee56f0
instanceKlass  @bci com/android/tools/r8/internal/K5 b ()V 9 <appendix> argL0 ; # com/android/tools/r8/internal/K5$$Lambda+0x0000000802ee54a0
instanceKlass  @bci com/android/tools/r8/internal/CQ f ()V 7 <appendix> argL0 ; # com/android/tools/r8/internal/CQ$$Lambda+0x0000000802ee5250
instanceKlass  @bci com/android/tools/r8/internal/CQ a (Lcom/android/tools/r8/internal/aA;Lcom/android/tools/r8/internal/cB;Ljava/util/ArrayList;Lcom/android/tools/r8/internal/ic0;Ljava/util/IdentityHashMap;)V 572 <appendix> member <vmtarget> ; # com/android/tools/r8/internal/CQ$$Lambda+0x0000000802ee4fd8
instanceKlass  @bci com/android/tools/r8/internal/CQ a (Lcom/android/tools/r8/internal/aA;Lcom/android/tools/r8/internal/cB;Ljava/util/ArrayList;Lcom/android/tools/r8/internal/ic0;Ljava/util/IdentityHashMap;)V 544 <appendix> argL0 ; # com/android/tools/r8/internal/CQ$$Lambda+0x0000000802ee4d68
instanceKlass  @bci com/android/tools/r8/internal/Yi0 a (Ljava/lang/Iterable;)Ljava/util/Set; 11 <appendix> member <vmtarget> ; # com/android/tools/r8/internal/Yi0$$Lambda+0x0000000802ee4b10
instanceKlass  @bci com/android/tools/r8/internal/CQ a (Lcom/android/tools/r8/internal/aA;Lcom/android/tools/r8/internal/cB;Ljava/util/ArrayList;Lcom/android/tools/r8/internal/ic0;Ljava/util/IdentityHashMap;)V 269 <appendix> argL0 ; # com/android/tools/r8/internal/CQ$$Lambda+0x0000000802ee4858
instanceKlass com/android/tools/r8/internal/BQ
instanceKlass  @bci com/android/tools/r8/internal/CQ a (Lcom/android/tools/r8/internal/aA;Lcom/android/tools/r8/internal/cB;Ljava/util/ArrayList;Lcom/android/tools/r8/internal/ic0;Ljava/util/IdentityHashMap;)V 180 <appendix> argL0 ; # com/android/tools/r8/internal/CQ$$Lambda+0x0000000802ee43d0
instanceKlass  @bci com/android/tools/r8/internal/Uk0 a (I)I 127 <appendix> member <vmtarget> ; # com/android/tools/r8/internal/Uk0$$Lambda+0x0000000802ee4158
instanceKlass com/android/tools/r8/internal/Uk0
instanceKlass  @bci com/android/tools/r8/internal/vt0 I ()Z 1 <appendix> argL0 ; # com/android/tools/r8/internal/vt0$$Lambda+0x0000000802ee3cb8
instanceKlass com/android/tools/r8/internal/ZR
instanceKlass  @bci com/android/tools/r8/internal/CQ a (Lcom/android/tools/r8/graph/y;Lcom/android/tools/r8/internal/aA;Ljava/util/IdentityHashMap;Ljava/util/ArrayList;)V 882 <appendix> argL0 ; # com/android/tools/r8/internal/CQ$$Lambda+0x0000000802ee37c0
instanceKlass com/android/tools/r8/internal/Zz
instanceKlass  @bci com/android/tools/r8/internal/aA d ()Ljava/util/IdentityHashMap; 740 <appendix> argL0 ; # com/android/tools/r8/internal/aA$$Lambda+0x0000000802ee2fb0
instanceKlass com/android/tools/r8/internal/bS
instanceKlass com/android/tools/r8/internal/YR
instanceKlass com/android/tools/r8/internal/M5
instanceKlass com/android/tools/r8/internal/mc0
instanceKlass com/android/tools/r8/internal/YW
instanceKlass com/android/tools/r8/internal/CQ
instanceKlass  @bci com/android/tools/r8/ir/optimize/t0 a (Lcom/android/tools/r8/internal/aA;Lcom/android/tools/r8/utils/w;)V 70 <appendix> argL0 ; # com/android/tools/r8/ir/optimize/t0$$Lambda+0x0000000802ee0248
instanceKlass  @bci com/android/tools/r8/ir/optimize/t0 a (Lcom/android/tools/r8/internal/aA;Lcom/android/tools/r8/utils/w;)V 28 <appendix> member <vmtarget> ; # com/android/tools/r8/ir/optimize/t0$$Lambda+0x0000000802ee0000
instanceKlass com/android/tools/r8/ir/optimize/t0
instanceKlass com/android/tools/r8/internal/ic0
instanceKlass com/android/tools/r8/internal/i8$a
instanceKlass com/android/tools/r8/internal/i8
instanceKlass com/android/tools/r8/ir/optimize/L
instanceKlass  @bci com/android/tools/r8/ir/optimize/s0 a (Lcom/android/tools/r8/graph/j;Lcom/android/tools/r8/graph/D5;Lcom/android/tools/r8/internal/aA;)Ljava/util/Set; 27 <appendix> argL0 ; # com/android/tools/r8/ir/optimize/s0$$Lambda+0x0000000802edd2f8
instanceKlass  @bci com/android/tools/r8/ir/optimize/s0 a (Lcom/android/tools/r8/graph/j;Lcom/android/tools/r8/graph/D5;Lcom/android/tools/r8/internal/aA;)Ljava/util/Set; 8 <appendix> argL0 ; # com/android/tools/r8/ir/optimize/s0$$Lambda+0x0000000802edd0b8
instanceKlass  @bci com/android/tools/r8/internal/Bn a (Lcom/android/tools/r8/internal/aA;Lcom/android/tools/r8/ir/optimize/z;)V 76 <appendix> member <vmtarget> ; # com/android/tools/r8/internal/Bn$$Lambda+0x0000000802edce40
instanceKlass  @bci com/android/tools/r8/internal/Bn a (Lcom/android/tools/r8/internal/aA;Lcom/android/tools/r8/ir/optimize/z;)V 21 <appendix> member <vmtarget> ; # com/android/tools/r8/internal/Bn$$Lambda+0x0000000802edcbf8
instanceKlass com/android/tools/r8/internal/ns
instanceKlass com/android/tools/r8/internal/H5
instanceKlass  @bci com/android/tools/r8/internal/aA s ()Ljava/lang/Iterable; 1 <appendix> member <vmtarget> ; # com/android/tools/r8/internal/aA$$Lambda+0x0000000802edc540
instanceKlass com/android/tools/r8/ir/optimize/y
instanceKlass com/android/tools/r8/ir/optimize/z
instanceKlass com/android/tools/r8/internal/Pn0
instanceKlass com/android/tools/r8/internal/L5
instanceKlass  @bci com/android/tools/r8/internal/L1 a (Lcom/android/tools/r8/graph/y;Lcom/android/tools/r8/graph/D5;)Lcom/android/tools/r8/internal/L1; 2 <appendix> member <vmtarget> ; # com/android/tools/r8/internal/L1$$Lambda+0x0000000802ed9d58
instanceKlass com/android/tools/r8/internal/K1
instanceKlass com/android/tools/r8/internal/Dt0
instanceKlass  @bci com/android/tools/r8/internal/Ud a (Lcom/android/tools/r8/internal/aA;Lcom/android/tools/r8/internal/Gp0;)Lcom/android/tools/r8/internal/Xd; 8 <appendix> member <vmtarget> ; # com/android/tools/r8/internal/Ud$$Lambda+0x0000000802ed9460
instanceKlass com/android/tools/r8/ir/optimize/u
instanceKlass com/android/tools/r8/internal/o30
instanceKlass com/android/tools/r8/internal/t7
instanceKlass com/android/tools/r8/internal/Ls
instanceKlass  @bci com/android/tools/r8/internal/Qk0 b ()Z 66 <appendix> member <vmtarget> ; # com/android/tools/r8/internal/Qk0$$Lambda+0x0000000802ed8928
instanceKlass  @bci com/android/tools/r8/internal/Qk0 b ()Z 49 <appendix> argL0 ; # com/android/tools/r8/internal/Qk0$$Lambda+0x0000000802ed86e8
instanceKlass  @bci com/android/tools/r8/internal/Qk0 b ()Z 39 <appendix> member <vmtarget> ; # com/android/tools/r8/internal/Qk0$$Lambda+0x0000000802ed8470
instanceKlass java/util/IdentityHashMap$IdentityHashMapSpliterator
instanceKlass com/android/tools/r8/internal/Qk0
instanceKlass  @bci com/android/tools/r8/internal/or0 a (Ljava/lang/Iterable;I)V 35 <appendix> member <vmtarget> ; # com/android/tools/r8/internal/or0$$Lambda+0x0000000802ed4400
instanceKlass  @bci com/android/tools/r8/internal/fA a (Lcom/android/tools/r8/internal/aA;Lcom/android/tools/r8/internal/l20;Lcom/android/tools/r8/internal/UU$a;Lcom/android/tools/r8/internal/sV;Lcom/android/tools/r8/internal/ef;)Lcom/android/tools/r8/internal/Gp0; 910 <appendix> member <vmtarget> ; # com/android/tools/r8/internal/fA$$Lambda+0x0000000802ed4a30
instanceKlass com/android/tools/r8/internal/Zx
instanceKlass  @bci com/android/tools/r8/internal/fA a (Lcom/android/tools/r8/internal/aA;Lcom/android/tools/r8/internal/l20;Lcom/android/tools/r8/internal/UU$a;Lcom/android/tools/r8/internal/sV;Lcom/android/tools/r8/internal/ef;)Lcom/android/tools/r8/internal/Gp0; 879 <appendix> member <vmtarget> ; # com/android/tools/r8/internal/fA$$Lambda+0x0000000802ed5c58
instanceKlass com/android/tools/r8/internal/Lx
instanceKlass com/android/tools/r8/ir/optimize/t
instanceKlass com/android/tools/r8/internal/cA
instanceKlass com/android/tools/r8/internal/VI
instanceKlass com/android/tools/r8/internal/bA
instanceKlass  @bci com/android/tools/r8/internal/aA b (Ljava/util/function/Predicate;)Ljava/lang/Iterable; 2 <appendix> member <vmtarget> ; # com/android/tools/r8/internal/aA$$Lambda+0x0000000802ed7a58
instanceKlass  @bci com/android/tools/r8/internal/qq0 a (Lcom/android/tools/r8/graph/y;Lcom/android/tools/r8/internal/aA;)V 8 <appendix> argL0 ; # com/android/tools/r8/internal/qq0$$Lambda+0x0000000802ed77e8
instanceKlass com/android/tools/r8/internal/qq0
instanceKlass  @bci com/android/tools/r8/internal/Xd <clinit> ()V 22 <appendix> argL0 ; # com/android/tools/r8/internal/Xd$$Lambda+0x0000000802ed7380
instanceKlass com/android/tools/r8/internal/Wd
instanceKlass  @bci com/android/tools/r8/internal/Ud a (Lcom/android/tools/r8/internal/aA;Lcom/android/tools/r8/internal/sV;Lcom/android/tools/r8/internal/ef;Lcom/android/tools/r8/internal/Gp0;)Lcom/android/tools/r8/internal/Xd; 11 <appendix> member <vmtarget> ; # com/android/tools/r8/internal/Ud$$Lambda+0x0000000802ed6ef8
instanceKlass  @bci com/android/tools/r8/internal/or0 b ()V 77 <appendix> member <vmtarget> ; # com/android/tools/r8/internal/or0$$Lambda+0x0000000802ed6000
instanceKlass com/android/tools/r8/internal/Yz
instanceKlass com/android/tools/r8/ir/optimize/r
instanceKlass com/android/tools/r8/internal/or0
instanceKlass com/android/tools/r8/internal/O5
instanceKlass com/android/tools/r8/internal/jj
instanceKlass com/android/tools/r8/ir/optimize/a
instanceKlass com/android/tools/r8/internal/aA
instanceKlass com/android/tools/r8/internal/eA
instanceKlass com/android/tools/r8/internal/Ih
instanceKlass com/android/tools/r8/internal/tD
instanceKlass com/android/tools/r8/internal/N5
instanceKlass  @bci com/android/tools/r8/internal/Oa a (Lcom/android/tools/r8/internal/Vz;IZ)V 916 <appendix> member <vmtarget> ; # com/android/tools/r8/internal/Oa$$Lambda+0x0000000802ed04f0
instanceKlass  @cpi com/android/tools/r8/internal/Oa 779 form vmentry <vmtarget> ; # java/lang/invoke/LambdaForm$DMH+0x0000000802ed4000
instanceKlass com/android/tools/r8/internal/oG
instanceKlass com/android/tools/r8/internal/Jf
instanceKlass com/android/tools/r8/internal/V10
instanceKlass com/android/tools/r8/internal/Jt0
instanceKlass com/android/tools/r8/internal/Uz
instanceKlass com/android/tools/r8/internal/Yo
instanceKlass  @bci com/android/tools/r8/internal/B40$b c (Lcom/android/tools/r8/internal/ko0;)V 20 <appendix> argL0 ; # com/android/tools/r8/internal/B40$b$$Lambda+0x0000000802ec6948
instanceKlass  @bci com/android/tools/r8/internal/B40$b c (Lcom/android/tools/r8/internal/ko0;)V 1 <appendix> argL0 ; # com/android/tools/r8/internal/B40$b$$Lambda+0x0000000802ec6708
instanceKlass  @bci com/android/tools/r8/internal/B40$b m ()Lcom/android/tools/r8/internal/io0; 0 <appendix> argL0 ; # com/android/tools/r8/internal/B40$b$$Lambda+0x0000000802ec64c8
instanceKlass com/android/tools/r8/internal/PF
instanceKlass com/android/tools/r8/graph/proto/b
instanceKlass com/android/tools/r8/internal/HE
instanceKlass com/android/tools/r8/internal/Rm
instanceKlass com/android/tools/r8/ir/optimize/E
instanceKlass com/android/tools/r8/internal/tt0
instanceKlass com/android/tools/r8/internal/ja0
instanceKlass com/android/tools/r8/internal/fH
instanceKlass  @bci com/android/tools/r8/internal/Dd a (Lcom/android/tools/r8/graph/J2;Lcom/android/tools/r8/internal/qZ;)Lcom/android/tools/r8/internal/Dd; 3 <appendix> member <vmtarget> ; # com/android/tools/r8/internal/Dd$$Lambda+0x0000000802ec2c40
instanceKlass com/android/tools/r8/internal/rZ
instanceKlass  @bci com/android/tools/r8/graph/B1 a (Lcom/android/tools/r8/graph/J2;Lcom/android/tools/r8/internal/qZ;Lcom/android/tools/r8/graph/y;)Lcom/android/tools/r8/internal/yb0; 173 <appendix> member <vmtarget> ; # com/android/tools/r8/graph/B1$$Lambda+0x0000000802ec27a8
instanceKlass  @bci com/android/tools/r8/internal/Oa b (Lcom/android/tools/r8/internal/Vz;)V 169 <appendix> member <vmtarget> ; # com/android/tools/r8/internal/Oa$$Lambda+0x0000000802ec2550
instanceKlass com/android/tools/r8/internal/Va
instanceKlass com/android/tools/r8/internal/Ma
instanceKlass com/android/tools/r8/internal/Na
instanceKlass com/android/tools/r8/internal/sb0
instanceKlass com/android/tools/r8/internal/wG
instanceKlass com/android/tools/r8/internal/z8
instanceKlass com/android/tools/r8/internal/K5
instanceKlass com/android/tools/r8/internal/Qz
instanceKlass com/android/tools/r8/internal/hA
instanceKlass com/android/tools/r8/internal/Q
instanceKlass com/android/tools/r8/internal/HF
instanceKlass com/android/tools/r8/internal/rF
instanceKlass com/android/tools/r8/internal/Vz
instanceKlass  @bci com/android/tools/r8/internal/B40 a (Lcom/android/tools/r8/internal/ko0;)V 41 <appendix> argL0 ; # com/android/tools/r8/internal/B40$$Lambda+0x0000000802eb4300
instanceKlass  @bci com/android/tools/r8/internal/B40 a (Lcom/android/tools/r8/internal/ko0;)V 33 <appendix> argL0 ; # com/android/tools/r8/internal/B40$$Lambda+0x0000000802eb4090
instanceKlass  @bci com/android/tools/r8/internal/B40 a (Lcom/android/tools/r8/internal/ko0;)V 25 <appendix> argL0 ; # com/android/tools/r8/internal/B40$$Lambda+0x0000000802eb3e30
instanceKlass  @bci com/android/tools/r8/internal/B40 a (Lcom/android/tools/r8/internal/ko0;)V 17 <appendix> argL0 ; # com/android/tools/r8/internal/B40$$Lambda+0x0000000802eb3bd0
instanceKlass  @bci com/android/tools/r8/internal/B40 a (Lcom/android/tools/r8/internal/ko0;)V 9 <appendix> argL0 ; # com/android/tools/r8/internal/B40$$Lambda+0x0000000802eb3990
instanceKlass  @bci com/android/tools/r8/internal/B40 a (Lcom/android/tools/r8/internal/ko0;)V 1 <appendix> argL0 ; # com/android/tools/r8/internal/B40$$Lambda+0x0000000802eb3750
instanceKlass  @bci com/android/tools/r8/internal/B40$c m ()Lcom/android/tools/r8/internal/io0; 0 <appendix> argL0 ; # com/android/tools/r8/internal/B40$c$$Lambda+0x0000000802eb3510
instanceKlass com/android/tools/r8/internal/v8
instanceKlass com/android/tools/r8/internal/bb
instanceKlass com/android/tools/r8/internal/mG
instanceKlass com/android/tools/r8/internal/Oa
instanceKlass com/android/tools/r8/internal/YD
instanceKlass  @bci com/android/tools/r8/internal/Nf a (Lcom/android/tools/r8/graph/x2;Lcom/android/tools/r8/internal/A8;)Lcom/android/tools/r8/internal/r9; 4 <appendix> member <vmtarget> ; # com/android/tools/r8/internal/Nf$$Lambda+0x0000000802eb06d0
instanceKlass  @bci com/android/tools/r8/internal/Nf a (Lcom/android/tools/r8/graph/y;Lcom/android/tools/r8/graph/J2;Lcom/android/tools/r8/internal/A8;Ljava/util/function/BiFunction;)Lcom/android/tools/r8/internal/r9; 11 <appendix> member <vmtarget> ; # com/android/tools/r8/internal/Nf$$Lambda+0x0000000802eb0478
instanceKlass  @bci com/android/tools/r8/internal/r9 a (Lcom/android/tools/r8/graph/y;Lcom/android/tools/r8/internal/A8;Lcom/android/tools/r8/graph/J2;)Lcom/android/tools/r8/internal/r9; 2 <appendix> argL0 ; # com/android/tools/r8/internal/r9$$Lambda+0x0000000802eb0228
instanceKlass com/android/tools/r8/internal/Ix
instanceKlass com/android/tools/r8/internal/Ht0
instanceKlass  @bci com/android/tools/r8/internal/X9 a (Lcom/android/tools/r8/internal/r9;Lcom/android/tools/r8/graph/y;Lcom/android/tools/r8/internal/A8;)Lcom/android/tools/r8/internal/r9; 14 <appendix> member <vmtarget> ; # com/android/tools/r8/internal/X9$$Lambda+0x0000000802eafb80
instanceKlass com/android/tools/r8/internal/K8
instanceKlass com/android/tools/r8/internal/N8
instanceKlass com/android/tools/r8/internal/v9
instanceKlass com/android/tools/r8/internal/u9
instanceKlass com/android/tools/r8/graph/F
instanceKlass com/android/tools/r8/ir/optimize/s0
instanceKlass com/android/tools/r8/internal/Mh
instanceKlass com/android/tools/r8/internal/N20
instanceKlass com/android/tools/r8/internal/t30
instanceKlass com/android/tools/r8/internal/e2
instanceKlass com/android/tools/r8/internal/Gt0
instanceKlass com/android/tools/r8/internal/os0
instanceKlass  @bci com/android/tools/r8/D8 d (Lcom/android/tools/r8/utils/j;Lcom/android/tools/r8/utils/w;Ljava/util/concurrent/ExecutorService;)V 225 <appendix> member <vmtarget> ; # com/android/tools/r8/D8$$Lambda+0x0000000802eab388
instanceKlass  @bci com/android/tools/r8/internal/tc <init> (Lcom/android/tools/r8/graph/y;)V 50 <appendix> member <vmtarget> ; # com/android/tools/r8/internal/tc$$Lambda+0x0000000802eab120
instanceKlass com/android/tools/r8/internal/qt
instanceKlass com/android/tools/r8/internal/tt
instanceKlass  @bci com/android/tools/r8/synthesis/I a (Lcom/android/tools/r8/graph/y;Lcom/android/tools/r8/synthesis/b;)V 18 <appendix> member <vmtarget> ; # com/android/tools/r8/synthesis/I$$Lambda+0x0000000802eaa748
instanceKlass  @bci com/android/tools/r8/internal/lT a (Ljava/util/function/Supplier;)Ljava/util/function/Function; 1 <appendix> member <vmtarget> ; # com/android/tools/r8/internal/lT$$Lambda+0x0000000802eaa4e0
instanceKlass  @bci com/android/tools/r8/shaking/k a (Lcom/android/tools/r8/graph/s2;)Lcom/android/tools/r8/internal/C4; 5 <appendix> argL0 ; # com/android/tools/r8/shaking/k$$Lambda+0x0000000802eaa2a0
instanceKlass  @bci com/android/tools/r8/D8 a (Lcom/android/tools/r8/utils/j;Lcom/android/tools/r8/utils/w;Ljava/util/concurrent/ExecutorService;Lcom/android/tools/r8/internal/Gp0;)Lcom/android/tools/r8/graph/y; 72 <appendix> member <vmtarget> ; # com/android/tools/r8/D8$$Lambda+0x0000000802eaa058
instanceKlass  @bci com/android/tools/r8/D8 a (Lcom/android/tools/r8/utils/j;Lcom/android/tools/r8/utils/w;Ljava/util/concurrent/ExecutorService;Lcom/android/tools/r8/internal/Gp0;)Lcom/android/tools/r8/graph/y; 56 <appendix> member <vmtarget> ; # com/android/tools/r8/D8$$Lambda+0x0000000802ea9e10
instanceKlass  @bci com/android/tools/r8/D8 run (Lcom/android/tools/r8/D8Command;Ljava/util/concurrent/ExecutorService;)V 17 <appendix> member <vmtarget> ; # com/android/tools/r8/D8$$Lambda+0x0000000802ea9bc8
instanceKlass com/android/tools/r8/internal/b60
instanceKlass com/android/tools/r8/internal/KC
instanceKlass com/android/tools/r8/inspector/Inspector
instanceKlass  @bci com/android/tools/r8/D8Command b ()Lcom/android/tools/r8/utils/w; 286 <appendix> member <vmtarget> ; # com/android/tools/r8/D8Command$$Lambda+0x0000000802ea92d0
instanceKlass com/android/tools/r8/internal/eT
instanceKlass  @bci com/android/tools/r8/D8Command b ()Lcom/android/tools/r8/utils/w; 273 <appendix> argL0 ; # com/android/tools/r8/D8Command$$Lambda+0x0000000802ea8e48
instanceKlass com/android/tools/r8/retrace/ProguardMapProducer
instanceKlass com/android/tools/r8/Y
instanceKlass com/android/tools/r8/D8
instanceKlass com/android/tools/r8/naming/N
instanceKlass com/android/tools/r8/dex/i0
instanceKlass com/android/tools/r8/dex/X
instanceKlass com/android/tools/r8/dex/r
instanceKlass com/android/tools/r8/dex/k
instanceKlass  @bci com/android/tools/r8/graph/R3 a (Ljava/util/List;)Ljava/util/List; 3 <appendix> member <vmtarget> ; # com/android/tools/r8/graph/R3$$Lambda+0x0000000802ea2258
instanceKlass  @bci com/android/tools/r8/graph/R3 c (Ljava/util/List;)Ljava/util/List; 25 <appendix> member <vmtarget> ; # com/android/tools/r8/graph/R3$$Lambda+0x0000000802ea2000
instanceKlass com/android/tools/r8/internal/ca
instanceKlass com/android/tools/r8/ByteDataView
instanceKlass  @bci com/android/tools/r8/internal/D8 a (Lcom/android/tools/r8/graph/E2;Lcom/android/tools/r8/ClassFileConsumer;Lcom/android/tools/r8/internal/jQ;Ljava/util/Optional;Lcom/android/tools/r8/SourceFileEnvironment;)V 1871 <appendix> member <vmtarget> ; # com/android/tools/r8/internal/D8$$Lambda+0x0000000802ea7908
instanceKlass  @bci com/android/tools/r8/graph/R3 d (Ljava/util/List;)Ljava/util/List; 14 <appendix> member <vmtarget> ; # com/android/tools/r8/graph/R3$$Lambda+0x0000000802ea7498
instanceKlass  @bci com/android/tools/r8/internal/TY a (Lcom/android/tools/r8/graph/x2;Lcom/android/tools/r8/graph/x2;Lcom/android/tools/r8/internal/JI;Lcom/android/tools/r8/internal/Fy;Lcom/android/tools/r8/internal/Ey;)Lcom/android/tools/r8/internal/cV; 38 <appendix> member <vmtarget> ; # com/android/tools/r8/internal/TY$$Lambda+0x0000000802ea7250
instanceKlass  @bci com/android/tools/r8/internal/TY a (Lcom/android/tools/r8/graph/x2;Lcom/android/tools/r8/graph/x2;Lcom/android/tools/r8/internal/JI;Lcom/android/tools/r8/internal/Fy;)Lcom/android/tools/r8/internal/cV; 132 <appendix> argL0 ; # com/android/tools/r8/internal/TY$$Lambda+0x0000000802ea7010
instanceKlass com/android/tools/r8/internal/Ey
instanceKlass com/android/tools/r8/internal/J
instanceKlass com/android/tools/r8/internal/ND
instanceKlass com/android/tools/r8/internal/CD
instanceKlass com/android/tools/r8/graph/proto/d
instanceKlass com/android/tools/r8/graph/proto/c
instanceKlass com/android/tools/r8/internal/WE
instanceKlass com/android/tools/r8/graph/proto/j
instanceKlass  @bci com/android/tools/r8/internal/zX b (Lcom/android/tools/r8/internal/tv;)Lcom/android/tools/r8/internal/tv; 249 <appendix> member <vmtarget> ; # com/android/tools/r8/internal/zX$$Lambda+0x0000000802e9f080
instanceKlass  @bci com/android/tools/r8/internal/zX b (Lcom/android/tools/r8/internal/tv;)Lcom/android/tools/r8/internal/tv; 240 <appendix> member <vmtarget> ; # com/android/tools/r8/internal/zX$$Lambda+0x0000000802e9ee18
instanceKlass  @bci com/android/tools/r8/internal/TY a (Lcom/android/tools/r8/graph/l1;Lcom/android/tools/r8/internal/Fy;Lcom/android/tools/r8/internal/Dy;)Lcom/android/tools/r8/internal/tv; 22 <appendix> member <vmtarget> ; # com/android/tools/r8/internal/TY$$Lambda+0x0000000802e9ebd0
instanceKlass  @bci com/android/tools/r8/internal/Fy f (Lcom/android/tools/r8/internal/Fy;Lcom/android/tools/r8/graph/l1;)Lcom/android/tools/r8/internal/tv; 2 <appendix> argL0 ; # com/android/tools/r8/internal/Fy$$Lambda+0x0000000802e9e990
instanceKlass com/android/tools/r8/internal/Dy
instanceKlass  @bci com/android/tools/r8/internal/D8 c (Lcom/android/tools/r8/internal/pb;Lcom/android/tools/r8/internal/jQ;Lcom/android/tools/r8/internal/Hd;Lcom/android/tools/r8/internal/iB;Lcom/android/tools/r8/graph/D5;)V 695 <appendix> member <vmtarget> ; # com/android/tools/r8/internal/D8$$Lambda+0x0000000802e9e528
instanceKlass  @bci com/android/tools/r8/internal/D8 c (Lcom/android/tools/r8/internal/pb;Lcom/android/tools/r8/internal/jQ;Lcom/android/tools/r8/internal/Hd;Lcom/android/tools/r8/internal/iB;Lcom/android/tools/r8/graph/D5;)V 689 <appendix> member <vmtarget> ; # com/android/tools/r8/internal/D8$$Lambda+0x0000000802e9e2e0
instanceKlass com/android/tools/r8/internal/ex
instanceKlass  @bci com/android/tools/r8/internal/D8 a (Lcom/android/tools/r8/graph/E2;Lcom/android/tools/r8/ClassFileConsumer;Lcom/android/tools/r8/internal/jQ;Ljava/util/Optional;Lcom/android/tools/r8/SourceFileEnvironment;)V 1843 <appendix> member <vmtarget> ; # com/android/tools/r8/internal/D8$$Lambda+0x0000000802e9dc18
instanceKlass  @bci com/android/tools/r8/internal/D8 a (Lcom/android/tools/r8/graph/g1;Lcom/android/tools/r8/internal/Hd;)V 184 <appendix> member <vmtarget> ; # com/android/tools/r8/internal/D8$$Lambda+0x0000000802e9d9d0
instanceKlass  @cpi com/android/tools/r8/internal/D8 938 form vmentry <vmtarget> ; # java/lang/invoke/LambdaForm$DMH+0x0000000802ea0800
instanceKlass  @bci com/android/tools/r8/internal/D8 a (Lcom/android/tools/r8/graph/g1;Lcom/android/tools/r8/internal/Hd;)V 178 <appendix> member <vmtarget> ; # com/android/tools/r8/internal/D8$$Lambda+0x0000000802e9d788
instanceKlass  @cpi com/android/tools/r8/internal/D8 933 form vmentry <vmtarget> ; # java/lang/invoke/LambdaForm$DMH+0x0000000802ea0400
instanceKlass  @bci com/android/tools/r8/internal/D8 a (Lcom/android/tools/r8/graph/E2;Lcom/android/tools/r8/ClassFileConsumer;Lcom/android/tools/r8/internal/jQ;Ljava/util/Optional;Lcom/android/tools/r8/SourceFileEnvironment;)V 818 <appendix> member <vmtarget> ; # com/android/tools/r8/internal/D8$$Lambda+0x0000000802e9d540
instanceKlass  @cpi com/android/tools/r8/internal/D8 527 form vmentry <vmtarget> ; # java/lang/invoke/LambdaForm$DMH+0x0000000802ea0000
instanceKlass com/android/tools/r8/internal/wr0
instanceKlass com/android/tools/r8/internal/C8
instanceKlass  @bci com/android/tools/r8/internal/D8 a (Lcom/android/tools/r8/graph/E2;Lcom/android/tools/r8/ClassFileConsumer;Lcom/android/tools/r8/internal/jQ;Ljava/util/Optional;Lcom/android/tools/r8/SourceFileEnvironment;)V 811 <appendix> member <vmtarget> ; # com/android/tools/r8/internal/D8$$Lambda+0x0000000802e9cea8
instanceKlass com/android/tools/r8/internal/B8
instanceKlass  @bci com/android/tools/r8/graph/R3 e (Ljava/util/List;)Ljava/util/List; 3 <appendix> member <vmtarget> ; # com/android/tools/r8/graph/R3$$Lambda+0x0000000802e9ca30
instanceKlass com/android/tools/r8/graph/R3
instanceKlass com/android/tools/r8/internal/Co0
instanceKlass com/android/tools/r8/internal/Ny
instanceKlass com/android/tools/r8/internal/Eo0
instanceKlass com/android/tools/r8/internal/c8
instanceKlass com/android/tools/r8/internal/jQ
instanceKlass com/android/tools/r8/internal/MJ
instanceKlass  @bci com/android/tools/r8/dex/W toString ()Ljava/lang/String; 35 <appendix> member <vmtarget> ; # com/android/tools/r8/dex/W$$Lambda+0x0000000802e9a900
instanceKlass  @bci com/android/tools/r8/dex/W toString ()Ljava/lang/String; 21 <appendix> argL0 ; # com/android/tools/r8/dex/W$$Lambda+0x0000000802e9a6a0
instanceKlass  @bci com/android/tools/r8/internal/D8 b (Lcom/android/tools/r8/ClassFileConsumer;Lcom/android/tools/r8/utils/j;)V 153 <appendix> argL0 ; # com/android/tools/r8/internal/D8$$Lambda+0x0000000802e9a440
instanceKlass  @bci com/android/tools/r8/internal/D8 b (Lcom/android/tools/r8/ClassFileConsumer;Lcom/android/tools/r8/utils/j;)V 145 <appendix> member <vmtarget> ; # com/android/tools/r8/internal/D8$$Lambda+0x0000000802e9a1c8
instanceKlass  @bci com/android/tools/r8/internal/W40 a (Ljava/util/function/Function;)Ljava/util/function/Predicate; 1 <appendix> member <vmtarget> ; # com/android/tools/r8/internal/W40$$Lambda+0x0000000802e99f50
instanceKlass  @bci com/android/tools/r8/internal/D8 <init> (Lcom/android/tools/r8/graph/y;Lcom/android/tools/r8/dex/W;)V 46 <appendix> member <vmtarget> ; # com/android/tools/r8/internal/D8$$Lambda+0x0000000802e99ce8
instanceKlass com/android/tools/r8/internal/QH
instanceKlass com/android/tools/r8/SourceFileEnvironment
instanceKlass com/android/tools/r8/internal/M20
instanceKlass com/android/tools/r8/internal/D8
instanceKlass  @bci com/android/tools/r8/graph/S3 b (Ljava/util/List;)Ljava/util/List; 13 <appendix> member <vmtarget> ; # com/android/tools/r8/graph/S3$$Lambda+0x0000000802e984d0
instanceKlass  @bci com/android/tools/r8/graph/S3 a (Ljava/util/List;)Ljava/util/List; 13 <appendix> member <vmtarget> ; # com/android/tools/r8/graph/S3$$Lambda+0x0000000802e98268
instanceKlass  @bci com/android/tools/r8/graph/S3 c (Ljava/util/List;)Ljava/util/List; 13 <appendix> member <vmtarget> ; # com/android/tools/r8/graph/S3$$Lambda+0x0000000802e98000
instanceKlass  @bci com/android/tools/r8/graph/S3 a (Ljava/util/List;Ljava/util/List;Lcom/android/tools/r8/graph/J2;)V 2 <appendix> member <vmtarget> ; # com/android/tools/r8/graph/S3$$Lambda+0x0000000802e97c48
instanceKlass  @bci com/android/tools/r8/graph/S3 e (Ljava/util/List;)Ljava/util/List; 50 <appendix> member <vmtarget> ; # com/android/tools/r8/graph/S3$$Lambda+0x0000000802e979f0
instanceKlass  @bci com/android/tools/r8/graph/S3 e (Ljava/util/List;)Ljava/util/List; 13 <appendix> member <vmtarget> ; # com/android/tools/r8/graph/S3$$Lambda+0x0000000802e97788
instanceKlass  @bci com/android/tools/r8/graph/S3 d (Ljava/util/List;)Ljava/util/List; 13 <appendix> member <vmtarget> ; # com/android/tools/r8/graph/S3$$Lambda+0x0000000802e97520
instanceKlass  @bci com/android/tools/r8/internal/xy a (Ljava/util/function/Predicate;Ljava/util/function/BiPredicate;Ljava/util/function/Predicate;Lcom/android/tools/r8/graph/E2;)V 148 <appendix> member <vmtarget> ; # com/android/tools/r8/internal/xy$$Lambda+0x0000000802e972c8
instanceKlass  @bci com/android/tools/r8/internal/xy a (Ljava/util/function/Predicate;Ljava/util/function/BiPredicate;Ljava/util/function/Predicate;Lcom/android/tools/r8/graph/E2;)V 140 <appendix> member <vmtarget> ; # com/android/tools/r8/internal/xy$$Lambda+0x0000000802e97070
instanceKlass com/android/tools/r8/graph/Q3
instanceKlass  @bci com/android/tools/r8/internal/QR a (Ljava/util/List;Ljava/util/function/Function;Ljava/util/List;)Ljava/util/List; 2 <appendix> member <vmtarget> ; # com/android/tools/r8/internal/QR$$Lambda+0x0000000802e96b80
instanceKlass com/android/tools/r8/internal/QG
instanceKlass  @bci com/android/tools/r8/graph/S3 a (Lcom/android/tools/r8/graph/J2;Lcom/android/tools/r8/graph/J2;Ljava/util/List;)Ljava/util/List; 48 <appendix> member <vmtarget> ; # com/android/tools/r8/graph/S3$$Lambda+0x0000000802e966f8
instanceKlass com/android/tools/r8/graph/I3
instanceKlass  @bci com/android/tools/r8/internal/Fy d (Lcom/android/tools/r8/internal/Fy;Lcom/android/tools/r8/graph/J2;)Lcom/android/tools/r8/graph/J2; 7 <appendix> argL0 ; # com/android/tools/r8/internal/Fy$$Lambda+0x0000000802e96258
instanceKlass  @bci com/android/tools/r8/internal/Fy d (Lcom/android/tools/r8/internal/Fy;Lcom/android/tools/r8/graph/J2;)Lcom/android/tools/r8/graph/J2; 2 <appendix> argL0 ; # com/android/tools/r8/internal/Fy$$Lambda+0x0000000802e96008
instanceKlass com/android/tools/r8/graph/S3
instanceKlass  @bci com/android/tools/r8/graph/T3 <init> (Lcom/android/tools/r8/graph/y;Lcom/android/tools/r8/graph/E2;Ljava/util/function/Predicate;)V 45 <appendix> member <vmtarget> ; # com/android/tools/r8/graph/T3$$Lambda+0x0000000802e95b00
instanceKlass com/android/tools/r8/graph/T3
instanceKlass  @bci com/android/tools/r8/internal/xy a (Ljava/util/Collection;Ljava/util/concurrent/ExecutorService;)V 119 <appendix> member <vmtarget> ; # com/android/tools/r8/internal/xy$$Lambda+0x0000000802e95668
instanceKlass  @bci com/android/tools/r8/internal/xy a (Ljava/util/Collection;Ljava/util/concurrent/ExecutorService;)V 106 <appendix> member <vmtarget> ; # com/android/tools/r8/internal/xy$$Lambda+0x0000000802e953f0
instanceKlass  @bci com/android/tools/r8/internal/xy a (Ljava/util/Collection;Ljava/util/concurrent/ExecutorService;)V 99 <appendix> member <vmtarget> ; # com/android/tools/r8/internal/xy$$Lambda+0x0000000802e95178
instanceKlass  @bci com/android/tools/r8/internal/xy a (Ljava/util/Collection;Ljava/util/concurrent/ExecutorService;)V 93 <appendix> member <vmtarget> ; # com/android/tools/r8/internal/xy$$Lambda+0x0000000802e94f00
instanceKlass com/android/tools/r8/graph/X3
instanceKlass com/android/tools/r8/internal/xy
instanceKlass  @bci com/android/tools/r8/naming/W0 a (Lcom/android/tools/r8/graph/y;Lcom/android/tools/r8/graph/J2;Lcom/android/tools/r8/graph/J2;Ljava/util/IdentityHashMap;)V 147 <appendix> member <vmtarget> ; # com/android/tools/r8/naming/W0$$Lambda+0x0000000802e94858
instanceKlass  @bci com/android/tools/r8/synthesis/I b (Lcom/android/tools/r8/graph/J2;Ljava/util/Set;Lcom/android/tools/r8/graph/J2;Ljava/util/List;)V 4 <appendix> member <vmtarget> ; # com/android/tools/r8/synthesis/I$$Lambda+0x0000000802e94600
instanceKlass  @bci com/android/tools/r8/synthesis/I a (Lcom/android/tools/r8/graph/J2;)Ljava/util/Set; 33 <appendix> member <vmtarget> ; # com/android/tools/r8/synthesis/I$$Lambda+0x0000000802e943a8
instanceKlass  @bci com/android/tools/r8/synthesis/I a (Lcom/android/tools/r8/graph/J2;Ljava/util/Set;Lcom/android/tools/r8/graph/J2;Ljava/util/List;)V 4 <appendix> member <vmtarget> ; # com/android/tools/r8/synthesis/I$$Lambda+0x0000000802e94150
instanceKlass  @bci com/android/tools/r8/synthesis/I a (Lcom/android/tools/r8/graph/J2;)Ljava/util/Set; 15 <appendix> member <vmtarget> ; # com/android/tools/r8/synthesis/I$$Lambda+0x0000000802e93ef8
instanceKlass  @bci com/android/tools/r8/naming/W0 a (Lcom/android/tools/r8/graph/B1;Lcom/android/tools/r8/graph/E2;)V 2 <appendix> member <vmtarget> ; # com/android/tools/r8/naming/W0$$Lambda+0x0000000802e93c80
instanceKlass  @bci com/android/tools/r8/naming/W0 a (Lcom/android/tools/r8/graph/y;)Lcom/android/tools/r8/naming/r0; 57 <appendix> member <vmtarget> ; # com/android/tools/r8/naming/W0$$Lambda+0x0000000802e93a28
instanceKlass  @bci com/android/tools/r8/shaking/l a (Lcom/android/tools/r8/graph/K5;Lcom/android/tools/r8/internal/Gp0;)Lcom/android/tools/r8/shaking/l; 20 <appendix> member <vmtarget> ; # com/android/tools/r8/shaking/l$$Lambda+0x0000000802e93558
instanceKlass  @bci com/android/tools/r8/shaking/b2 a (Lcom/android/tools/r8/graph/K5;)Lcom/android/tools/r8/shaking/b2; 90 <appendix> member <vmtarget> ; # com/android/tools/r8/shaking/b2$$Lambda+0x0000000802e93300
instanceKlass  @bci com/android/tools/r8/shaking/b2 a (Lcom/android/tools/r8/graph/K5;)Lcom/android/tools/r8/shaking/b2; 74 <appendix> member <vmtarget> ; # com/android/tools/r8/shaking/b2$$Lambda+0x0000000802e930a8
instanceKlass  @bci com/android/tools/r8/shaking/b2 a (Lcom/android/tools/r8/graph/K5;)Lcom/android/tools/r8/shaking/b2; 58 <appendix> member <vmtarget> ; # com/android/tools/r8/shaking/b2$$Lambda+0x0000000802e92e50
instanceKlass  @bci com/android/tools/r8/shaking/b2 a (Lcom/android/tools/r8/graph/K5;)Lcom/android/tools/r8/shaking/b2; 25 <appendix> member <vmtarget> ; # com/android/tools/r8/shaking/b2$$Lambda+0x0000000802e92bf8
instanceKlass  @bci com/android/tools/r8/shaking/b2 b (Lcom/android/tools/r8/synthesis/I;Lcom/android/tools/r8/internal/Fy;)Lcom/android/tools/r8/shaking/b2; 78 <appendix> member <vmtarget> ; # com/android/tools/r8/shaking/b2$$Lambda+0x0000000802e929a0
instanceKlass  @bci com/android/tools/r8/shaking/b2 b (Lcom/android/tools/r8/synthesis/I;Lcom/android/tools/r8/internal/Fy;)Lcom/android/tools/r8/shaking/b2; 61 <appendix> member <vmtarget> ; # com/android/tools/r8/shaking/b2$$Lambda+0x0000000802e92748
instanceKlass  @bci com/android/tools/r8/shaking/b2 b (Lcom/android/tools/r8/synthesis/I;Lcom/android/tools/r8/internal/Fy;)Lcom/android/tools/r8/shaking/b2; 45 <appendix> member <vmtarget> ; # com/android/tools/r8/shaking/b2$$Lambda+0x0000000802e924f0
instanceKlass  @bci com/android/tools/r8/shaking/b2 b (Lcom/android/tools/r8/synthesis/I;Lcom/android/tools/r8/internal/Fy;)Lcom/android/tools/r8/shaking/b2; 10 <appendix> member <vmtarget> ; # com/android/tools/r8/shaking/b2$$Lambda+0x0000000802e92298
instanceKlass  @bci com/android/tools/r8/shaking/b2 a (Lcom/android/tools/r8/synthesis/I;Lcom/android/tools/r8/internal/Fy;Lcom/android/tools/r8/internal/Gp0;)Lcom/android/tools/r8/shaking/b2; 4 <appendix> member <vmtarget> ; # com/android/tools/r8/shaking/b2$$Lambda+0x0000000802e92050
instanceKlass com/android/tools/r8/synthesis/w
instanceKlass  @bci com/android/tools/r8/synthesis/y a (Lcom/android/tools/r8/graph/y;Lcom/android/tools/r8/internal/Gp0;)Lcom/android/tools/r8/synthesis/w; 366 <appendix> member <vmtarget> ; # com/android/tools/r8/synthesis/y$$Lambda+0x0000000802e91bc8
instanceKlass com/android/tools/r8/shaking/Z1
instanceKlass  @bci com/android/tools/r8/synthesis/y a (Lcom/android/tools/r8/synthesis/x;Ljava/util/function/Consumer;)V 6 <appendix> member <vmtarget> ; # com/android/tools/r8/synthesis/y$$Lambda+0x0000000802e91740
instanceKlass  @bci com/android/tools/r8/internal/Yi0 b (Lcom/android/tools/r8/internal/Yw;)Lcom/android/tools/r8/internal/LB; 14 <appendix> member <vmtarget> ; # com/android/tools/r8/internal/Yi0$$Lambda+0x0000000802e91o 5 123 0 com/android/tools/r8/internal/vk0 hasNext ()Z 5 189 0 java/util/Collections$EmptyMap isEmpty ()Z 5 197 0 java/util/Collections emptyMap ()Ljava/util/Map;
